-- Adminer 4.3.1 MySQL dump

SET NAMES utf8;
SET time_zone = '+00:00';
SET foreign_key_checks = 0;
SET sql_mode = 'NO_AUTO_VALUE_ON_ZERO';

DROP TABLE IF EXISTS `academic_sessions`;
CREATE TABLE `academic_sessions` (
  `sessionId` int(11) NOT NULL AUTO_INCREMENT,
  `sessionName` varchar(20) NOT NULL,
  PRIMARY KEY (`sessionId`),
  UNIQUE KEY `sessionName` (`sessionName`)
) ENGINE=InnoDB AUTO_INCREMENT=4 DEFAULT CHARSET=latin1;

INSERT INTO `academic_sessions` (`sessionId`, `sessionName`) VALUES
(3,	'2016-17'),
(1,	'2017-18'),
(2,	'2018-19');

DROP TABLE IF EXISTS `account_deatils`;
CREATE TABLE `account_deatils` (
  `id` int(11) NOT NULL AUTO_INCREMENT,
  `date` date NOT NULL,
  `checquNumber` varchar(30) NOT NULL,
  `description` varchar(200) NOT NULL,
  `type` varchar(15) NOT NULL,
  `amount` double NOT NULL,
  `finalBalance` double NOT NULL,
  `accountName` varchar(50) NOT NULL,
  PRIMARY KEY (`id`)
) ENGINE=InnoDB AUTO_INCREMENT=35 DEFAULT CHARSET=latin1;

INSERT INTO `account_deatils` (`id`, `date`, `checquNumber`, `description`, `type`, `amount`, `finalBalance`, `accountName`) VALUES
(24,	'2018-05-09',	'234567894567',	'Mobile Purchase',	'expenditure',	420,	580,	'Main'),
(25,	'2018-05-09',	'234567894567',	'Mobile Purchase',	'expenditure',	420,	160,	'Main'),
(26,	'2018-05-09',	'234567894567',	'Mobile Purchase',	'expenditure',	420,	-260,	'Main'),
(27,	'2018-05-09',	'234567894567',	'Mobile Purchase',	'expenditure',	420,	-680,	'Main'),
(28,	'2018-05-09',	'234567894567',	'Mobile Sell',	'income',	680,	0,	'Main'),
(29,	'2018-05-09',	'234567894567',	'Mobile Sell',	'income',	680,	680,	'Main'),
(30,	'2018-05-09',	'234567894567',	'Mobile Sell',	'income',	680,	1360,	'Main'),
(31,	'2018-05-09',	'234567894567',	'Mobile Sell',	'income',	680,	2040,	'Main'),
(32,	'2018-05-09',	'234567894567',	'Mobile Sell',	'income',	680,	2720,	'Main'),
(33,	'2018-05-09',	'234567894567',	'Mobile Sell',	'income',	680,	3400,	'Main'),
(34,	'2018-05-09',	'234567894567',	'Mobile Sell',	'income',	680,	4080,	'Main');

DROP TABLE IF EXISTS `account_name`;
CREATE TABLE `account_name` (
  `id` int(11) NOT NULL AUTO_INCREMENT,
  `acName` varchar(60) NOT NULL,
  `iniAmount` int(11) NOT NULL,
  PRIMARY KEY (`id`)
) ENGINE=InnoDB AUTO_INCREMENT=5 DEFAULT CHARSET=latin1;

INSERT INTO `account_name` (`id`, `acName`, `iniAmount`) VALUES
(1,	'Main',	1000),
(2,	'Fees',	0),
(3,	'Library',	0),
(4,	'Transport',	100);

DROP TABLE IF EXISTS `addresses`;
CREATE TABLE `addresses` (
  `addressId` int(11) NOT NULL AUTO_INCREMENT,
  `addressType` varchar(30) CHARACTER SET utf8 NOT NULL,
  `userId` varchar(50) NOT NULL,
  `country` varchar(50) CHARACTER SET utf8 DEFAULT NULL,
  `state` varchar(50) CHARACTER SET utf8 DEFAULT NULL,
  `city` varchar(50) CHARACTER SET utf8 DEFAULT NULL,
  `division` varchar(50) CHARACTER SET utf8 DEFAULT NULL,
  `district` varchar(50) CHARACTER SET utf8 DEFAULT NULL,
  `upazilla` varchar(50) CHARACTER SET utf8 DEFAULT NULL,
  `thana` varchar(50) CHARACTER SET utf8 DEFAULT NULL,
  `postOffice` varchar(50) CHARACTER SET utf8 DEFAULT NULL,
  `postcode` varchar(50) CHARACTER SET utf8 DEFAULT NULL,
  `address` varchar(120) CHARACTER SET utf8 DEFAULT NULL,
  `created_at` datetime NOT NULL DEFAULT CURRENT_TIMESTAMP,
  PRIMARY KEY (`addressId`)
) ENGINE=InnoDB AUTO_INCREMENT=12 DEFAULT CHARSET=latin1;

INSERT INTO `addresses` (`addressId`, `addressType`, `userId`, `country`, `state`, `city`, `division`, `district`, `upazilla`, `thana`, `postOffice`, `postcode`, `address`, `created_at`) VALUES
(1,	'Present',	'123',	'Bangladesh',	'Rangpur',	'Kurigram',	NULL,	'28',	'420',	NULL,	NULL,	'1234',	'apura khata, pandul',	'2018-02-15 21:47:13'),
(2,	'Present',	'123',	'Bangladesh',	'Rangpur',	'Rangpur',	NULL,	'28',	'420',	NULL,	NULL,	'5601',	'yvugyhkjn',	'2018-02-15 21:54:22'),
(3,	'Permanent',	'123',	'Bangladesh',	'Dhaka',	'Dhaka',	NULL,	'1',	'145',	NULL,	NULL,	'1212',	'yvugyhkjn',	'2018-02-15 21:54:22'),
(10,	'Present',	'EMP18Apr102708',	'Albania',	'sdf',	'sdfg',	NULL,	'34',	'2',	NULL,	NULL,	'3456',	'asdfgdxfcghfdgh',	'2018-04-21 17:03:23'),
(11,	'Permanent',	'EMP18Apr102708',	'Albania',	'sdf',	'sdfg',	NULL,	'34',	'2',	NULL,	NULL,	'3456',	'asdfgdxfcghfdgh',	'2018-04-21 17:03:23');

DROP TABLE IF EXISTS `addresses_types`;
CREATE TABLE `addresses_types` (
  `addressesTypes` varchar(30) NOT NULL,
  PRIMARY KEY (`addressesTypes`)
) ENGINE=InnoDB DEFAULT CHARSET=latin1;

INSERT INTO `addresses_types` (`addressesTypes`) VALUES
('Permanent'),
('Present');

DROP TABLE IF EXISTS `admission_applicants`;
CREATE TABLE `admission_applicants` (
  `registrationNo` bigint(20) NOT NULL AUTO_INCREMENT,
  `acaSession` varchar(20) DEFAULT NULL,
  `medium` varchar(20) NOT NULL,
  `version` varchar(20) NOT NULL,
  `shift` varchar(20) NOT NULL,
  `class` int(11) NOT NULL,
  `group` varchar(20) DEFAULT NULL,
  `name` varchar(50) NOT NULL,
  `birthdate` date NOT NULL,
  `gender` varchar(20) NOT NULL,
  `religion` varchar(20) NOT NULL,
  `nationality` varchar(30) NOT NULL,
  `bloodgroup` varchar(10) NOT NULL,
  `mobile` varchar(15) NOT NULL,
  `stdPhoto` varchar(200) NOT NULL,
  `presentAdd` varchar(200) NOT NULL,
  `parmanentAdd` varchar(200) NOT NULL,
  `gurName` varchar(50) NOT NULL,
  `gurMobile` varchar(15) NOT NULL,
  `Email` varchar(40) DEFAULT NULL,
  `Occupation` varchar(30) NOT NULL,
  `YearlyIncome` varchar(20) NOT NULL,
  `gurdianAddress` varchar(200) NOT NULL,
  `exam` varchar(10) DEFAULT NULL,
  `board` varchar(20) DEFAULT NULL,
  `rollNo` int(11) DEFAULT NULL,
  `regNo` int(11) DEFAULT NULL,
  `instituteName` varchar(100) DEFAULT NULL,
  `instituteAddress` varchar(100) DEFAULT NULL,
  `resultGrade` varchar(10) DEFAULT NULL,
  `resultGPA` double DEFAULT NULL,
  `resultPosition` int(10) DEFAULT NULL,
  `resultSummary` varchar(20) DEFAULT NULL,
  `time` timestamp NOT NULL DEFAULT CURRENT_TIMESTAMP ON UPDATE CURRENT_TIMESTAMP,
  PRIMARY KEY (`registrationNo`)
) ENGINE=InnoDB AUTO_INCREMENT=1008 DEFAULT CHARSET=latin1;

INSERT INTO `admission_applicants` (`registrationNo`, `acaSession`, `medium`, `version`, `shift`, `class`, `group`, `name`, `birthdate`, `gender`, `religion`, `nationality`, `bloodgroup`, `mobile`, `stdPhoto`, `presentAdd`, `parmanentAdd`, `gurName`, `gurMobile`, `Email`, `Occupation`, `YearlyIncome`, `gurdianAddress`, `exam`, `board`, `rollNo`, `regNo`, `instituteName`, `instituteAddress`, `resultGrade`, `resultGPA`, `resultPosition`, `resultSummary`, `time`) VALUES
(1000,	'2018',	'Bangla',	'Bangla',	'Day',	12,	'Arts',	'Syed Muradul Islam',	'2018-04-10',	'Male',	'Islam',	'Bangladesh',	'B+',	'01929877307',	'/files/uploads/images/profile/1524129350.Murad.JPG',	'Village: Razapur, Post: Kurulia, Narail Sadar, Narail',	'Village: Razapur, Post: Kurulia, Narail Sadar, Narail',	'Syed Rajob Ali',	'01915185988',	'muradcse1177@gmail.com',	'Bussinessman',	'100000',	'Village: Razapur, Post: Kurulia, Narail Sadar, Narail',	'PSC',	'Jessore',	1107053,	1107053,	'Naildi B S S High School',	'Naildi B S S High School',	'A+',	5,	1,	'Passed',	'2018-04-19 09:37:54'),
(1001,	'2018',	'Bangla',	'Bangla',	'Day',	12,	'Arts',	'Syed Muradul Islam',	'2018-04-10',	'Male',	'Islam',	'Bangladesh',	'B+',	'01929877307',	'/files/uploads/images/profile/1524129356.Murad.JPG',	'Village: Razapur, Post: Kurulia, Narail Sadar, Narail',	'Village: Razapur, Post: Kurulia, Narail Sadar, Narail',	'Syed Rajob Ali',	'01915185988',	'muradcse1177@gmail.com',	'Bussinessman',	'100000',	'Village: Razapur, Post: Kurulia, Narail Sadar, Narail',	'PSC',	'Jessore',	1107053,	1107053,	'Naildi B S S High School',	'Naildi B S S High School',	'A+',	5,	1,	'Passed',	'2018-04-19 09:38:26'),
(1002,	'2018',	'Bangla',	'Bangla',	'Day',	12,	'Arts',	'Syed Muradul Islam',	'2018-04-10',	'Male',	'Islam',	'Bangladesh',	'B+',	'01929877307',	'/files/uploads/images/profile/1524129357.Murad.JPG',	'Village: Razapur, Post: Kurulia, Narail Sadar, Narail',	'Village: Razapur, Post: Kurulia, Narail Sadar, Narail',	'Syed Rajob Ali',	'01915185988',	'muradcse1177@gmail.com',	'Bussinessman',	'100000',	'Village: Razapur, Post: Kurulia, Narail Sadar, Narail',	'PSC',	'Jessore',	1107053,	1107053,	'Naildi B S S High School',	'Naildi B S S High School',	'A+',	5,	1,	'Passed',	'2018-04-19 09:38:36'),
(1003,	'2018',	'Bangla',	'Bangla',	'Day',	12,	'Arts',	'Syed Muradul Islam',	'2018-04-10',	'Male',	'Islam',	'Bangladesh',	'B+',	'01929877307',	'/files/uploads/images/profile/1524129357.Murad.JPG',	'Village: Razapur, Post: Kurulia, Narail Sadar, Narail',	'Village: Razapur, Post: Kurulia, Narail Sadar, Narail',	'Syed Rajob Ali',	'01915185988',	'muradcse1177@gmail.com',	'Bussinessman',	'100000',	'Village: Razapur, Post: Kurulia, Narail Sadar, Narail',	'PSC',	'Jessore',	1107053,	1107053,	'Naildi B S S High School',	'Naildi B S S High School',	'A+',	5,	1,	'Passed',	'2018-04-19 09:38:44'),
(1004,	'2018',	'Bangla',	'Bangla',	'Day',	12,	'Arts',	'Syed Muradul Islam',	'2018-04-10',	'Male',	'Islam',	'Bangladesh',	'B+',	'01929877307',	'/files/uploads/images/profile/1524129358.Murad.JPG',	'Village: Razapur, Post: Kurulia, Narail Sadar, Narail',	'Village: Razapur, Post: Kurulia, Narail Sadar, Narail',	'Syed Rajob Ali',	'01915185988',	'muradcse1177@gmail.com',	'Bussinessman',	'100000',	'Village: Razapur, Post: Kurulia, Narail Sadar, Narail',	'PSC',	'Jessore',	1107053,	1107053,	'Naildi B S S High School',	'Naildi B S S High School',	'A+',	5,	1,	'Passed',	'2018-04-19 09:38:51'),
(1005,	'2018',	'Bangla',	'Bangla',	'Day',	12,	'Arts',	'Syed Muradul Islam',	'2018-04-10',	'Male',	'Islam',	'Bangladesh',	'B+',	'01929877307',	'/files/uploads/images/profile/1524129359.Murad.JPG',	'Village: Razapur, Post: Kurulia, Narail Sadar, Narail',	'Village: Razapur, Post: Kurulia, Narail Sadar, Narail',	'Syed Rajob Ali',	'01915185988',	'muradcse1177@gmail.com',	'Bussinessman',	'100000',	'Village: Razapur, Post: Kurulia, Narail Sadar, Narail',	'PSC',	'Jessore',	1107053,	1107053,	'Naildi B S S High School',	'Naildi B S S High School',	'A+',	5,	1,	'Passed',	'2018-04-19 09:39:07'),
(1006,	'2018',	'Bangla',	'Bangla',	'Day',	12,	'Arts',	'Syed Muradul Islam',	'2018-04-10',	'Male',	'Islam',	'Bangladesh',	'B+',	'01929877307',	'/files/uploads/images/profile/1524129359.Murad.JPG',	'Village: Razapur, Post: Kurulia, Narail Sadar, Narail',	'Village: Razapur, Post: Kurulia, Narail Sadar, Narail',	'Syed Rajob Ali',	'01915185988',	'muradcse1177@gmail.com',	'Bussinessman',	'100000',	'Village: Razapur, Post: Kurulia, Narail Sadar, Narail',	'PSC',	'Jessore',	1107053,	1107053,	'Naildi B S S High School',	'Naildi B S S High School',	'A+',	5,	1,	'Passed',	'2018-04-19 09:39:15'),
(1007,	'2018',	'Bangla',	'Bangla',	'Day',	12,	'Commerce',	'murad1177',	'2018-04-11',	'Male',	'Christianity',	'Bahamas',	'AB+',	'01929877307',	'/files/uploads/images/profile/1524134287.scan0002.jpg',	'WERTYT',	'WERTRYT',	'WERTFYGH',	'234567',	'QWERTYG@DSFGH.com',	'ERTFGH',	'34567',	'sdfgh',	NULL,	NULL,	NULL,	NULL,	NULL,	NULL,	NULL,	NULL,	NULL,	NULL,	'2018-04-19 10:38:06');

DROP TABLE IF EXISTS `admission_circular`;
CREATE TABLE `admission_circular` (
  `id` int(11) NOT NULL AUTO_INCREMENT,
  `sessionName` varchar(20) NOT NULL,
  `file` varchar(500) NOT NULL,
  `title` varchar(1000) NOT NULL,
  `notice` varchar(10000) NOT NULL,
  `publishdate` date NOT NULL,
  `enddate` date NOT NULL,
  `time` timestamp NOT NULL DEFAULT CURRENT_TIMESTAMP ON UPDATE CURRENT_TIMESTAMP,
  PRIMARY KEY (`id`)
) ENGINE=InnoDB AUTO_INCREMENT=4 DEFAULT CHARSET=latin1;

INSERT INTO `admission_circular` (`id`, `sessionName`, `file`, `title`, `notice`, `publishdate`, `enddate`, `time`) VALUES
(1,	'2016-17',	'',	'Number to amount in words',	'<h1>qawesrdtfyguhi</h1>\r\n<p><em>asdfghjkl;l</em></p>\r\n<p><strong>dfghjkl;\'</strong></p>\r\n<p><strong>sdfghjkl;\'</strong></p>\r\n<p>4sdfghuijkopl[;]\'</p>',	'2018-04-02',	'2018-04-03',	'2018-04-17 07:56:46'),
(2,	'2017-18',	'/files/uploads/images/profile/1523944430.mypicture.png',	'Number to amount in words',	'<h1>qawesrdtfyguhi</h1>\r\n<p><em>asdfghjkl;l</em></p>\r\n<p><strong>dfghjkl;\'</strong></p>\r\n<p><strong>sdfghjkl;\'</strong></p>\r\n<p>4sdfghuijkopl[;]\'</p>',	'2018-04-01',	'2018-04-30',	'2018-04-17 05:53:45'),
(3,	'2018-19',	'/files/uploads/images/profile/1523944440.mypicture.png',	'Number to amount in words',	'<h1>qawesrdtfyguhi</h1>\r\n<p><em>asdfghjkl;l</em></p>\r\n<p><strong>dfghjkl;\'</strong></p>\r\n<p><strong>sdfghjkl;\'</strong></p>\r\n<p>4sdfghuijkopl[;]\'</p>',	'2018-04-01',	'2018-04-30',	'2018-04-17 05:53:55');

DROP TABLE IF EXISTS `class_allclasses`;
CREATE TABLE `class_allclasses` (
  `classId` bigint(20) NOT NULL AUTO_INCREMENT,
  `sessionName` varchar(15) DEFAULT NULL,
  `mediumName` varchar(15) DEFAULT NULL,
  `versionName` varchar(15) DEFAULT NULL,
  `shiftName` varchar(15) DEFAULT NULL,
  `classNum` int(11) NOT NULL,
  `sectionName` varchar(15) DEFAULT NULL,
  PRIMARY KEY (`classId`)
) ENGINE=InnoDB AUTO_INCREMENT=7 DEFAULT CHARSET=latin1;

INSERT INTO `class_allclasses` (`classId`, `sessionName`, `mediumName`, `versionName`, `shiftName`, `classNum`, `sectionName`) VALUES
(1,	'2017-18',	'Bangla',	'Bangla',	'Morning',	8,	'A'),
(2,	'2018-19',	'English',	'English',	'Morning',	9,	'B'),
(3,	'2017-18',	'Bangla',	'Bangla',	'Day',	10,	'C'),
(4,	'2016-17',	'Bangla',	'Bangla',	'Day',	12,	'C'),
(5,	'2016-17',	'Bangla',	'Bangla',	'Day',	11,	'B'),
(6,	'2017-18',	'Bangla',	'Bangla',	'Day',	6,	'B');

DROP TABLE IF EXISTS `class_allhistory`;
CREATE TABLE `class_allhistory` (
  `id` int(11) NOT NULL AUTO_INCREMENT,
  `sessionName` varchar(15) NOT NULL,
  `classId` bigint(20) NOT NULL,
  `groupName` varchar(15) DEFAULT NULL,
  `studentId` bigint(20) NOT NULL,
  `rollNo` int(11) NOT NULL,
  `regNo` int(11) NOT NULL,
  `time` datetime NOT NULL DEFAULT CURRENT_TIMESTAMP,
  PRIMARY KEY (`id`)
) ENGINE=InnoDB AUTO_INCREMENT=67 DEFAULT CHARSET=latin1;

INSERT INTO `class_allhistory` (`id`, `sessionName`, `classId`, `groupName`, `studentId`, `rollNo`, `regNo`, `time`) VALUES
(1,	'2016-17',	4,	'Arts',	1,	1,	451,	'2018-01-15 14:31:44'),
(2,	'2016-17',	4,	'Arts',	2,	2,	451,	'2018-01-15 14:44:24'),
(3,	'2016-17',	4,	'Arts',	3,	3,	451,	'2018-01-15 16:18:49'),
(4,	'2016-17',	4,	'Arts',	4,	4,	234,	'2018-01-15 16:50:08'),
(5,	'2016-17',	4,	'Arts',	5,	5,	234,	'2018-01-15 16:51:17'),
(6,	'2016-17',	4,	'Arts',	6,	6,	234,	'2018-01-15 16:52:20'),
(7,	'2016-17',	4,	'Arts',	7,	7,	645,	'2018-01-15 16:59:28'),
(8,	'2016-17',	4,	'Arts',	8,	8,	645,	'2018-01-15 16:59:56'),
(9,	'2016-17',	4,	'Arts',	9,	9,	12345,	'2018-01-15 17:01:45'),
(10,	'2016-17',	4,	'Arts',	10,	10,	1234567,	'2018-01-15 20:20:30'),
(11,	'2016-17',	4,	'Arts',	11,	11,	453,	'2018-01-16 00:15:25'),
(12,	'2016-17',	4,	'Arts',	12,	12,	453,	'2018-01-16 01:40:41'),
(13,	'2016-17',	4,	'Arts',	13,	13,	23456,	'2018-01-16 13:43:10'),
(14,	'2016-17',	4,	'Arts',	14,	14,	12345,	'2018-01-16 14:04:39'),
(15,	'2016-17',	4,	'Arts',	15,	15,	12345,	'2018-01-16 14:04:46'),
(16,	'2016-17',	4,	'Arts',	16,	16,	34567,	'2018-01-16 19:32:29'),
(17,	'2016-17',	4,	'Arts',	17,	17,	1234,	'2018-01-16 19:46:26'),
(18,	'2016-17',	4,	'Arts',	18,	18,	23,	'2018-01-16 21:00:26'),
(19,	'2016-17',	4,	'Arts',	19,	19,	23,	'2018-01-17 14:43:31'),
(20,	'2016-17',	4,	'Arts',	20,	20,	6523,	'2018-01-17 15:16:40'),
(21,	'2016-17',	4,	'Arts',	21,	21,	12345,	'2018-01-17 15:20:17'),
(22,	'2016-17',	4,	'Arts',	22,	22,	23456,	'2018-01-17 15:33:04'),
(23,	'2016-17',	4,	'Arts',	23,	23,	1234,	'2018-01-17 15:48:21'),
(24,	'2016-17',	4,	'Arts',	24,	24,	1234,	'2018-01-17 15:48:24'),
(25,	'2016-17',	4,	'Arts',	25,	25,	1234,	'2018-01-17 16:27:03'),
(26,	'2016-17',	4,	'Arts',	26,	26,	1234,	'2018-01-17 16:34:40'),
(27,	'2016-17',	4,	'Arts',	27,	27,	1234,	'2018-01-17 16:38:08'),
(28,	'2016-17',	4,	'Arts',	28,	28,	1234,	'2018-01-17 16:38:22'),
(29,	'2016-17',	4,	'Arts',	29,	29,	1234,	'2018-01-17 16:39:45'),
(30,	'2016-17',	4,	'Arts',	30,	30,	1234,	'2018-01-17 17:09:14'),
(31,	'2016-17',	4,	'Arts',	31,	31,	1234,	'2018-01-17 17:10:54'),
(32,	'2016-17',	4,	'Arts',	32,	32,	98465231,	'2018-01-17 23:31:32'),
(33,	'2016-17',	4,	'Arts',	33,	33,	98465231,	'2018-01-17 23:42:07'),
(34,	'2016-17',	4,	'Arts',	34,	34,	98465231,	'2018-01-17 23:49:15'),
(35,	'2016-17',	4,	'Arts',	35,	35,	98465231,	'2018-01-17 23:51:38'),
(36,	'2016-17',	4,	'Arts',	36,	36,	98465231,	'2018-01-17 23:51:50'),
(37,	'2016-17',	4,	'Arts',	37,	37,	98465231,	'2018-01-17 23:52:00'),
(38,	'2016-17',	4,	'Arts',	38,	38,	5312,	'2018-01-17 23:57:23'),
(39,	'2016-17',	4,	'Arts',	39,	39,	54612,	'2018-01-18 00:36:06'),
(40,	'2016-17',	4,	'Arts',	40,	40,	4685321,	'2018-01-18 00:50:24'),
(41,	'2016-17',	4,	'Arts',	41,	41,	1234,	'2018-01-18 01:00:24'),
(42,	'2016-17',	4,	'Arts',	42,	42,	1234,	'2018-01-18 01:14:45'),
(43,	'2016-17',	4,	'Arts',	43,	43,	1234,	'2018-01-18 01:23:16'),
(44,	'2016-17',	4,	'Arts',	44,	44,	86543,	'2018-01-18 11:32:12'),
(45,	'2016-17',	4,	'Arts',	45,	45,	86543,	'2018-01-18 17:37:08'),
(46,	'2016-17',	4,	'Arts',	46,	46,	86543,	'2018-01-18 17:38:23'),
(47,	'2016-17',	4,	'Arts',	47,	47,	86543,	'2018-01-18 17:38:25'),
(48,	'2016-17',	4,	'Arts',	48,	48,	86543,	'2018-01-18 17:38:26'),
(49,	'2016-17',	4,	'Arts',	49,	49,	86543,	'2018-01-18 17:38:27'),
(50,	'2016-17',	4,	'Arts',	50,	50,	86543,	'2018-01-18 17:38:29'),
(51,	'2016-17',	4,	'Arts',	51,	51,	86543,	'2018-01-18 17:38:30'),
(52,	'2016-17',	4,	'Arts',	52,	52,	1234,	'2018-01-23 02:03:15'),
(53,	'2016-17',	4,	'Arts',	53,	53,	1234,	'2018-01-23 03:37:20'),
(54,	'2016-17',	4,	'Arts',	54,	54,	1234,	'2018-01-23 03:39:07'),
(55,	'2016-17',	4,	'Arts',	55,	55,	56789,	'2018-01-23 17:10:18'),
(56,	'2016-17',	4,	'Arts',	56,	56,	56789,	'2018-01-23 17:19:12'),
(57,	'2016-17',	4,	'Arts',	57,	57,	784521,	'2018-02-14 18:00:05'),
(58,	'2016-17',	4,	'Arts',	58,	58,	784521,	'2018-02-14 18:00:45'),
(59,	'2016-17',	4,	'Arts',	59,	59,	32645,	'2018-02-15 12:53:40');

DROP TABLE IF EXISTS `class_classes`;
CREATE TABLE `class_classes` (
  `classNum` int(11) NOT NULL,
  `className` varchar(10) NOT NULL,
  PRIMARY KEY (`classNum`)
) ENGINE=InnoDB DEFAULT CHARSET=latin1;

INSERT INTO `class_classes` (`classNum`, `className`) VALUES
(1,	'One'),
(2,	'Two'),
(3,	'Three'),
(4,	'Four'),
(5,	'Five'),
(6,	'Six'),
(7,	'Seven'),
(8,	'Eight'),
(9,	'Nine'),
(10,	'Ten'),
(11,	'Eleven'),
(12,	'Twelve');

DROP TABLE IF EXISTS `class_groups`;
CREATE TABLE `class_groups` (
  `groupName` varchar(15) NOT NULL,
  PRIMARY KEY (`groupName`)
) ENGINE=InnoDB DEFAULT CHARSET=latin1;

INSERT INTO `class_groups` (`groupName`) VALUES
('Arts'),
('Commerce'),
('Science');

DROP TABLE IF EXISTS `class_mediums`;
CREATE TABLE `class_mediums` (
  `mediumName` varchar(15) NOT NULL,
  PRIMARY KEY (`mediumName`)
) ENGINE=InnoDB DEFAULT CHARSET=latin1;

INSERT INTO `class_mediums` (`mediumName`) VALUES
('Bangla'),
('English');

DROP TABLE IF EXISTS `class_sections`;
CREATE TABLE `class_sections` (
  `sectionName` varchar(15) NOT NULL,
  PRIMARY KEY (`sectionName`)
) ENGINE=InnoDB DEFAULT CHARSET=latin1;

INSERT INTO `class_sections` (`sectionName`) VALUES
('A'),
('B'),
('C');

DROP TABLE IF EXISTS `class_shifts`;
CREATE TABLE `class_shifts` (
  `shiftName` varchar(15) NOT NULL,
  PRIMARY KEY (`shiftName`)
) ENGINE=InnoDB DEFAULT CHARSET=latin1;

INSERT INTO `class_shifts` (`shiftName`) VALUES
('Day'),
('Morning');

DROP TABLE IF EXISTS `class_tiffin_settings`;
CREATE TABLE `class_tiffin_settings` (
  `id` int(11) NOT NULL AUTO_INCREMENT,
  `classId` int(11) NOT NULL,
  `group` varchar(20) DEFAULT NULL,
  `totalperiod` int(11) NOT NULL,
  `afterTiffin` int(11) DEFAULT NULL,
  `beforeTiffin` int(11) NOT NULL,
  `afterTiffinHalfDay` int(11) DEFAULT NULL,
  `startTime` time NOT NULL,
  `endTime` time NOT NULL,
  PRIMARY KEY (`id`)
) ENGINE=InnoDB AUTO_INCREMENT=3 DEFAULT CHARSET=latin1;

INSERT INTO `class_tiffin_settings` (`id`, `classId`, `group`, `totalperiod`, `afterTiffin`, `beforeTiffin`, `afterTiffinHalfDay`, `startTime`, `endTime`) VALUES
(2,	4,	'Arts',	8,	3,	5,	0,	'13:30:00',	'14:00:00');

DROP TABLE IF EXISTS `class_time`;
CREATE TABLE `class_time` (
  `id` int(11) NOT NULL AUTO_INCREMENT,
  `classId` int(11) NOT NULL,
  `group` varchar(20) DEFAULT NULL,
  `day` varchar(50) NOT NULL,
  `subCode` int(11) NOT NULL,
  `startTime` time NOT NULL,
  `endTime` time NOT NULL,
  `serial` int(11) NOT NULL,
  `teacherId` int(11) DEFAULT NULL,
  PRIMARY KEY (`id`)
) ENGINE=InnoDB AUTO_INCREMENT=59 DEFAULT CHARSET=latin1;

INSERT INTO `class_time` (`id`, `classId`, `group`, `day`, `subCode`, `startTime`, `endTime`, `serial`, `teacherId`) VALUES
(7,	4,	'Arts',	'Saturday',	1245,	'03:50:00',	'03:30:00',	2,	NULL),
(8,	4,	'Arts',	'Saturday',	0,	'02:50:00',	'03:30:00',	1,	NULL),
(13,	4,	'Arts',	'Saturday',	101,	'10:47:00',	'20:59:00',	3,	NULL),
(14,	4,	'Arts',	'Saturday',	101,	'11:16:00',	'11:16:00',	4,	NULL),
(15,	4,	'Arts',	'Saturday',	101,	'11:16:00',	'11:16:00',	5,	NULL),
(16,	4,	'Arts',	'Saturday',	101,	'11:16:00',	'11:16:00',	6,	NULL),
(17,	4,	'Arts',	'Saturday',	101,	'11:16:00',	'11:16:00',	7,	NULL),
(18,	4,	'Arts',	'Saturday',	101,	'11:16:00',	'11:16:00',	8,	NULL),
(19,	4,	'Arts',	'Sunday',	101,	'11:16:00',	'11:16:00',	1,	NULL),
(20,	4,	'Arts',	'Sunday',	101,	'11:16:00',	'11:16:00',	2,	NULL),
(21,	4,	'Arts',	'Sunday',	101,	'11:16:00',	'11:16:00',	3,	NULL),
(22,	4,	'Arts',	'Sunday',	101,	'11:16:00',	'11:16:00',	4,	NULL),
(23,	4,	'Arts',	'Sunday',	101,	'11:16:00',	'11:16:00',	5,	NULL),
(24,	4,	'Arts',	'Sunday',	101,	'11:16:00',	'11:16:00',	6,	NULL),
(25,	4,	'Arts',	'Sunday',	101,	'11:16:00',	'11:16:00',	7,	NULL),
(26,	4,	'Arts',	'Sunday',	101,	'11:16:00',	'11:16:00',	8,	NULL),
(27,	4,	'Arts',	'Monday',	101,	'11:16:00',	'11:16:00',	1,	NULL),
(28,	4,	'Arts',	'Monday',	101,	'11:16:00',	'11:16:00',	2,	NULL),
(29,	4,	'Arts',	'Monday',	101,	'11:16:00',	'11:16:00',	3,	NULL),
(30,	4,	'Arts',	'Monday',	101,	'11:16:00',	'11:16:00',	4,	NULL),
(31,	4,	'Arts',	'Monday',	101,	'11:16:00',	'11:16:00',	5,	NULL),
(32,	4,	'Arts',	'Monday',	101,	'11:16:00',	'11:16:00',	6,	NULL),
(33,	4,	'Arts',	'Monday',	101,	'11:16:00',	'11:16:00',	7,	NULL),
(34,	4,	'Arts',	'Monday',	101,	'11:16:00',	'11:16:00',	8,	NULL),
(35,	4,	'Arts',	'Tuesday',	101,	'11:16:00',	'11:16:00',	8,	NULL),
(36,	4,	'Arts',	'Tuesday',	101,	'11:25:00',	'11:25:00',	7,	NULL),
(37,	4,	'Arts',	'Tuesday',	101,	'11:25:00',	'11:25:00',	6,	NULL),
(38,	4,	'Arts',	'Tuesday',	101,	'11:25:00',	'11:25:00',	5,	NULL),
(39,	4,	'Arts',	'Tuesday',	101,	'11:25:00',	'11:25:00',	4,	NULL),
(40,	4,	'Arts',	'Tuesday',	101,	'11:25:00',	'11:25:00',	3,	NULL),
(41,	4,	'Arts',	'Tuesday',	101,	'11:25:00',	'11:25:00',	2,	NULL),
(42,	4,	'Arts',	'Tuesday',	101,	'11:25:00',	'11:25:00',	1,	NULL),
(43,	4,	'Arts',	'Wednesday',	101,	'11:25:00',	'11:25:00',	1,	NULL),
(44,	4,	'Arts',	'Wednesday',	101,	'11:25:00',	'11:25:00',	2,	NULL),
(45,	4,	'Arts',	'Wednesday',	101,	'11:25:00',	'11:25:00',	3,	NULL),
(46,	4,	'Arts',	'Wednesday',	101,	'11:25:00',	'11:25:00',	4,	NULL),
(47,	4,	'Arts',	'Wednesday',	101,	'11:25:00',	'11:25:00',	5,	NULL),
(48,	4,	'Arts',	'Wednesday',	101,	'11:25:00',	'11:25:00',	6,	NULL),
(49,	4,	'Arts',	'Wednesday',	101,	'11:25:00',	'11:25:00',	7,	NULL),
(50,	4,	'Arts',	'Wednesday',	101,	'11:25:00',	'11:25:00',	8,	NULL),
(51,	4,	'Arts',	'Thursday',	101,	'11:25:00',	'11:25:00',	8,	NULL),
(52,	4,	'Arts',	'Thursday',	101,	'11:25:00',	'11:25:00',	7,	NULL),
(53,	4,	'Arts',	'Thursday',	101,	'11:25:00',	'11:25:00',	6,	NULL),
(54,	4,	'Arts',	'Thursday',	101,	'11:25:00',	'11:25:00',	5,	NULL),
(55,	4,	'Arts',	'Thursday',	101,	'11:25:00',	'11:25:00',	4,	NULL),
(56,	4,	'Arts',	'Thursday',	101,	'11:25:00',	'11:25:00',	3,	NULL),
(57,	4,	'Arts',	'Thursday',	101,	'11:25:00',	'11:25:00',	2,	NULL),
(58,	4,	'Arts',	'Thursday',	101,	'11:25:00',	'11:25:00',	1,	NULL);

DROP TABLE IF EXISTS `class_versions`;
CREATE TABLE `class_versions` (
  `versionName` varchar(15) NOT NULL,
  PRIMARY KEY (`versionName`)
) ENGINE=InnoDB DEFAULT CHARSET=latin1;

INSERT INTO `class_versions` (`versionName`) VALUES
('Bangla'),
('English');

DROP TABLE IF EXISTS `class_week_half`;
CREATE TABLE `class_week_half` (
  `id` int(11) NOT NULL AUTO_INCREMENT,
  `day` varchar(50) NOT NULL,
  `dayType` varchar(50) NOT NULL,
  PRIMARY KEY (`id`)
) ENGINE=InnoDB AUTO_INCREMENT=3 DEFAULT CHARSET=latin1;

INSERT INTO `class_week_half` (`id`, `day`, `dayType`) VALUES
(1,	'Friday',	'weekend'),
(2,	'Thursday',	'halfday');

DROP TABLE IF EXISTS `country`;
CREATE TABLE `country` (
  `id` int(11) NOT NULL AUTO_INCREMENT,
  `name` varchar(80) NOT NULL,
  `iso` char(2) NOT NULL,
  `iso3` char(3) DEFAULT NULL,
  `numcode` smallint(6) DEFAULT NULL,
  `phonecode` int(5) NOT NULL,
  PRIMARY KEY (`id`)
) ENGINE=MyISAM AUTO_INCREMENT=240 DEFAULT CHARSET=latin1;

INSERT INTO `country` (`id`, `name`, `iso`, `iso3`, `numcode`, `phonecode`) VALUES
(1,	'Afghanistan',	'AF',	'AFG',	4,	93),
(2,	'Albania',	'AL',	'ALB',	8,	355),
(3,	'Algeria',	'DZ',	'DZA',	12,	213),
(4,	'American Samoa',	'AS',	'ASM',	16,	1684),
(5,	'Andorra',	'AD',	'AND',	20,	376),
(6,	'Angola',	'AO',	'AGO',	24,	244),
(7,	'Anguilla',	'AI',	'AIA',	660,	1264),
(8,	'Antarctica',	'AQ',	NULL,	NULL,	0),
(9,	'Antigua and Barbuda',	'AG',	'ATG',	28,	1268),
(10,	'Argentina',	'AR',	'ARG',	32,	54),
(11,	'Armenia',	'AM',	'ARM',	51,	374),
(12,	'Aruba',	'AW',	'ABW',	533,	297),
(13,	'Australia',	'AU',	'AUS',	36,	61),
(14,	'Austria',	'AT',	'AUT',	40,	43),
(15,	'Azerbaijan',	'AZ',	'AZE',	31,	994),
(16,	'Bahamas',	'BS',	'BHS',	44,	1242),
(17,	'Bahrain',	'BH',	'BHR',	48,	973),
(18,	'Bangladesh',	'BD',	'BGD',	50,	880),
(19,	'Barbados',	'BB',	'BRB',	52,	1246),
(20,	'Belarus',	'BY',	'BLR',	112,	375),
(21,	'Belgium',	'BE',	'BEL',	56,	32),
(22,	'Belize',	'BZ',	'BLZ',	84,	501),
(23,	'Benin',	'BJ',	'BEN',	204,	229),
(24,	'Bermuda',	'BM',	'BMU',	60,	1441),
(25,	'Bhutan',	'BT',	'BTN',	64,	975),
(26,	'Bolivia',	'BO',	'BOL',	68,	591),
(27,	'Bosnia and Herzegovina',	'BA',	'BIH',	70,	387),
(28,	'Botswana',	'BW',	'BWA',	72,	267),
(29,	'Bouvet Island',	'BV',	NULL,	NULL,	0),
(30,	'Brazil',	'BR',	'BRA',	76,	55),
(31,	'British Indian Ocean Territory',	'IO',	NULL,	NULL,	246),
(32,	'Brunei Darussalam',	'BN',	'BRN',	96,	673),
(33,	'Bulgaria',	'BG',	'BGR',	100,	359),
(34,	'Burkina Faso',	'BF',	'BFA',	854,	226),
(35,	'Burundi',	'BI',	'BDI',	108,	257),
(36,	'Cambodia',	'KH',	'KHM',	116,	855),
(37,	'Cameroon',	'CM',	'CMR',	120,	237),
(38,	'Canada',	'CA',	'CAN',	124,	1),
(39,	'Cape Verde',	'CV',	'CPV',	132,	238),
(40,	'Cayman Islands',	'KY',	'CYM',	136,	1345),
(41,	'Central African Republic',	'CF',	'CAF',	140,	236),
(42,	'Chad',	'TD',	'TCD',	148,	235),
(43,	'Chile',	'CL',	'CHL',	152,	56),
(44,	'China',	'CN',	'CHN',	156,	86),
(45,	'Christmas Island',	'CX',	NULL,	NULL,	61),
(46,	'Cocos (Keeling) Islands',	'CC',	NULL,	NULL,	672),
(47,	'Colombia',	'CO',	'COL',	170,	57),
(48,	'Comoros',	'KM',	'COM',	174,	269),
(49,	'Congo',	'CG',	'COG',	178,	242),
(50,	'Congo, the Democratic Republic of the',	'CD',	'COD',	180,	242),
(51,	'Cook Islands',	'CK',	'COK',	184,	682),
(52,	'Costa Rica',	'CR',	'CRI',	188,	506),
(53,	'Cote D\'Ivoire',	'CI',	'CIV',	384,	225),
(54,	'Croatia',	'HR',	'HRV',	191,	385),
(55,	'Cuba',	'CU',	'CUB',	192,	53),
(56,	'Cyprus',	'CY',	'CYP',	196,	357),
(57,	'Czech Republic',	'CZ',	'CZE',	203,	420),
(58,	'Denmark',	'DK',	'DNK',	208,	45),
(59,	'Djibouti',	'DJ',	'DJI',	262,	253),
(60,	'Dominica',	'DM',	'DMA',	212,	1767),
(61,	'Dominican Republic',	'DO',	'DOM',	214,	1809),
(62,	'Ecuador',	'EC',	'ECU',	218,	593),
(63,	'Egypt',	'EG',	'EGY',	818,	20),
(64,	'El Salvador',	'SV',	'SLV',	222,	503),
(65,	'Equatorial Guinea',	'GQ',	'GNQ',	226,	240),
(66,	'Eritrea',	'ER',	'ERI',	232,	291),
(67,	'Estonia',	'EE',	'EST',	233,	372),
(68,	'Ethiopia',	'ET',	'ETH',	231,	251),
(69,	'Falkland Islands (Malvinas)',	'FK',	'FLK',	238,	500),
(70,	'Faroe Islands',	'FO',	'FRO',	234,	298),
(71,	'Fiji',	'FJ',	'FJI',	242,	679),
(72,	'Finland',	'FI',	'FIN',	246,	358),
(73,	'France',	'FR',	'FRA',	250,	33),
(74,	'French Guiana',	'GF',	'GUF',	254,	594),
(75,	'French Polynesia',	'PF',	'PYF',	258,	689),
(76,	'French Southern Territories',	'TF',	NULL,	NULL,	0),
(77,	'Gabon',	'GA',	'GAB',	266,	241),
(78,	'Gambia',	'GM',	'GMB',	270,	220),
(79,	'Georgia',	'GE',	'GEO',	268,	995),
(80,	'Germany',	'DE',	'DEU',	276,	49),
(81,	'Ghana',	'GH',	'GHA',	288,	233),
(82,	'Gibraltar',	'GI',	'GIB',	292,	350),
(83,	'Greece',	'GR',	'GRC',	300,	30),
(84,	'Greenland',	'GL',	'GRL',	304,	299),
(85,	'Grenada',	'GD',	'GRD',	308,	1473),
(86,	'Guadeloupe',	'GP',	'GLP',	312,	590),
(87,	'Guam',	'GU',	'GUM',	316,	1671),
(88,	'Guatemala',	'GT',	'GTM',	320,	502),
(89,	'Guinea',	'GN',	'GIN',	324,	224),
(90,	'Guinea-Bissau',	'GW',	'GNB',	624,	245),
(91,	'Guyana',	'GY',	'GUY',	328,	592),
(92,	'Haiti',	'HT',	'HTI',	332,	509),
(93,	'Heard Island and Mcdonald Islands',	'HM',	NULL,	NULL,	0),
(94,	'Holy See (Vatican City State)',	'VA',	'VAT',	336,	39),
(95,	'Honduras',	'HN',	'HND',	340,	504),
(96,	'Hong Kong',	'HK',	'HKG',	344,	852),
(97,	'Hungary',	'HU',	'HUN',	348,	36),
(98,	'Iceland',	'IS',	'ISL',	352,	354),
(99,	'India',	'IN',	'IND',	356,	91),
(100,	'Indonesia',	'ID',	'IDN',	360,	62),
(101,	'Iran, Islamic Republic of',	'IR',	'IRN',	364,	98),
(102,	'Iraq',	'IQ',	'IRQ',	368,	964),
(103,	'Ireland',	'IE',	'IRL',	372,	353),
(104,	'Israel',	'IL',	'ISR',	376,	972),
(105,	'Italy',	'IT',	'ITA',	380,	39),
(106,	'Jamaica',	'JM',	'JAM',	388,	1876),
(107,	'Japan',	'JP',	'JPN',	392,	81),
(108,	'Jordan',	'JO',	'JOR',	400,	962),
(109,	'Kazakhstan',	'KZ',	'KAZ',	398,	7),
(110,	'Kenya',	'KE',	'KEN',	404,	254),
(111,	'Kiribati',	'KI',	'KIR',	296,	686),
(112,	'Korea, Democratic People\'s Republic of',	'KP',	'PRK',	408,	850),
(113,	'Korea, Republic of',	'KR',	'KOR',	410,	82),
(114,	'Kuwait',	'KW',	'KWT',	414,	965),
(115,	'Kyrgyzstan',	'KG',	'KGZ',	417,	996),
(116,	'Lao People\'s Democratic Republic',	'LA',	'LAO',	418,	856),
(117,	'Latvia',	'LV',	'LVA',	428,	371),
(118,	'Lebanon',	'LB',	'LBN',	422,	961),
(119,	'Lesotho',	'LS',	'LSO',	426,	266),
(120,	'Liberia',	'LR',	'LBR',	430,	231),
(121,	'Libyan Arab Jamahiriya',	'LY',	'LBY',	434,	218),
(122,	'Liechtenstein',	'LI',	'LIE',	438,	423),
(123,	'Lithuania',	'LT',	'LTU',	440,	370),
(124,	'Luxembourg',	'LU',	'LUX',	442,	352),
(125,	'Macao',	'MO',	'MAC',	446,	853),
(126,	'Macedonia, the Former Yugoslav Republic of',	'MK',	'MKD',	807,	389),
(127,	'Madagascar',	'MG',	'MDG',	450,	261),
(128,	'Malawi',	'MW',	'MWI',	454,	265),
(129,	'Malaysia',	'MY',	'MYS',	458,	60),
(130,	'Maldives',	'MV',	'MDV',	462,	960),
(131,	'Mali',	'ML',	'MLI',	466,	223),
(132,	'Malta',	'MT',	'MLT',	470,	356),
(133,	'Marshall Islands',	'MH',	'MHL',	584,	692),
(134,	'Martinique',	'MQ',	'MTQ',	474,	596),
(135,	'Mauritania',	'MR',	'MRT',	478,	222),
(136,	'Mauritius',	'MU',	'MUS',	480,	230),
(137,	'Mayotte',	'YT',	NULL,	NULL,	269),
(138,	'Mexico',	'MX',	'MEX',	484,	52),
(139,	'Micronesia, Federated States of',	'FM',	'FSM',	583,	691),
(140,	'Moldova, Republic of',	'MD',	'MDA',	498,	373),
(141,	'Monaco',	'MC',	'MCO',	492,	377),
(142,	'Mongolia',	'MN',	'MNG',	496,	976),
(143,	'Montserrat',	'MS',	'MSR',	500,	1664),
(144,	'Morocco',	'MA',	'MAR',	504,	212),
(145,	'Mozambique',	'MZ',	'MOZ',	508,	258),
(146,	'Myanmar',	'MM',	'MMR',	104,	95),
(147,	'Namibia',	'NA',	'NAM',	516,	264),
(148,	'Nauru',	'NR',	'NRU',	520,	674),
(149,	'Nepal',	'NP',	'NPL',	524,	977),
(150,	'Netherlands',	'NL',	'NLD',	528,	31),
(151,	'Netherlands Antilles',	'AN',	'ANT',	530,	599),
(152,	'New Caledonia',	'NC',	'NCL',	540,	687),
(153,	'New Zealand',	'NZ',	'NZL',	554,	64),
(154,	'Nicaragua',	'NI',	'NIC',	558,	505),
(155,	'Niger',	'NE',	'NER',	562,	227),
(156,	'Nigeria',	'NG',	'NGA',	566,	234),
(157,	'Niue',	'NU',	'NIU',	570,	683),
(158,	'Norfolk Island',	'NF',	'NFK',	574,	672),
(159,	'Northern Mariana Islands',	'MP',	'MNP',	580,	1670),
(160,	'Norway',	'NO',	'NOR',	578,	47),
(161,	'Oman',	'OM',	'OMN',	512,	968),
(162,	'Pakistan',	'PK',	'PAK',	586,	92),
(163,	'Palau',	'PW',	'PLW',	585,	680),
(164,	'Palestinian Territory, Occupied',	'PS',	NULL,	NULL,	970),
(165,	'Panama',	'PA',	'PAN',	591,	507),
(166,	'Papua New Guinea',	'PG',	'PNG',	598,	675),
(167,	'Paraguay',	'PY',	'PRY',	600,	595),
(168,	'Peru',	'PE',	'PER',	604,	51),
(169,	'Philippines',	'PH',	'PHL',	608,	63),
(170,	'Pitcairn',	'PN',	'PCN',	612,	0),
(171,	'Poland',	'PL',	'POL',	616,	48),
(172,	'Portugal',	'PT',	'PRT',	620,	351),
(173,	'Puerto Rico',	'PR',	'PRI',	630,	1787),
(174,	'Qatar',	'QA',	'QAT',	634,	974),
(175,	'Reunion',	'RE',	'REU',	638,	262),
(176,	'Romania',	'RO',	'ROM',	642,	40),
(177,	'Russian Federation',	'RU',	'RUS',	643,	70),
(178,	'Rwanda',	'RW',	'RWA',	646,	250),
(179,	'Saint Helena',	'SH',	'SHN',	654,	290),
(180,	'Saint Kitts and Nevis',	'KN',	'KNA',	659,	1869),
(181,	'Saint Lucia',	'LC',	'LCA',	662,	1758),
(182,	'Saint Pierre and Miquelon',	'PM',	'SPM',	666,	508),
(183,	'Saint Vincent and the Grenadines',	'VC',	'VCT',	670,	1784),
(184,	'Samoa',	'WS',	'WSM',	882,	684),
(185,	'San Marino',	'SM',	'SMR',	674,	378),
(186,	'Sao Tome and Principe',	'ST',	'STP',	678,	239),
(187,	'Saudi Arabia',	'SA',	'SAU',	682,	966),
(188,	'Senegal',	'SN',	'SEN',	686,	221),
(189,	'Serbia and Montenegro',	'CS',	NULL,	NULL,	381),
(190,	'Seychelles',	'SC',	'SYC',	690,	248),
(191,	'Sierra Leone',	'SL',	'SLE',	694,	232),
(192,	'Singapore',	'SG',	'SGP',	702,	65),
(193,	'Slovakia',	'SK',	'SVK',	703,	421),
(194,	'Slovenia',	'SI',	'SVN',	705,	386),
(195,	'Solomon Islands',	'SB',	'SLB',	90,	677),
(196,	'Somalia',	'SO',	'SOM',	706,	252),
(197,	'South Africa',	'ZA',	'ZAF',	710,	27),
(198,	'South Georgia and the South Sandwich Islands',	'GS',	NULL,	NULL,	0),
(199,	'Spain',	'ES',	'ESP',	724,	34),
(200,	'Sri Lanka',	'LK',	'LKA',	144,	94),
(201,	'Sudan',	'SD',	'SDN',	736,	249),
(202,	'Suriname',	'SR',	'SUR',	740,	597),
(203,	'Svalbard and Jan Mayen',	'SJ',	'SJM',	744,	47),
(204,	'Swaziland',	'SZ',	'SWZ',	748,	268),
(205,	'Sweden',	'SE',	'SWE',	752,	46),
(206,	'Switzerland',	'CH',	'CHE',	756,	41),
(207,	'Syrian Arab Republic',	'SY',	'SYR',	760,	963),
(208,	'Taiwan, Province of China',	'TW',	'TWN',	158,	886),
(209,	'Tajikistan',	'TJ',	'TJK',	762,	992),
(210,	'Tanzania, United Republic of',	'TZ',	'TZA',	834,	255),
(211,	'Thailand',	'TH',	'THA',	764,	66),
(212,	'Timor-Leste',	'TL',	NULL,	NULL,	670),
(213,	'Togo',	'TG',	'TGO',	768,	228),
(214,	'Tokelau',	'TK',	'TKL',	772,	690),
(215,	'Tonga',	'TO',	'TON',	776,	676),
(216,	'Trinidad and Tobago',	'TT',	'TTO',	780,	1868),
(217,	'Tunisia',	'TN',	'TUN',	788,	216),
(218,	'Turkey',	'TR',	'TUR',	792,	90),
(219,	'Turkmenistan',	'TM',	'TKM',	795,	7370),
(220,	'Turks and Caicos Islands',	'TC',	'TCA',	796,	1649),
(221,	'Tuvalu',	'TV',	'TUV',	798,	688),
(222,	'Uganda',	'UG',	'UGA',	800,	256),
(223,	'Ukraine',	'UA',	'UKR',	804,	380),
(224,	'United Arab Emirates',	'AE',	'ARE',	784,	971),
(225,	'United Kingdom',	'GB',	'GBR',	826,	44),
(226,	'United States',	'US',	'USA',	840,	1),
(227,	'United States Minor Outlying Islands',	'UM',	NULL,	NULL,	1),
(228,	'Uruguay',	'UY',	'URY',	858,	598),
(229,	'Uzbekistan',	'UZ',	'UZB',	860,	998),
(230,	'Vanuatu',	'VU',	'VUT',	548,	678),
(231,	'Venezuela',	'VE',	'VEN',	862,	58),
(232,	'Viet Nam',	'VN',	'VNM',	704,	84),
(233,	'Virgin Islands, British',	'VG',	'VGB',	92,	1284),
(234,	'Virgin Islands, U.s.',	'VI',	'VIR',	850,	1340),
(235,	'Wallis and Futuna',	'WF',	'WLF',	876,	681),
(236,	'Western Sahara',	'EH',	'ESH',	732,	212),
(237,	'Yemen',	'YE',	'YEM',	887,	967),
(238,	'Zambia',	'ZM',	'ZMB',	894,	260),
(239,	'Zimbabwe',	'ZW',	'ZWE',	716,	263);

DROP TABLE IF EXISTS `districts`;
CREATE TABLE `districts` (
  `id` int(2) unsigned NOT NULL AUTO_INCREMENT,
  `division_id` int(2) unsigned NOT NULL,
  `name` varchar(30) NOT NULL,
  `bn_name` varchar(50) NOT NULL,
  `lat` double NOT NULL,
  `lon` double NOT NULL,
  `website` varchar(100) NOT NULL,
  PRIMARY KEY (`id`),
  KEY `division_id` (`division_id`),
  CONSTRAINT `districts_ibfk_1` FOREIGN KEY (`division_id`) REFERENCES `divisions` (`id`) ON DELETE CASCADE ON UPDATE CASCADE
) ENGINE=InnoDB AUTO_INCREMENT=65 DEFAULT CHARSET=utf8;

INSERT INTO `districts` (`id`, `division_id`, `name`, `bn_name`, `lat`, `lon`, `website`) VALUES
(1,	3,	'Dhaka',	'ঢাকা',	23.7115253,	90.4111451,	'www.dhaka.gov.bd'),
(2,	3,	'Faridpur',	'ফরিদপুর',	23.6070822,	89.8429406,	'www.faridpur.gov.bd'),
(3,	3,	'Gazipur',	'গাজীপুর',	24.0022858,	90.4264283,	'www.gazipur.gov.bd'),
(4,	3,	'Gopalganj',	'গোপালগঞ্জ',	23.0050857,	89.8266059,	'www.gopalganj.gov.bd'),
(5,	8,	'Jamalpur',	'জামালপুর',	24.937533,	89.937775,	'www.jamalpur.gov.bd'),
(6,	3,	'Kishoreganj',	'কিশোরগঞ্জ',	24.444937,	90.776575,	'www.kishoreganj.gov.bd'),
(7,	3,	'Madaripur',	'মাদারীপুর',	23.164102,	90.1896805,	'www.madaripur.gov.bd'),
(8,	3,	'Manikganj',	'মানিকগঞ্জ',	0,	0,	'www.manikganj.gov.bd'),
(9,	3,	'Munshiganj',	'মুন্সিগঞ্জ',	0,	0,	'www.munshiganj.gov.bd'),
(10,	8,	'Mymensingh',	'ময়মনসিং',	0,	0,	'www.mymensingh.gov.bd'),
(11,	3,	'Narayanganj',	'নারায়াণগঞ্জ',	23.63366,	90.496482,	'www.narayanganj.gov.bd'),
(12,	3,	'Narsingdi',	'নরসিংদী',	23.932233,	90.71541,	'www.narsingdi.gov.bd'),
(13,	8,	'Netrokona',	'নেত্রকোনা',	24.870955,	90.727887,	'www.netrokona.gov.bd'),
(14,	3,	'Rajbari',	'রাজবাড়ি',	23.7574305,	89.6444665,	'www.rajbari.gov.bd'),
(15,	3,	'Shariatpur',	'শরীয়তপুর',	0,	0,	'www.shariatpur.gov.bd'),
(16,	8,	'Sherpur',	'শেরপুর',	25.0204933,	90.0152966,	'www.sherpur.gov.bd'),
(17,	3,	'Tangail',	'টাঙ্গাইল',	0,	0,	'www.tangail.gov.bd'),
(18,	5,	'Bogra',	'বগুড়া',	24.8465228,	89.377755,	'www.bogra.gov.bd'),
(19,	5,	'Joypurhat',	'জয়পুরহাট',	0,	0,	'www.joypurhat.gov.bd'),
(20,	5,	'Naogaon',	'নওগাঁ',	0,	0,	'www.naogaon.gov.bd'),
(21,	5,	'Natore',	'নাটোর',	24.420556,	89.000282,	'www.natore.gov.bd'),
(22,	5,	'Nawabganj',	'নবাবগঞ্জ',	24.5965034,	88.2775122,	'www.chapainawabganj.gov.bd'),
(23,	5,	'Pabna',	'পাবনা',	23.998524,	89.233645,	'www.pabna.gov.bd'),
(24,	5,	'Rajshahi',	'রাজশাহী',	0,	0,	'www.rajshahi.gov.bd'),
(25,	5,	'Sirajgonj',	'সিরাজগঞ্জ',	24.4533978,	89.7006815,	'www.sirajganj.gov.bd'),
(26,	6,	'Dinajpur',	'দিনাজপুর',	25.6217061,	88.6354504,	'www.dinajpur.gov.bd'),
(27,	6,	'Gaibandha',	'গাইবান্ধা',	25.328751,	89.528088,	'www.gaibandha.gov.bd'),
(28,	6,	'Kurigram',	'কুড়িগ্রাম',	25.805445,	89.636174,	'www.kurigram.gov.bd'),
(29,	6,	'Lalmonirhat',	'লালমনিরহাট',	0,	0,	'www.lalmonirhat.gov.bd'),
(30,	6,	'Nilphamari',	'নীলফামারী',	25.931794,	88.856006,	'www.nilphamari.gov.bd'),
(31,	6,	'Panchagarh',	'পঞ্চগড়',	26.3411,	88.5541606,	'www.panchagarh.gov.bd'),
(32,	6,	'Rangpur',	'রংপুর',	25.7558096,	89.244462,	'www.rangpur.gov.bd'),
(33,	6,	'Thakurgaon',	'ঠাকুরগাঁও',	26.0336945,	88.4616834,	'www.thakurgaon.gov.bd'),
(34,	1,	'Barguna',	'বরগুনা',	0,	0,	'www.barguna.gov.bd'),
(35,	1,	'Barisal',	'বরিশাল',	0,	0,	'www.barisal.gov.bd'),
(36,	1,	'Bhola',	'ভোলা',	22.685923,	90.648179,	'www.bhola.gov.bd'),
(37,	1,	'Jhalokati',	'ঝালকাঠি',	0,	0,	'www.jhalakathi.gov.bd'),
(38,	1,	'Patuakhali',	'পটুয়াখালী',	22.3596316,	90.3298712,	'www.patuakhali.gov.bd'),
(39,	1,	'Pirojpur',	'পিরোজপুর',	0,	0,	'www.pirojpur.gov.bd'),
(40,	2,	'Bandarban',	'বান্দরবান',	22.1953275,	92.2183773,	'www.bandarban.gov.bd'),
(41,	2,	'Brahmanbaria',	'ব্রাহ্মণবাড়িয়া',	23.9570904,	91.1119286,	'www.brahmanbaria.gov.bd'),
(42,	2,	'Chandpur',	'চাঁদপুর',	23.2332585,	90.6712912,	'www.chandpur.gov.bd'),
(43,	2,	'Chittagong',	'চট্টগ্রাম',	22.335109,	91.834073,	'www.chittagong.gov.bd'),
(44,	2,	'Comilla',	'কুমিল্লা',	23.4682747,	91.1788135,	'www.comilla.gov.bd'),
(45,	2,	'Cox\'s Bazar',	'কক্স বাজার',	0,	0,	'www.coxsbazar.gov.bd'),
(46,	2,	'Feni',	'ফেনী',	23.023231,	91.3840844,	'www.feni.gov.bd'),
(47,	2,	'Khagrachari',	'খাগড়াছড়ি',	23.119285,	91.984663,	'www.khagrachhari.gov.bd'),
(48,	2,	'Lakshmipur',	'লক্ষ্মীপুর',	22.942477,	90.841184,	'www.lakshmipur.gov.bd'),
(49,	2,	'Noakhali',	'নোয়াখালী',	22.869563,	91.099398,	'www.noakhali.gov.bd'),
(50,	2,	'Rangamati',	'রাঙ্গামাটি',	0,	0,	'www.rangamati.gov.bd'),
(51,	7,	'Habiganj',	'হবিগঞ্জ',	24.374945,	91.41553,	'www.habiganj.gov.bd'),
(52,	7,	'Maulvibazar',	'মৌলভীবাজার',	24.482934,	91.777417,	'www.moulvibazar.gov.bd'),
(53,	7,	'Sunamganj',	'সুনামগঞ্জ',	25.0658042,	91.3950115,	'www.sunamganj.gov.bd'),
(54,	7,	'Sylhet',	'সিলেট',	24.8897956,	91.8697894,	'www.sylhet.gov.bd'),
(55,	4,	'Bagerhat',	'বাগেরহাট',	22.651568,	89.785938,	'www.bagerhat.gov.bd'),
(56,	4,	'Chuadanga',	'চুয়াডাঙ্গা',	23.6401961,	88.841841,	'www.chuadanga.gov.bd'),
(57,	4,	'Jessore',	'যশোর',	23.16643,	89.2081126,	'www.jessore.gov.bd'),
(58,	4,	'Jhenaidah',	'ঝিনাইদহ',	23.5448176,	89.1539213,	'www.jhenaidah.gov.bd'),
(59,	4,	'Khulna',	'খুলনা',	22.815774,	89.568679,	'www.khulna.gov.bd'),
(60,	4,	'Kushtia',	'কুষ্টিয়া',	23.901258,	89.120482,	'www.kushtia.gov.bd'),
(61,	4,	'Magura',	'মাগুরা',	23.487337,	89.419956,	'www.magura.gov.bd'),
(62,	4,	'Meherpur',	'মেহেরপুর',	23.762213,	88.631821,	'www.meherpur.gov.bd'),
(63,	4,	'Narail',	'নড়াইল',	23.172534,	89.512672,	'www.narail.gov.bd'),
(64,	4,	'Satkhira',	'সাতক্ষীরা',	0,	0,	'www.satkhira.gov.bd');

DROP TABLE IF EXISTS `divisions`;
CREATE TABLE `divisions` (
  `id` int(2) unsigned NOT NULL AUTO_INCREMENT,
  `name` varchar(30) NOT NULL,
  `bn_name` varchar(50) NOT NULL,
  PRIMARY KEY (`id`)
) ENGINE=InnoDB AUTO_INCREMENT=9 DEFAULT CHARSET=utf8;

INSERT INTO `divisions` (`id`, `name`, `bn_name`) VALUES
(1,	'Barisal',	'বরিশাল'),
(2,	'Chittagong',	'চট্টগ্রাম'),
(3,	'Dhaka',	'ঢাকা'),
(4,	'Khulna',	'খুলনা'),
(5,	'Rajshahi',	'রাজশাহী'),
(6,	'Rangpur',	'রংপুর'),
(7,	'Sylhet',	'সিলেট'),
(8,	'Mymensingh',	'ময়মনসিংহ');

DROP TABLE IF EXISTS `employees`;
CREATE TABLE `employees` (
  `employeeId` varchar(20) NOT NULL,
  `employeeType` varchar(30) NOT NULL,
  `designation` varchar(30) NOT NULL,
  `dateOfJoining` date NOT NULL,
  `maritalStatus` varchar(30) NOT NULL,
  `name` varchar(50) DEFAULT NULL,
  `dateOfBirth` date DEFAULT NULL,
  `gender` varchar(20) DEFAULT NULL,
  `mobile` varchar(20) DEFAULT NULL,
  `email` varchar(50) DEFAULT NULL,
  `religion` varchar(30) DEFAULT NULL,
  `bloodGroup` varchar(5) DEFAULT NULL,
  `nationality` varchar(50) DEFAULT NULL,
  `photoIdType` varchar(50) DEFAULT NULL,
  `photoId` varchar(30) DEFAULT NULL,
  `photo` varchar(200) DEFAULT NULL,
  KEY `religion` (`religion`),
  CONSTRAINT `employees_ibfk_1` FOREIGN KEY (`religion`) REFERENCES `info_religions` (`religion`)
) ENGINE=InnoDB DEFAULT CHARSET=latin1;

INSERT INTO `employees` (`employeeId`, `employeeType`, `designation`, `dateOfJoining`, `maritalStatus`, `name`, `dateOfBirth`, `gender`, `mobile`, `email`, `religion`, `bloodGroup`, `nationality`, `photoIdType`, `photoId`, `photo`) VALUES
('EMP18Apr095838',	'Teacher',	'Assistant teacher',	'2018-04-11',	'Married',	'Syed Muradul Islam',	'2018-04-10',	'Female',	'01929877556',	'muradcse1177@gmail.com',	'Islam',	'B+',	'Bangladesh',	'NID',	'3wertfyghj',	'/files/uploads/images/profile/1524304718.Murad.JPG'),
('EMP18Apr095958',	'Teacher',	'Assistant teacher',	'2018-04-11',	'Married',	'Syed Muradul Islam',	'2018-04-10',	'Female',	'0192923456',	'muradcse1177@gmail.com',	'Islam',	'B+',	'Bangladesh',	'NID',	'3wertfyghj',	'/files/uploads/images/profile/1524304798.Murad.JPG'),
('EMP18Apr101102',	'Officer',	'Class teacher',	'2018-04-10',	'Single',	'murad1177',	'2018-04-10',	'Male',	'01929234324',	'muradcse1177@gmail.com',	'Islam',	'B+',	'Bangladesh',	'NID',	'234567890',	'/files/uploads/images/profile/1524305462.scan0002.jpg'),
('EMP18Apr101307',	'Teacher',	'Class teacher',	'2018-04-09',	'Married',	'murad1177',	'2018-04-23',	'Female',	'1234567890',	'muradcse1177@gmail.com',	'Islam',	'AB-',	'Azerbaijan',	'Birth Registration',	'123456789',	'/files/uploads/images/profile/1524305587.scan0002.jpg'),
('EMP18Apr101452',	'Teacher',	'Class teacher',	'2018-04-09',	'Married',	'murad1177',	'2018-04-23',	'Female',	'123456785678',	'muradcse1177@gmail.com',	'Islam',	'AB-',	'Azerbaijan',	'Birth Registration',	'123456789',	'/files/uploads/images/profile/1524305692.scan0002.jpg'),
('EMP18Apr101532',	'Teacher',	'Class teacher',	'2018-04-09',	'Married',	'murad1177',	'2018-04-23',	'Female',	'123456785678345',	'muradcse1177@gmail.com',	'Islam',	'AB-',	'Azerbaijan',	'Birth Registration',	'123456789',	'/files/uploads/images/profile/1524305732.scan0002.jpg'),
('EMP18Apr102521',	'Stuff',	'2nd Class',	'2018-04-18',	'Single',	'murad1177',	'2018-04-04',	'Female',	'01929877307234',	'admin@admin.com',	'Islam',	'B-',	'Bangladesh',	'Birth Registration',	'wesfdgwqertgewr2345678',	'/files/uploads/images/profile/1524306321.scan0002.jpg'),
('EMP18Apr102708',	'Officer',	'Assistant teacher',	'2018-04-24',	'Single',	'murad1177',	'2018-04-03',	'Male',	'0192932456',	'admin@admin.com',	'Islam',	'AB-',	'Bangladesh',	'Driving License',	'3456768',	'/files/uploads/images/profile/1524306428.Murad.JPG');

DROP TABLE IF EXISTS `employee_academic_summary`;
CREATE TABLE `employee_academic_summary` (
  `id` int(11) NOT NULL AUTO_INCREMENT,
  `employeeId` varchar(50) NOT NULL,
  `levelEdu` varchar(10) DEFAULT NULL,
  `instituteName` varchar(100) DEFAULT NULL,
  `majorSub` varchar(60) DEFAULT NULL,
  `board` varchar(15) DEFAULT NULL,
  `yearOfPass` int(11) DEFAULT NULL,
  `resultGpa` double DEFAULT NULL,
  `outOf` double DEFAULT NULL,
  `achivement` varchar(2000) DEFAULT NULL,
  `time` timestamp NOT NULL DEFAULT CURRENT_TIMESTAMP ON UPDATE CURRENT_TIMESTAMP,
  PRIMARY KEY (`id`)
) ENGINE=InnoDB AUTO_INCREMENT=5 DEFAULT CHARSET=latin1;

INSERT INTO `employee_academic_summary` (`id`, `employeeId`, `levelEdu`, `instituteName`, `majorSub`, `board`, `yearOfPass`, `resultGpa`, `outOf`, `achivement`, `time`) VALUES
(1,	'EMP18Apr102708',	'jsc',	'dstfghkj',	'dsfg',	'Comilla',	2011,	3.95,	5,	'aesdrgtfhtyui',	'2018-04-21 12:12:01'),
(2,	'EMP18Apr102708',	'ssc',	'dstfghkj',	'dsfg',	'Comilla',	2014,	3.95,	5,	'aesdrgtfhtyui',	'2018-04-21 12:13:46'),
(3,	'EMP18Apr102708',	'hsc',	'dstfghkj',	'dsfg',	'Comilla',	2016,	3.95,	5,	'aesdrgtfhtyui',	'2018-04-21 12:13:57'),
(4,	'EMP18Apr102708',	'bsc',	'dstfghkj',	'dsfg',	'Comilla',	2018,	3.95,	5,	'aesdrgtfhtyui',	'2018-04-21 12:14:06');

DROP TABLE IF EXISTS `employee_attendance_details`;
CREATE TABLE `employee_attendance_details` (
  `id` int(11) NOT NULL AUTO_INCREMENT,
  `attendanceId` int(11) NOT NULL,
  `employeeId` varchar(50) NOT NULL,
  `attendance` varchar(10) NOT NULL,
  `time` timestamp NOT NULL DEFAULT CURRENT_TIMESTAMP ON UPDATE CURRENT_TIMESTAMP,
  PRIMARY KEY (`id`)
) ENGINE=InnoDB AUTO_INCREMENT=43 DEFAULT CHARSET=latin1;

INSERT INTO `employee_attendance_details` (`id`, `attendanceId`, `employeeId`, `attendance`, `time`) VALUES
(1,	1,	'EMP18Apr095838',	'Present',	'2018-04-23 06:11:38'),
(2,	1,	'EMP18Apr095958',	'Present',	'2018-04-23 06:11:38'),
(3,	1,	'EMP18Apr101307',	'Late',	'2018-04-23 06:11:38'),
(4,	1,	'EMP18Apr101452',	'Absent',	'2018-04-23 06:11:38'),
(5,	1,	'EMP18Apr101532',	'Present',	'2018-04-23 06:11:38'),
(6,	2,	'EMP18Apr095838',	'Present',	'2018-04-23 06:12:05'),
(7,	2,	'EMP18Apr095958',	'Present',	'2018-04-23 06:12:05'),
(8,	2,	'EMP18Apr101307',	'Present',	'2018-04-23 06:12:05'),
(9,	2,	'EMP18Apr101452',	'Present',	'2018-04-23 06:12:05'),
(10,	2,	'EMP18Apr101532',	'Present',	'2018-04-23 06:12:05'),
(11,	3,	'EMP18Apr101102',	'Present',	'2018-04-23 06:12:12'),
(12,	3,	'EMP18Apr102708',	'Present',	'2018-04-23 06:12:12'),
(13,	4,	'EMP18Apr102521',	'Present',	'2018-04-23 06:12:17'),
(14,	5,	'EMP18Apr095838',	'Present',	'2018-04-23 06:12:28'),
(15,	5,	'EMP18Apr095958',	'Present',	'2018-04-23 06:12:28'),
(16,	5,	'EMP18Apr101307',	'Present',	'2018-04-23 06:12:28'),
(17,	5,	'EMP18Apr101452',	'Present',	'2018-04-23 06:12:28'),
(18,	5,	'EMP18Apr101532',	'Present',	'2018-04-23 06:12:28'),
(19,	6,	'EMP18Apr095838',	'Present',	'2018-04-23 06:12:32'),
(20,	6,	'EMP18Apr095958',	'Present',	'2018-04-23 06:12:32'),
(21,	6,	'EMP18Apr101307',	'Present',	'2018-04-23 06:12:32'),
(22,	6,	'EMP18Apr101452',	'Present',	'2018-04-23 06:12:32'),
(23,	6,	'EMP18Apr101532',	'Present',	'2018-04-23 06:12:32'),
(24,	7,	'EMP18Apr095838',	'Present',	'2018-04-23 06:12:35'),
(25,	7,	'EMP18Apr095958',	'Present',	'2018-04-23 06:12:35'),
(26,	7,	'EMP18Apr101307',	'Present',	'2018-04-23 06:12:35'),
(27,	7,	'EMP18Apr101452',	'Present',	'2018-04-23 06:12:35'),
(28,	7,	'EMP18Apr101532',	'Present',	'2018-04-23 06:12:35'),
(29,	8,	'EMP18Apr101102',	'Present',	'2018-04-23 06:12:41'),
(30,	8,	'EMP18Apr102708',	'Present',	'2018-04-23 06:12:41'),
(31,	9,	'EMP18Apr101102',	'Present',	'2018-04-23 06:12:45'),
(32,	9,	'EMP18Apr102708',	'Present',	'2018-04-23 06:12:45'),
(33,	10,	'EMP18Apr095838',	'Present',	'2018-04-23 06:12:50'),
(34,	10,	'EMP18Apr095958',	'Present',	'2018-04-23 06:12:50'),
(35,	10,	'EMP18Apr101307',	'Present',	'2018-04-23 06:12:50'),
(36,	10,	'EMP18Apr101452',	'Present',	'2018-04-23 06:12:50'),
(37,	10,	'EMP18Apr101532',	'Present',	'2018-04-23 06:12:50'),
(38,	11,	'EMP18Apr095838',	'Present',	'2018-05-26 04:48:09'),
(39,	11,	'EMP18Apr095958',	'Present',	'2018-05-26 04:48:09'),
(40,	11,	'EMP18Apr101307',	'Present',	'2018-05-26 04:48:09'),
(41,	11,	'EMP18Apr101452',	'Present',	'2018-05-26 04:48:09'),
(42,	11,	'EMP18Apr101532',	'Present',	'2018-05-26 04:48:09');

DROP TABLE IF EXISTS `employee_attendance_summary`;
CREATE TABLE `employee_attendance_summary` (
  `attendanceId` int(11) NOT NULL AUTO_INCREMENT,
  `employeeType` varchar(10) NOT NULL,
  `date` date NOT NULL,
  PRIMARY KEY (`attendanceId`)
) ENGINE=InnoDB AUTO_INCREMENT=12 DEFAULT CHARSET=latin1;

INSERT INTO `employee_attendance_summary` (`attendanceId`, `employeeType`, `date`) VALUES
(1,	'Teacher',	'2018-04-01'),
(2,	'Teacher',	'2018-04-02'),
(3,	'Officer',	'2018-04-02'),
(4,	'Stuff',	'2018-04-02'),
(5,	'Teacher',	'2018-04-04'),
(6,	'Teacher',	'2018-04-05'),
(7,	'Teacher',	'2018-04-06'),
(8,	'Officer',	'2018-04-06'),
(9,	'Officer',	'2018-04-07'),
(10,	'Teacher',	'2018-04-07'),
(11,	'Teacher',	'2018-05-01');

DROP TABLE IF EXISTS `employee_base_salary`;
CREATE TABLE `employee_base_salary` (
  `id` int(11) NOT NULL AUTO_INCREMENT,
  `employeeId` varchar(30) NOT NULL,
  `scale` int(11) NOT NULL,
  `netSalary` int(11) NOT NULL,
  `basic` int(11) DEFAULT NULL,
  `medical` int(11) DEFAULT NULL,
  `houseRent` int(11) DEFAULT NULL,
  `conveyance` int(11) DEFAULT NULL,
  `allowance` int(11) DEFAULT NULL,
  `transAllowance` int(11) DEFAULT NULL,
  `dailyAllowance` int(11) DEFAULT NULL,
  `proFund` int(11) DEFAULT NULL,
  `loan` int(11) DEFAULT NULL,
  `bima` int(11) DEFAULT NULL,
  `fund` int(11) DEFAULT NULL,
  PRIMARY KEY (`id`)
) ENGINE=InnoDB AUTO_INCREMENT=4 DEFAULT CHARSET=latin1;

INSERT INTO `employee_base_salary` (`id`, `employeeId`, `scale`, `netSalary`, `basic`, `medical`, `houseRent`, `conveyance`, `allowance`, `transAllowance`, `dailyAllowance`, `proFund`, `loan`, `bima`, `fund`) VALUES
(1,	'EMP18Apr095838',	9,	35000,	60,	10,	20,	1,	1,	5,	3,	10,	NULL,	3,	2),
(2,	'EMP18Apr101102',	7,	45000,	60,	10,	20,	0,	0,	5,	5,	10,	NULL,	3,	2),
(3,	'EMP18Apr095958',	11,	15000,	60,	10,	20,	0,	0,	5,	5,	10,	NULL,	3,	2);

DROP TABLE IF EXISTS `employee_designation`;
CREATE TABLE `employee_designation` (
  `designationName` varchar(50) NOT NULL,
  PRIMARY KEY (`designationName`)
) ENGINE=InnoDB DEFAULT CHARSET=latin1;

INSERT INTO `employee_designation` (`designationName`) VALUES
('1st Class'),
('2nd Class'),
('Assistant teacher'),
('Class teacher'),
('Head Master'),
('Hostel Super'),
('Hr'),
('Librarian'),
('Officer'),
('Principal'),
('Tranport Manager');

DROP TABLE IF EXISTS `employee_leave`;
CREATE TABLE `employee_leave` (
  `id` int(11) NOT NULL AUTO_INCREMENT,
  `leaveName` varchar(100) NOT NULL,
  PRIMARY KEY (`id`)
) ENGINE=InnoDB AUTO_INCREMENT=5 DEFAULT CHARSET=latin1;

INSERT INTO `employee_leave` (`id`, `leaveName`) VALUES
(2,	'Casual Leave'),
(3,	'Sick Leave'),
(4,	'Annual Leave');

DROP TABLE IF EXISTS `employee_leave_details`;
CREATE TABLE `employee_leave_details` (
  `id` int(11) NOT NULL AUTO_INCREMENT,
  `employeeId` varchar(30) NOT NULL,
  `leaveType` varchar(30) NOT NULL,
  `startDate` date NOT NULL,
  `endDate` date NOT NULL,
  `joiningDate` date NOT NULL,
  PRIMARY KEY (`id`)
) ENGINE=InnoDB AUTO_INCREMENT=5 DEFAULT CHARSET=latin1;

INSERT INTO `employee_leave_details` (`id`, `employeeId`, `leaveType`, `startDate`, `endDate`, `joiningDate`) VALUES
(2,	'EMP18Apr095838',	'Annual Leave',	'2018-04-02',	'2018-04-05',	'2018-04-08'),
(3,	'EMP18Apr095958',	'Casual Leave',	'2018-04-01',	'2018-04-02',	'2018-04-03'),
(4,	'EMP18Apr101102',	'Sick Leave',	'2018-04-01',	'2018-04-02',	'2018-04-03');

DROP TABLE IF EXISTS `employee_salary_status`;
CREATE TABLE `employee_salary_status` (
  `id` int(11) NOT NULL AUTO_INCREMENT,
  `employeeId` varchar(30) NOT NULL,
  `date` date NOT NULL,
  `status` varchar(20) NOT NULL,
  PRIMARY KEY (`id`)
) ENGINE=InnoDB AUTO_INCREMENT=15 DEFAULT CHARSET=latin1;

INSERT INTO `employee_salary_status` (`id`, `employeeId`, `date`, `status`) VALUES
(2,	'EMP18Apr095838',	'2018-04-24',	'Paid'),
(12,	'EMP18Apr095958',	'2018-04-24',	'Paid'),
(13,	'EMP18Apr101102',	'2018-04-24',	'Paid'),
(14,	'EMP18Apr095838',	'2018-05-26',	'Paid');

DROP TABLE IF EXISTS `employee_tax`;
CREATE TABLE `employee_tax` (
  `id` int(11) NOT NULL AUTO_INCREMENT,
  `startBasic` int(11) NOT NULL,
  `endBasic` int(11) NOT NULL,
  `taxAmount` int(11) NOT NULL,
  `time` timestamp NOT NULL DEFAULT CURRENT_TIMESTAMP ON UPDATE CURRENT_TIMESTAMP,
  PRIMARY KEY (`id`)
) ENGINE=InnoDB AUTO_INCREMENT=4 DEFAULT CHARSET=latin1;

INSERT INTO `employee_tax` (`id`, `startBasic`, `endBasic`, `taxAmount`, `time`) VALUES
(1,	15000,	20000,	5,	'2018-04-24 04:58:59'),
(2,	20000,	30000,	7,	'2018-04-24 04:59:21'),
(3,	35000,	50000,	10,	'2018-04-24 05:11:54');

DROP TABLE IF EXISTS `employee_types`;
CREATE TABLE `employee_types` (
  `employeeTypes` varchar(30) NOT NULL,
  PRIMARY KEY (`employeeTypes`)
) ENGINE=InnoDB DEFAULT CHARSET=latin1;


DROP TABLE IF EXISTS `employe_train_sum`;
CREATE TABLE `employe_train_sum` (
  `id` int(11) NOT NULL AUTO_INCREMENT,
  `employeeId` varchar(30) NOT NULL,
  `trainingTitle` varchar(300) DEFAULT NULL,
  `country` varchar(30) DEFAULT NULL,
  `topicsCover` varchar(1000) DEFAULT NULL,
  `trainigYear` varchar(10) DEFAULT NULL,
  `institute` varchar(100) DEFAULT NULL,
  `duration` varchar(20) DEFAULT NULL,
  `location` varchar(50) DEFAULT NULL,
  PRIMARY KEY (`id`)
) ENGINE=InnoDB AUTO_INCREMENT=5 DEFAULT CHARSET=latin1;

INSERT INTO `employe_train_sum` (`id`, `employeeId`, `trainingTitle`, `country`, `topicsCover`, `trainigYear`, `institute`, `duration`, `location`) VALUES
(2,	'EMP18Apr102708',	'sdfgdrgfh qwedfv dfghj',	'Indonesia',	'qwadsffdgf,awerttrytu,esrttfy',	'2015',	'dsdffdewfdvewdfv',	'12',	'dhaka'),
(3,	'EMP18Apr102708',	'sdfgdrgfh qwedfv dfghj zsdfghj',	'Indonesia',	'qwadsffdgf,awerttrytu,esrttfy',	'2015',	'dsdffdewfdvewdfv',	'12',	'dhaka'),
(4,	'EMP18Apr102708',	'sdfgdrgfh qwedfv dfghj zsdfghj zsdfghjk',	'Indonesia',	'qwadsffdgf,awerttrytu,esrttfy',	'2015',	'dsdffdewfdvewdfv',	'12',	'dhaka');

DROP TABLE IF EXISTS `exam_allexams`;
CREATE TABLE `exam_allexams` (
  `examId` bigint(20) NOT NULL AUTO_INCREMENT,
  `sessionName` varchar(20) NOT NULL,
  `examName` varchar(50) NOT NULL,
  `class` bigint(20) NOT NULL,
  `courseId` int(11) NOT NULL,
  PRIMARY KEY (`examId`),
  KEY `sessionName` (`sessionName`)
) ENGINE=InnoDB AUTO_INCREMENT=21 DEFAULT CHARSET=latin1;

INSERT INTO `exam_allexams` (`examId`, `sessionName`, `examName`, `class`, `courseId`) VALUES
(11,	'2017-18',	'1st Term',	8,	105),
(12,	'2016-17',	'1st Term',	8,	105),
(13,	'2016-17',	'1st Term',	12,	101),
(14,	'2016-17',	'1st Term',	12,	1245),
(15,	'2016-17',	'1st Term',	12,	1111),
(16,	'2016-17',	'1st Term',	12,	10125),
(17,	'2016-17',	'1st Term',	12,	15236),
(18,	'2016-17',	'1st Term',	12,	1234),
(19,	'2016-17',	'1st Term',	12,	32536),
(20,	'2016-17',	'1st Term',	12,	152);

DROP TABLE IF EXISTS `exam_gpa`;
CREATE TABLE `exam_gpa` (
  `id` int(11) NOT NULL AUTO_INCREMENT,
  `class` varchar(50) NOT NULL,
  `courseCode` varchar(50) NOT NULL,
  `lowerMark` double NOT NULL,
  `upperMark` double NOT NULL,
  `gpa` double NOT NULL,
  `grade` varchar(50) NOT NULL,
  PRIMARY KEY (`id`)
) ENGINE=InnoDB AUTO_INCREMENT=66 DEFAULT CHARSET=latin1;

INSERT INTO `exam_gpa` (`id`, `class`, `courseCode`, `lowerMark`, `upperMark`, `gpa`, `grade`) VALUES
(1,	'12',	'101',	80,	100,	5,	'A+'),
(2,	'12',	'101',	70,	79,	4,	'A'),
(3,	'12',	'101',	60,	69,	3.5,	'A-'),
(4,	'12',	'101',	50,	59,	3,	'B'),
(6,	'12',	'101',	40,	49,	2.5,	'C'),
(8,	'12',	'101',	33,	39,	2,	'D'),
(9,	'8',	'105',	80,	100,	5,	'A+'),
(10,	'8',	'105',	70,	79,	4,	'A'),
(11,	'8',	'105',	60,	69,	3.5,	'A-'),
(12,	'12',	'1245',	80,	100,	5,	'A+'),
(13,	'12',	'1245',	70,	79,	4,	'A'),
(14,	'12',	'1245',	60,	69,	3.5,	'A-'),
(15,	'12',	'1245',	50,	60,	3,	'B'),
(16,	'12',	'1245',	40,	49,	2.5,	'C'),
(17,	'12',	'1245',	33,	39,	2,	'D'),
(18,	'12',	'1111',	80,	100,	5,	'A+'),
(19,	'12',	'1111',	70,	79,	4,	'A'),
(20,	'12',	'1111',	60,	69,	3.5,	'A-'),
(21,	'12',	'1111',	50,	60,	3,	'B'),
(22,	'12',	'1111',	40,	49,	2.5,	'C'),
(23,	'12',	'1111',	33,	39,	2,	'D'),
(24,	'12',	'10125',	80,	100,	5,	'A+'),
(25,	'12',	'10125',	70,	79,	4,	'A'),
(26,	'12',	'10125',	60,	69,	3.5,	'A-'),
(27,	'12',	'10125',	50,	60,	3,	'B'),
(28,	'12',	'10125',	40,	49,	2.5,	'C'),
(29,	'12',	'10125',	33,	39,	2,	'D'),
(30,	'12',	'15236',	80,	100,	5,	'A+'),
(31,	'12',	'15236',	70,	79,	4,	'A'),
(32,	'12',	'15236',	60,	69,	3.5,	'A-'),
(33,	'12',	'15236',	50,	60,	3,	'B'),
(34,	'12',	'15236',	40,	49,	2.5,	'C'),
(35,	'12',	'15236',	33,	39,	2,	'D'),
(36,	'12',	'1234',	80,	100,	5,	'A+'),
(37,	'12',	'1234',	70,	79,	4,	'A'),
(38,	'12',	'1234',	60,	69,	3.5,	'A-'),
(39,	'12',	'1234',	50,	60,	3,	'B'),
(40,	'12',	'1234',	40,	49,	2.5,	'C'),
(41,	'12',	'1234',	33,	39,	2,	'D'),
(42,	'12',	'32536',	80,	100,	5,	'A+'),
(43,	'12',	'32536',	70,	79,	4,	'A'),
(44,	'12',	'32536',	60,	69,	3.5,	'A-'),
(45,	'12',	'32536',	50,	60,	3,	'B'),
(46,	'12',	'32536',	40,	49,	2.5,	'C'),
(47,	'12',	'32536',	33,	39,	2,	'D'),
(48,	'12',	'152',	80,	100,	5,	'A+'),
(49,	'12',	'152',	70,	79,	4,	'A'),
(50,	'12',	'152',	60,	69,	3.5,	'A-'),
(51,	'12',	'152',	50,	60,	3,	'B'),
(52,	'12',	'152',	40,	49,	2.5,	'C'),
(53,	'12',	'152',	33,	39,	2,	'D');

DROP TABLE IF EXISTS `exam_marks_details`;
CREATE TABLE `exam_marks_details` (
  `marksId` bigint(20) NOT NULL AUTO_INCREMENT,
  `fullMarks` double DEFAULT NULL,
  `written` double DEFAULT NULL,
  `objective` double DEFAULT NULL,
  `practical` double DEFAULT NULL,
  `ct` double DEFAULT NULL,
  `attendance` double DEFAULT NULL,
  `sar` double DEFAULT NULL,
  `ca` double DEFAULT NULL,
  `assesment` double DEFAULT NULL,
  PRIMARY KEY (`marksId`)
) ENGINE=InnoDB DEFAULT CHARSET=latin1;


DROP TABLE IF EXISTS `exam_marks_distribution`;
CREATE TABLE `exam_marks_distribution` (
  `id` bigint(20) NOT NULL AUTO_INCREMENT,
  `class` int(11) NOT NULL,
  `courseCode` varchar(10) NOT NULL,
  `fullMarks` double NOT NULL,
  `written` double NOT NULL,
  `objective` double NOT NULL,
  `practical` double DEFAULT '0',
  `ct` double DEFAULT '0',
  `attendance` double DEFAULT '0',
  `sar` double DEFAULT '0',
  `ca` double DEFAULT '0',
  `assesment` double DEFAULT '0',
  PRIMARY KEY (`id`)
) ENGINE=InnoDB AUTO_INCREMENT=14 DEFAULT CHARSET=latin1;

INSERT INTO `exam_marks_distribution` (`id`, `class`, `courseCode`, `fullMarks`, `written`, `objective`, `practical`, `ct`, `attendance`, `sar`, `ca`, `assesment`) VALUES
(4,	8,	'105',	100,	50,	20,	20,	5,	5,	0,	0,	0),
(5,	8,	'103',	100,	50,	20,	20,	5,	5,	0,	0,	0),
(6,	12,	'101',	100,	50,	20,	20,	5,	5,	0,	0,	0),
(7,	12,	'1245',	100,	50,	20,	20,	5,	5,	0,	0,	0),
(8,	12,	'1111',	100,	50,	20,	20,	5,	5,	0,	0,	0),
(9,	12,	'10125',	100,	50,	20,	20,	5,	5,	0,	0,	0),
(10,	12,	'15236',	100,	50,	20,	20,	5,	5,	0,	0,	0),
(11,	12,	'1234',	100,	50,	20,	20,	5,	5,	0,	0,	0),
(12,	12,	'32536',	100,	50,	20,	20,	5,	5,	0,	0,	0),
(13,	12,	'152',	100,	50,	20,	20,	5,	5,	0,	0,	0);

DROP TABLE IF EXISTS `exam_marks_summary`;
CREATE TABLE `exam_marks_summary` (
  `marksId` bigint(20) NOT NULL AUTO_INCREMENT,
  `examId` bigint(20) NOT NULL,
  `studentId` bigint(20) NOT NULL,
  PRIMARY KEY (`marksId`),
  KEY `examId` (`examId`),
  KEY `studentId` (`studentId`)
) ENGINE=InnoDB DEFAULT CHARSET=latin1;


DROP TABLE IF EXISTS `exam_marks_types`;
CREATE TABLE `exam_marks_types` (
  `markstype` varchar(50) NOT NULL,
  PRIMARY KEY (`markstype`)
) ENGINE=InnoDB DEFAULT CHARSET=latin1;


DROP TABLE IF EXISTS `exam_names`;
CREATE TABLE `exam_names` (
  `id` int(11) NOT NULL AUTO_INCREMENT,
  `examName` varchar(50) NOT NULL,
  `status` int(11) NOT NULL,
  PRIMARY KEY (`examName`),
  UNIQUE KEY `id` (`id`)
) ENGINE=InnoDB AUTO_INCREMENT=17 DEFAULT CHARSET=latin1;

INSERT INTO `exam_names` (`id`, `examName`, `status`) VALUES
(7,	'1st Term',	1),
(15,	'2nd term',	1),
(16,	'Final Exam',	1);

DROP TABLE IF EXISTS `exam_sub_schedule`;
CREATE TABLE `exam_sub_schedule` (
  `id` int(11) NOT NULL AUTO_INCREMENT,
  `examId` int(11) NOT NULL,
  `date` varchar(20) NOT NULL,
  `startTime` varchar(20) NOT NULL,
  `endTime` varchar(20) NOT NULL,
  `roomNo` varchar(20) NOT NULL,
  `TeacherName` varchar(100) NOT NULL,
  PRIMARY KEY (`id`)
) ENGINE=InnoDB AUTO_INCREMENT=16 DEFAULT CHARSET=latin1;

INSERT INTO `exam_sub_schedule` (`id`, `examId`, `date`, `startTime`, `endTime`, `roomNo`, `TeacherName`) VALUES
(8,	13,	'2018-04-01',	'9.30am',	'12.30pm',	'204',	'EMP18Apr095838'),
(9,	14,	'2018-04-02',	'9.30am',	'12.30pm',	'204',	'EMP18Apr095838'),
(10,	15,	'2018-04-03',	'9.30am',	'12.30pm',	'204',	'EMP18Apr095838'),
(11,	16,	'2018-04-04',	'9.30am',	'12.30pm',	'204',	'EMP18Apr095838'),
(12,	17,	'2018-04-05',	'9.30am',	'12.30pm',	'204',	'EMP18Apr095838'),
(13,	18,	'2018-04-07',	'9.30am',	'12.30pm',	'204',	'EMP18Apr095838'),
(14,	19,	'2018-04-08',	'9.30am',	'12.30pm',	'204',	'EMP18Apr095838'),
(15,	20,	'',	'',	'',	'',	'');

DROP TABLE IF EXISTS `fees_for_fine`;
CREATE TABLE `fees_for_fine` (
  `id` int(11) NOT NULL AUTO_INCREMENT,
  `fineName` varchar(100) NOT NULL,
  `fineType` varchar(100) NOT NULL,
  `amount` double NOT NULL,
  PRIMARY KEY (`id`)
) ENGINE=InnoDB AUTO_INCREMENT=9 DEFAULT CHARSET=latin1;

INSERT INTO `fees_for_fine` (`id`, `fineName`, `fineType`, `amount`) VALUES
(5,	'Late',	'1',	0.5),
(6,	'Absent',	'1',	1),
(7,	'Library Fine',	'1',	2),
(8,	'Tution Fine',	'30',	10);

DROP TABLE IF EXISTS `fees_history`;
CREATE TABLE `fees_history` (
  `id` int(11) NOT NULL AUTO_INCREMENT,
  `feesTimeID` int(11) NOT NULL,
  `feesId` int(11) NOT NULL,
  `amount` int(11) DEFAULT NULL,
  PRIMARY KEY (`id`),
  KEY `feesId` (`feesId`)
) ENGINE=InnoDB AUTO_INCREMENT=140 DEFAULT CHARSET=latin1;

INSERT INTO `fees_history` (`id`, `feesTimeID`, `feesId`, `amount`) VALUES
(119,	78,	1,	240),
(120,	78,	2,	125),
(121,	78,	3,	85),
(122,	78,	4,	45),
(123,	78,	5,	20),
(124,	78,	6,	250),
(125,	78,	7,	25),
(126,	78,	8,	10),
(127,	78,	9,	225),
(128,	78,	10,	35),
(129,	78,	11,	25),
(130,	78,	12,	45),
(131,	78,	13,	25),
(132,	78,	14,	45),
(133,	78,	15,	10),
(134,	78,	16,	35),
(135,	78,	17,	10),
(136,	78,	18,	55),
(137,	78,	19,	30),
(138,	78,	20,	7);

DROP TABLE IF EXISTS `fees_history_hostel`;
CREATE TABLE `fees_history_hostel` (
  `id` int(11) NOT NULL AUTO_INCREMENT,
  `feesTimeID` int(11) NOT NULL,
  `feesId` int(11) NOT NULL,
  `amount` int(11) DEFAULT NULL,
  PRIMARY KEY (`id`),
  KEY `feesId` (`feesId`)
) ENGINE=InnoDB AUTO_INCREMENT=10 DEFAULT CHARSET=latin1;

INSERT INTO `fees_history_hostel` (`id`, `feesTimeID`, `feesId`, `amount`) VALUES
(7,	4,	22,	1005),
(8,	4,	4,	10);

DROP TABLE IF EXISTS `fees_name`;
CREATE TABLE `fees_name` (
  `feesId` int(11) NOT NULL AUTO_INCREMENT,
  `feesName` varchar(100) NOT NULL,
  `repition` int(11) DEFAULT NULL,
  PRIMARY KEY (`feesId`)
) ENGINE=InnoDB AUTO_INCREMENT=23 DEFAULT CHARSET=latin1;

INSERT INTO `fees_name` (`feesId`, `feesName`, `repition`) VALUES
(1,	'Tution',	0),
(2,	'Admission',	0),
(3,	'Examination',	0),
(4,	'Genaerator',	0),
(5,	'Games & Sports',	0),
(6,	'Excursion/Picnic',	0),
(7,	'Health Care',	0),
(8,	'Library & Magazine',	0),
(9,	'Development & Maintenance',	0),
(10,	'Cultural',	0),
(11,	'Library Charge',	0),
(12,	'Lab',	0),
(13,	'Computer',	0),
(14,	'Transport',	0),
(15,	'Family Security Scheme',	0),
(16,	'Religion',	0),
(17,	'Fine',	0),
(18,	'ID Card',	0),
(19,	'Common Room',	0),
(21,	'Miscellaneous',	0),
(22,	'Messing Charge',	NULL);

DROP TABLE IF EXISTS `fees_status`;
CREATE TABLE `fees_status` (
  `id` int(11) NOT NULL AUTO_INCREMENT,
  `studentId` int(11) NOT NULL,
  `session` varchar(15) NOT NULL,
  `year` int(11) NOT NULL,
  `month` int(11) NOT NULL,
  `amount` int(11) NOT NULL,
  `status` varchar(10) NOT NULL,
  `date` date NOT NULL,
  PRIMARY KEY (`id`)
) ENGINE=InnoDB AUTO_INCREMENT=65 DEFAULT CHARSET=latin1;

INSERT INTO `fees_status` (`id`, `studentId`, `session`, `year`, `month`, `amount`, `status`, `date`) VALUES
(6,	1,	'2016-17',	2018,	3,	1340,	'paid',	'2018-05-28'),
(7,	2,	'2016-17',	2018,	3,	1340,	'paid',	'2018-05-28'),
(8,	3,	'2016-17',	2018,	3,	0,	'unpaid',	'2018-05-28'),
(9,	4,	'2016-17',	2018,	3,	0,	'unpaid',	'2018-05-28'),
(10,	5,	'2016-17',	2018,	3,	0,	'unpaid',	'2018-05-28'),
(11,	6,	'2016-17',	2018,	3,	0,	'unpaid',	'2018-05-28'),
(12,	7,	'2016-17',	2018,	3,	0,	'unpaid',	'2018-05-28'),
(13,	8,	'2016-17',	2018,	3,	0,	'unpaid',	'2018-05-28'),
(14,	9,	'2016-17',	2018,	3,	0,	'unpaid',	'2018-05-28'),
(15,	10,	'2016-17',	2018,	3,	0,	'unpaid',	'2018-05-28'),
(16,	11,	'2016-17',	2018,	3,	0,	'unpaid',	'2018-05-28'),
(17,	12,	'2016-17',	2018,	3,	0,	'unpaid',	'2018-05-28'),
(18,	13,	'2016-17',	2018,	3,	0,	'unpaid',	'2018-05-28'),
(19,	14,	'2016-17',	2018,	3,	0,	'unpaid',	'2018-05-28'),
(20,	15,	'2016-17',	2018,	3,	0,	'unpaid',	'2018-05-28'),
(21,	16,	'2016-17',	2018,	3,	0,	'unpaid',	'2018-05-28'),
(22,	17,	'2016-17',	2018,	3,	0,	'unpaid',	'2018-05-28'),
(23,	18,	'2016-17',	2018,	3,	0,	'unpaid',	'2018-05-28'),
(24,	19,	'2016-17',	2018,	3,	0,	'unpaid',	'2018-05-28'),
(25,	20,	'2016-17',	2018,	3,	0,	'unpaid',	'2018-05-28'),
(26,	21,	'2016-17',	2018,	3,	0,	'unpaid',	'2018-05-28'),
(27,	22,	'2016-17',	2018,	3,	0,	'unpaid',	'2018-05-28'),
(28,	23,	'2016-17',	2018,	3,	0,	'unpaid',	'2018-05-28'),
(29,	24,	'2016-17',	2018,	3,	0,	'unpaid',	'2018-05-28'),
(30,	25,	'2016-17',	2018,	3,	0,	'unpaid',	'2018-05-28'),
(31,	26,	'2016-17',	2018,	3,	0,	'unpaid',	'2018-05-28'),
(32,	27,	'2016-17',	2018,	3,	0,	'unpaid',	'2018-05-28'),
(33,	28,	'2016-17',	2018,	3,	0,	'unpaid',	'2018-05-28'),
(34,	29,	'2016-17',	2018,	3,	0,	'unpaid',	'2018-05-28'),
(35,	30,	'2016-17',	2018,	3,	0,	'unpaid',	'2018-05-28'),
(36,	31,	'2016-17',	2018,	3,	0,	'unpaid',	'2018-05-28'),
(37,	32,	'2016-17',	2018,	3,	0,	'unpaid',	'2018-05-28'),
(38,	33,	'2016-17',	2018,	3,	0,	'unpaid',	'2018-05-28'),
(39,	34,	'2016-17',	2018,	3,	0,	'unpaid',	'2018-05-28'),
(40,	35,	'2016-17',	2018,	3,	0,	'unpaid',	'2018-05-28'),
(41,	36,	'2016-17',	2018,	3,	0,	'unpaid',	'2018-05-28'),
(42,	37,	'2016-17',	2018,	3,	0,	'unpaid',	'2018-05-28'),
(43,	38,	'2016-17',	2018,	3,	0,	'unpaid',	'2018-05-28'),
(44,	39,	'2016-17',	2018,	3,	0,	'unpaid',	'2018-05-28'),
(45,	40,	'2016-17',	2018,	3,	0,	'unpaid',	'2018-05-28'),
(46,	41,	'2016-17',	2018,	3,	0,	'unpaid',	'2018-05-28'),
(47,	42,	'2016-17',	2018,	3,	1340,	'paid',	'2018-05-28'),
(48,	43,	'2016-17',	2018,	3,	0,	'unpaid',	'2018-05-28'),
(49,	44,	'2016-17',	2018,	3,	0,	'unpaid',	'2018-05-28'),
(50,	45,	'2016-17',	2018,	3,	0,	'unpaid',	'2018-05-28'),
(51,	46,	'2016-17',	2018,	3,	0,	'unpaid',	'2018-05-28'),
(52,	47,	'2016-17',	2018,	3,	0,	'unpaid',	'2018-05-28'),
(53,	48,	'2016-17',	2018,	3,	0,	'unpaid',	'2018-05-28'),
(54,	49,	'2016-17',	2018,	3,	0,	'unpaid',	'2018-05-28'),
(55,	50,	'2016-17',	2018,	3,	0,	'unpaid',	'2018-05-28'),
(56,	51,	'2016-17',	2018,	3,	0,	'unpaid',	'2018-05-28'),
(57,	52,	'2016-17',	2018,	3,	0,	'unpaid',	'2018-05-28'),
(58,	53,	'2016-17',	2018,	3,	0,	'unpaid',	'2018-05-28'),
(59,	54,	'2016-17',	2018,	3,	0,	'unpaid',	'2018-05-28'),
(60,	55,	'2016-17',	2018,	3,	0,	'unpaid',	'2018-05-28'),
(61,	56,	'2016-17',	2018,	3,	0,	'unpaid',	'2018-05-28'),
(62,	57,	'2016-17',	2018,	3,	0,	'unpaid',	'2018-05-28'),
(63,	58,	'2016-17',	2018,	3,	0,	'unpaid',	'2018-05-28'),
(64,	59,	'2016-17',	2018,	3,	0,	'unpaid',	'2018-05-28');

DROP TABLE IF EXISTS `fees_status_hostel`;
CREATE TABLE `fees_status_hostel` (
  `id` int(11) NOT NULL AUTO_INCREMENT,
  `studentId` int(11) NOT NULL,
  `session` varchar(15) NOT NULL,
  `year` int(11) NOT NULL,
  `month` int(11) NOT NULL,
  `amount` int(11) NOT NULL,
  `status` varchar(10) NOT NULL,
  `hostelName` varchar(100) NOT NULL,
  `date` date NOT NULL,
  PRIMARY KEY (`id`)
) ENGINE=InnoDB AUTO_INCREMENT=4 DEFAULT CHARSET=latin1;

INSERT INTO `fees_status_hostel` (`id`, `studentId`, `session`, `year`, `month`, `amount`, `status`, `hostelName`, `date`) VALUES
(2,	42,	'2016-17',	2018,	3,	1015,	'paid',	'Chitra',	'2018-05-28'),
(3,	44,	'2016-17',	2018,	3,	1015,	'paid',	'Chitra',	'2018-05-28');

DROP TABLE IF EXISTS `fees_time`;
CREATE TABLE `fees_time` (
  `feesTimeId` int(11) NOT NULL AUTO_INCREMENT,
  `classId` bigint(20) NOT NULL,
  `year` int(11) NOT NULL,
  `month` int(11) NOT NULL,
  PRIMARY KEY (`feesTimeId`),
  KEY `classId` (`classId`)
) ENGINE=InnoDB AUTO_INCREMENT=81 DEFAULT CHARSET=latin1;

INSERT INTO `fees_time` (`feesTimeId`, `classId`, `year`, `month`) VALUES
(78,	4,	2018,	3);

DROP TABLE IF EXISTS `fees_time_hostel`;
CREATE TABLE `fees_time_hostel` (
  `feesTimeId` int(11) NOT NULL AUTO_INCREMENT,
  `classId` bigint(20) NOT NULL,
  `year` int(11) NOT NULL,
  `month` int(11) NOT NULL,
  `hostelName` varchar(100) NOT NULL,
  PRIMARY KEY (`feesTimeId`),
  KEY `classId` (`classId`)
) ENGINE=InnoDB AUTO_INCREMENT=5 DEFAULT CHARSET=latin1;

INSERT INTO `fees_time_hostel` (`feesTimeId`, `classId`, `year`, `month`, `hostelName`) VALUES
(4,	4,	2018,	3,	'Chitra');

DROP TABLE IF EXISTS `fnf_details`;
CREATE TABLE `fnf_details` (
  `fnfId` int(11) NOT NULL AUTO_INCREMENT,
  `fnfType` varchar(30) NOT NULL,
  `userId` varchar(50) NOT NULL,
  `name` varchar(50) NOT NULL,
  `mobile` varchar(50) DEFAULT NULL,
  `email` varchar(50) DEFAULT NULL,
  `photoLink` varchar(100) DEFAULT NULL,
  `occupation` varchar(50) DEFAULT NULL,
  `yearlyIncome` bigint(20) DEFAULT NULL,
  `photoIdType` varchar(50) DEFAULT NULL,
  `photoIdNo` varchar(50) DEFAULT NULL,
  `nationality` varchar(50) DEFAULT NULL,
  `relationship` varchar(50) DEFAULT NULL,
  `address` varchar(100) DEFAULT NULL,
  `created_at` datetime NOT NULL DEFAULT CURRENT_TIMESTAMP,
  PRIMARY KEY (`fnfId`)
) ENGINE=InnoDB AUTO_INCREMENT=10 DEFAULT CHARSET=latin1;

INSERT INTO `fnf_details` (`fnfId`, `fnfType`, `userId`, `name`, `mobile`, `email`, `photoLink`, `occupation`, `yearlyIncome`, `photoIdType`, `photoIdNo`, `nationality`, `relationship`, `address`, `created_at`) VALUES
(1,	'Father',	'125',	'Md. Rezaul Karim',	'0174845454545',	'dfcvghubnji@ftyvgbhunj.com',	NULL,	'Business',	451841251,	'NID',	'486513264',	'Bangladesh',	NULL,	'vbh vhjsvjhsvjhsd bhjsbvjs b',	'2018-02-19 12:59:44'),
(2,	'Mother',	'125',	'Azady Begum',	'01745896521',	'dfgh@ghj.com',	NULL,	'fyghujngf',	845125,	'Passport',	'45312135',	'Armenia',	NULL,	'fv hg vhgv hg vg vgnvgj',	'2018-02-19 13:03:56'),
(3,	'Emergency',	'125',	'Abul Kaman Azad',	'0176652365',	'fvghj@Ghjk.com',	NULL,	'gvfyghujnhg',	865353,	'Driving License',	'65356432',	'Bahrain',	'Brother',	'hgjhjnhjvfhvghbn',	'2018-02-19 13:04:52'),
(5,	'Father',	'EMP18Apr102708',	'Nitu Bakshi',	'01915185988',	'dfghjfgh@ertgtryj.com',	NULL,	'Bussinessman',	234567,	'NID',	'34567890-',	'Bangladesh',	NULL,	'ASDFGHJKLASDFGHSDFG',	'2018-04-21 17:26:45'),
(8,	'Mother',	'EMP18Apr102708',	'Nitu Bakshi',	'12345678',	'dfghjfgh@ertgtryj.com',	NULL,	'Bussinessman',	23456,	'NID',	'2345674567',	'Bangladesh',	NULL,	'ZXCVBNZSDXGFVHasdfghj',	'2018-04-21 17:27:32'),
(9,	'Emergency',	'EMP18Apr102708',	'Nitu Bakshi',	'12345678',	'QWERTYG@DSFGH.com',	NULL,	'Bussinessman',	34567,	'Driving License',	'234567',	'Bangladesh',	'Brother',	'1234454',	'2018-04-21 17:28:12');

DROP TABLE IF EXISTS `fnf_types`;
CREATE TABLE `fnf_types` (
  `name` varchar(50) NOT NULL,
  PRIMARY KEY (`name`)
) ENGINE=InnoDB DEFAULT CHARSET=latin1;

INSERT INTO `fnf_types` (`name`) VALUES
('Emergency'),
('Father'),
('Guardian'),
('Mother'),
('Reference'),
('Spouse');

DROP TABLE IF EXISTS `hostel_allocation`;
CREATE TABLE `hostel_allocation` (
  `id` int(11) NOT NULL AUTO_INCREMENT,
  `studentId` int(11) NOT NULL,
  `hostelName` varchar(500) NOT NULL,
  `floor` int(11) NOT NULL,
  `roomNo` int(11) NOT NULL,
  `status` varchar(10) NOT NULL,
  `time` timestamp NOT NULL DEFAULT CURRENT_TIMESTAMP ON UPDATE CURRENT_TIMESTAMP,
  PRIMARY KEY (`id`)
) ENGINE=InnoDB AUTO_INCREMENT=6 DEFAULT CHARSET=latin1;

INSERT INTO `hostel_allocation` (`id`, `studentId`, `hostelName`, `floor`, `roomNo`, `status`, `time`) VALUES
(1,	42,	'Chitra',	3,	305,	'ON',	'2018-04-16 09:42:56'),
(2,	43,	'Hazi Danesh',	3,	308,	'ON',	'2018-04-16 05:59:26'),
(3,	85,	'Hazi Danesh',	3,	308,	'OFF',	'2018-04-16 07:11:53'),
(4,	78,	'Hazi Danesh',	3,	308,	'ON',	'2018-04-16 05:59:35'),
(5,	44,	'Chitra',	2,	208,	'ON',	'2018-05-28 09:08:11');

DROP TABLE IF EXISTS `hostel_info`;
CREATE TABLE `hostel_info` (
  `id` int(11) NOT NULL AUTO_INCREMENT,
  `name` varchar(200) NOT NULL,
  `address` varchar(1000) NOT NULL,
  `floor` int(11) NOT NULL,
  `room` int(11) NOT NULL,
  `roomPerStudent` int(11) NOT NULL,
  `time` timestamp NOT NULL DEFAULT CURRENT_TIMESTAMP ON UPDATE CURRENT_TIMESTAMP,
  PRIMARY KEY (`id`)
) ENGINE=InnoDB AUTO_INCREMENT=5 DEFAULT CHARSET=latin1;

INSERT INTO `hostel_info` (`id`, `name`, `address`, `floor`, `room`, `roomPerStudent`, `time`) VALUES
(2,	'Chitra',	'Narail',	4,	40,	4,	'2018-04-15 15:45:22'),
(3,	'Hazi Danesh',	'Narail',	6,	60,	4,	'2018-04-16 05:11:06'),
(4,	'Begum Rokeya',	'Narail',	6,	60,	4,	'2018-04-16 05:11:21');

DROP TABLE IF EXISTS `info_bloodgroups`;
CREATE TABLE `info_bloodgroups` (
  `bloodGroup` varchar(10) NOT NULL,
  PRIMARY KEY (`bloodGroup`)
) ENGINE=InnoDB DEFAULT CHARSET=latin1;

INSERT INTO `info_bloodgroups` (`bloodGroup`) VALUES
('A+'),
('A-'),
('AB+'),
('AB-'),
('B+'),
('B-'),
('O+'),
('O-');

DROP TABLE IF EXISTS `info_boards`;
CREATE TABLE `info_boards` (
  `name` varchar(50) NOT NULL,
  PRIMARY KEY (`name`)
) ENGINE=InnoDB DEFAULT CHARSET=latin1;

INSERT INTO `info_boards` (`name`) VALUES
('Barisal'),
('Chittagong'),
('Comilla'),
('Dhaka'),
('DIBS(Dhaka)'),
('Dinajpur'),
('Jessore'),
('Madrasah'),
('Rajshahi'),
('Sylhet'),
('Technical');

DROP TABLE IF EXISTS `info_genders`;
CREATE TABLE `info_genders` (
  `gender` varchar(30) NOT NULL,
  PRIMARY KEY (`gender`)
) ENGINE=InnoDB DEFAULT CHARSET=latin1;

INSERT INTO `info_genders` (`gender`) VALUES
('Female'),
('Male'),
('Others');

DROP TABLE IF EXISTS `info_photoid_type`;
CREATE TABLE `info_photoid_type` (
  `name` varchar(30) NOT NULL,
  PRIMARY KEY (`name`)
) ENGINE=InnoDB DEFAULT CHARSET=latin1;

INSERT INTO `info_photoid_type` (`name`) VALUES
('Birth Registration'),
('Driving License'),
('NID'),
('Passport');

DROP TABLE IF EXISTS `info_religions`;
CREATE TABLE `info_religions` (
  `religion` varchar(30) NOT NULL,
  PRIMARY KEY (`religion`)
) ENGINE=InnoDB DEFAULT CHARSET=latin1;

INSERT INTO `info_religions` (`religion`) VALUES
('Buddhism'),
('Christianity'),
('Hinduism'),
('Islam'),
('Others');

DROP TABLE IF EXISTS `lib_book_allocation`;
CREATE TABLE `lib_book_allocation` (
  `id` bigint(20) NOT NULL AUTO_INCREMENT,
  `studentId` int(11) NOT NULL,
  `barCode` varchar(200) NOT NULL,
  `status` varchar(10) NOT NULL,
  `issuDate` date NOT NULL,
  `returnDate` date NOT NULL,
  PRIMARY KEY (`id`)
) ENGINE=InnoDB AUTO_INCREMENT=8 DEFAULT CHARSET=latin1;

INSERT INTO `lib_book_allocation` (`id`, `studentId`, `barCode`, `status`, `issuDate`, `returnDate`) VALUES
(5,	42,	'23244354y4rg345yt',	'borrowed',	'2018-01-19',	'0000-00-00'),
(7,	42,	'34erttfhgghettrr',	'borrowed',	'2018-01-19',	'0000-00-00');

DROP TABLE IF EXISTS `lib_book_list`;
CREATE TABLE `lib_book_list` (
  `id` bigint(20) NOT NULL AUTO_INCREMENT,
  `barCode` varchar(200) NOT NULL,
  `isbn` varchar(100) NOT NULL,
  `name` varchar(200) NOT NULL,
  `AutorName` varchar(200) NOT NULL,
  `edition` varchar(100) NOT NULL,
  `publisher` varchar(200) NOT NULL,
  `bookColor` varchar(20) NOT NULL,
  `price` int(11) NOT NULL,
  `subjectName` varchar(200) NOT NULL,
  `selfLocation` varchar(200) NOT NULL,
  `availability` int(11) NOT NULL,
  `date` date NOT NULL,
  PRIMARY KEY (`id`)
) ENGINE=InnoDB AUTO_INCREMENT=3 DEFAULT CHARSET=latin1;

INSERT INTO `lib_book_list` (`id`, `barCode`, `isbn`, `name`, `AutorName`, `edition`, `publisher`, `bookColor`, `price`, `subjectName`, `selfLocation`, `availability`, `date`) VALUES
(1,	'23244354y4rg345yt',	'43r34r',	'haha',	'esfgtryjkghf',	'34rrtgf',	'dfgrtdfc fdgfhggf',	'#1c5711',	345,	'Murad',	'45rt',	1,	'0000-00-00'),
(2,	'34erttfhgghettrr',	'55rtuy',	'34w5erytutrytuy',	'4ertgfdrfg',	'345ttrygh',	'dfgrtdfc fdgfhggf',	'#4d0909',	325,	'4ertyurtry',	'45rtyj',	0,	'0000-00-00');

DROP TABLE IF EXISTS `lib_fine_info`;
CREATE TABLE `lib_fine_info` (
  `id` int(11) NOT NULL AUTO_INCREMENT,
  `amount` int(11) NOT NULL,
  `fineStart` int(11) NOT NULL,
  `highestAllocation` int(11) NOT NULL,
  PRIMARY KEY (`id`)
) ENGINE=InnoDB AUTO_INCREMENT=4 DEFAULT CHARSET=latin1;

INSERT INTO `lib_fine_info` (`id`, `amount`, `fineStart`, `highestAllocation`) VALUES
(3,	2,	30,	3);

SET NAMES utf8mb4;

DROP TABLE IF EXISTS `migrations`;
CREATE TABLE `migrations` (
  `id` int(10) unsigned NOT NULL AUTO_INCREMENT,
  `migration` varchar(191) COLLATE utf8mb4_unicode_ci NOT NULL,
  `batch` int(11) NOT NULL,
  PRIMARY KEY (`id`)
) ENGINE=InnoDB AUTO_INCREMENT=3 DEFAULT CHARSET=utf8mb4 COLLATE=utf8mb4_unicode_ci;

INSERT INTO `migrations` (`id`, `migration`, `batch`) VALUES
(1,	'2014_10_12_000000_create_users_table',	1),
(2,	'2014_10_12_100000_create_password_resets_table',	1);

DROP TABLE IF EXISTS `noticeboard`;
CREATE TABLE `noticeboard` (
  `id` int(11) NOT NULL AUTO_INCREMENT,
  `noticeFor` varchar(20) NOT NULL,
  `type` varchar(20) NOT NULL,
  `noticeTitle` varchar(1000) NOT NULL,
  `notice` varchar(10000) NOT NULL,
  `file` varchar(500) DEFAULT NULL,
  `publishdate` date NOT NULL,
  `enddate` date NOT NULL,
  `date` timestamp NOT NULL DEFAULT CURRENT_TIMESTAMP ON UPDATE CURRENT_TIMESTAMP,
  PRIMARY KEY (`id`)
) ENGINE=InnoDB AUTO_INCREMENT=32 DEFAULT CHARSET=latin1;

INSERT INTO `noticeboard` (`id`, `noticeFor`, `type`, `noticeTitle`, `notice`, `file`, `publishdate`, `enddate`, `date`) VALUES
(14,	'student',	'noticeboard',	'Number to amount in words',	'<p><strong>Contrary to popular belief, Lorem Ipsum is not simply random text. It has roots in a piece of classical Latin literature from 45 BC, making it over 2000 years old. Richard McClintock, a Latin professor at Hampden-Sydney College in Virginia, looked up one of the more obscure Latin words, consectetur, from a Lorem Ipsum passage, and going through the cites of the word in classical li</strong></p>\r\n<p><span style=\"background-color: #99cc00;\">terature, discovered the undoubtable source. Lorem Ipsum comes from sections 1.10.32 and 1.10.33 of \"de Finibus Bonorum et Malorum\"</span> (The Extremes of Good and Evil) by Cicero, written in 45 BC. This book is a treatise on the theory of ethics, very popular during the Renaissance. The first line of Lorem Ipsum, \"Lorem ipsum dolor sit amet..\", comes from a line in section 1.10.32.</p>',	'/files/uploads/images/profile/1527581604.List of Upazila Nirbahi Officers.pdf',	'2018-05-01',	'2018-05-31',	'2018-05-29 08:13:20'),
(15,	'teacher',	'noticeboard',	'TinyMCE 4 w/ Twitter Bootstrap',	'<p><strong>Contrary to popular belief, Lorem Ipsum is not simply random text. It has roots in a piece of classical Latin literature from 45 BC, making it over 2000 years old. Richard McClintock, a Latin professor at Hampden-Sydney College in Virginia, looked up one of the more obscure Latin words, consectetur, from a Lorem Ipsum passage, and going through the cites of the word in classical li</strong></p>\r\n<p><span style=\"background-color: #99cc00;\">terature, discovered the undoubtable source. Lorem Ipsum comes from sections 1.10.32 and 1.10.33 of \"de Finibus Bonorum et Malorum\"</span> (The Extremes of Good and Evil) by Cicero, written in 45 BC. This book is a treatise on the theory of ethics, very popular during the Renaissance. The first line of Lorem Ipsum, \"Lorem ipsum dolor sit amet..\", comes from a line in section 1.10.32.</p>',	'/files/uploads/images/profile/1527581697.List of Upazila Nirbahi Officers.pdf',	'2018-05-01',	'2018-05-31',	'2018-05-29 08:14:53'),
(16,	'student',	'featured',	'Number to amount in words',	'<p>Contrary to popular belief, Lorem Ipsum is not simply random text. It has roots in a piece of classical Latin literature from 45 BC, making it over 2000 years old. Richard McClintock, a Latin professor at Hampden-Sydney College in Virginia, looked up one of the more obscure Latin words, consectetur, from a Lorem Ipsum passage, and going through the cites of the word in classical literature, discovered the undoubtable source. Lorem Ipsum comes from sections 1.10.32 and 1.10.33 of \"de Finibus Bonorum et Malorum\" (The Extremes of Good and Evil) by Cicero, written in 45 BC. This book is a treatise on the theory of ethics, very popular during the Renaissance. The first line of Lorem Ipsum, \"Lorem ipsum dolor sit amet..\", comes from a line in section 1.10.32.</p>',	'/files/uploads/images/profile/1527581774.tvs-apache-rtr-160-red-1486702387974.jpg',	'2018-05-02',	'2018-05-31',	'2018-05-29 08:16:10'),
(17,	'student',	'upcoming',	'Number to amount in words',	'<p>Contrary to popular belief, Lorem Ipsum is not simply random text. It has roots in a piece of classical Latin literature from 45 BC, making it over 2000 years old. Richard McClintock, a Latin professor at Hampden-Sydney College in Virginia, looked up one of the more obscure Latin words, consectetur, from a Lorem Ipsum passage, and going through the cites of the word in classical literature, disco<em>vered the undoubtable source. Lorem Ipsum comes from sections 1.10.32 and 1.10.33 of \"de Finibus Bonorum et Malorum\" (The Extremes of Good and Evil) by Cicero, written in 45 BC. This book is a treatise on the theory of ethics, very popular during the Renaissance. The first line of Lo</em>rem Ipsum, \"Lorem ipsum dolor sit amet..\", comes from a line in section 1.10.32.</p>',	'/files/uploads/images/profile/1527581854.tvs-apache-rtr-160-red-1486702387974.jpg',	'2018-05-02',	'2018-05-31',	'2018-05-29 08:17:30'),
(18,	'student',	'upcoming',	'Number to amount in words',	'<p>Contrary to popular belief, Lorem Ipsum is not simply random text. It has roots in a piece of classical Latin literature from 45 BC, making it over 2000 years old. Richard McClintock, a Latin professor at Hampden-Sydney College in Virginia, looked up one of the more obscure Latin words, consectetur, from a Lorem Ipsum passage, and going through the cites of the word in classical literature, disco<em>vered the undoubtable source. Lorem Ipsum comes from sections 1.10.32 and 1.10.33 of \"de Finibus Bonorum et Malorum\" (The Extremes of Good and Evil) by Cicero, written in 45 BC. This book is a treatise on the theory of ethics, very popular during the Renaissance. The first line of Lo</em>rem Ipsum, \"Lorem ipsum dolor sit amet..\", comes from a line in section 1.10.32.</p>',	'/files/uploads/images/profile/1527581869.Resignation Letter.docx',	'2018-05-02',	'2018-05-31',	'2018-05-29 08:17:46'),
(19,	'student',	'upcoming',	'Number to amount in words',	'<p>Contrary to popular belief, Lorem Ipsum is not simply random text. It has roots in a piece of classical Latin literature from 45 BC, making it over 2000 years old. Richard McClintock, a Latin professor at Hampden-Sydney College in Virginia, looked up one of the more obscure Latin words, consectetur, from a Lorem Ipsum passage, and going through the cites of the word in classical literature, disco<em>vered the undoubtable source. Lorem Ipsum comes from sections 1.10.32 and 1.10.33 of \"de Finibus Bonorum et Malorum\" (The Extremes of Good and Evil) by Cicero, written in 45 BC. This book is a treatise on the theory of ethics, very popular during the Renaissance. The first line of Lo</em>rem Ipsum, \"Lorem ipsum dolor sit amet..\", comes from a line in section 1.10.32.</p>',	'/files/uploads/images/profile/1527581907.Resignation Letter.docx',	'2018-05-02',	'2018-05-31',	'2018-05-29 08:18:23'),
(20,	'student',	'upcoming',	'Number to amount in words',	'<p>Contrary to popular belief, Lorem Ipsum is not simply random text. It has roots in a piece of classical Latin literature from 45 BC, making it over 2000 years old. Richard McClintock, a Latin professor at Hampden-Sydney College in Virginia, looked up one of the more obscure Latin words, consectetur, from a Lorem Ipsum passage, and going through the cites of the word in classical literature, disco<em>vered the undoubtable source. Lorem Ipsum comes from sections 1.10.32 and 1.10.33 of \"de Finibus Bonorum et Malorum\" (The Extremes of Good and Evil) by Cicero, written in 45 BC. This book is a treatise on the theory of ethics, very popular during the Renaissance. The first line of Lo</em>rem Ipsum, \"Lorem ipsum dolor sit amet..\", comes from a line in section 1.10.32.</p>',	'/files/uploads/images/profile/1527581908.Resignation Letter.docx',	'2018-05-02',	'2018-05-31',	'2018-05-29 08:18:24'),
(21,	'student',	'upcoming',	'Number to amount in words',	'<p>Contrary to popular belief, Lorem Ipsum is not simply random text. It has roots in a piece of classical Latin literature from 45 BC, making it over 2000 years old. Richard McClintock, a Latin professor at Hampden-Sydney College in Virginia, looked up one of the more obscure Latin words, consectetur, from a Lorem Ipsum passage, and going through the cites of the word in classical literature, disco<em>vered the undoubtable source. Lorem Ipsum comes from sections 1.10.32 and 1.10.33 of \"de Finibus Bonorum et Malorum\" (The Extremes of Good and Evil) by Cicero, written in 45 BC. This book is a treatise on the theory of ethics, very popular during the Renaissance. The first line of Lo</em>rem Ipsum, \"Lorem ipsum dolor sit amet..\", comes from a line in section 1.10.32.</p>',	'/files/uploads/images/profile/1527581908.Resignation Letter.docx',	'2018-05-02',	'2018-05-31',	'2018-05-29 08:18:24'),
(22,	'student',	'upcoming',	'Number to amount in words',	'<p>Contrary to popular belief, Lorem Ipsum is not simply random text. It has roots in a piece of classical Latin literature from 45 BC, making it over 2000 years old. Richard McClintock, a Latin professor at Hampden-Sydney College in Virginia, looked up one of the more obscure Latin words, consectetur, from a Lorem Ipsum passage, and going through the cites of the word in classical literature, disco<em>vered the undoubtable source. Lorem Ipsum comes from sections 1.10.32 and 1.10.33 of \"de Finibus Bonorum et Malorum\" (The Extremes of Good and Evil) by Cicero, written in 45 BC. This book is a treatise on the theory of ethics, very popular during the Renaissance. The first line of Lo</em>rem Ipsum, \"Lorem ipsum dolor sit amet..\", comes from a line in section 1.10.32.</p>',	'/files/uploads/images/profile/1527581909.Resignation Letter.docx',	'2018-05-02',	'2018-05-31',	'2018-05-29 08:18:25'),
(23,	'student',	'upcoming',	'Number to amount in words',	'<p>Contrary to popular belief, Lorem Ipsum is not simply random text. It has roots in a piece of classical Latin literature from 45 BC, making it over 2000 years old. Richard McClintock, a Latin professor at Hampden-Sydney College in Virginia, looked up one of the more obscure Latin words, consectetur, from a Lorem Ipsum passage, and going through the cites of the word in classical literature, disco<em>vered the undoubtable source. Lorem Ipsum comes from sections 1.10.32 and 1.10.33 of \"de Finibus Bonorum et Malorum\" (The Extremes of Good and Evil) by Cicero, written in 45 BC. This book is a treatise on the theory of ethics, very popular during the Renaissance. The first line of Lo</em>rem Ipsum, \"Lorem ipsum dolor sit amet..\", comes from a line in section 1.10.32.</p>',	'/files/uploads/images/profile/1527581909.Resignation Letter.docx',	'2018-05-02',	'2018-05-31',	'2018-05-29 08:18:25'),
(24,	'student',	'featured',	'Number to amount in words',	'<p>Contrary to popular belief, Lorem Ipsum is not simply random text. It has roots in a piece of classical Latin literature from 45 BC, making it over 2000 years old. Richard McClintock, a Latin professor at Hampden-Sydney College in Virginia, looked up one of the more obscure Latin words, consectetur, from a Lorem Ipsum passage, and going through the cites of the word in classical literature, disco<em>vered the undoubtable source. Lorem Ipsum comes from sections 1.10.32 and 1.10.33 of \"de Finibus Bonorum et Malorum\" (The Extremes of Good and Evil) by Cicero, written in 45 BC. This book is a treatise on the theory of ethics, very popular during the Renaissance. The first line of Lo</em>rem Ipsum, \"Lorem ipsum dolor sit amet..\", comes from a line in section 1.10.32.</p>',	'/files/uploads/images/profile/1527581927.List of Upazila Nirbahi Officers.pdf',	'2018-05-02',	'2018-05-31',	'2018-05-29 08:18:43'),
(25,	'student',	'featured',	'Number to amount in words',	'<p>Contrary to popular belief, Lorem Ipsum is not simply random text. It has roots in a piece of classical Latin literature from 45 BC, making it over 2000 years old. Richard McClintock, a Latin professor at Hampden-Sydney College in Virginia, looked up one of the more obscure Latin words, consectetur, from a Lorem Ipsum passage, and going through the cites of the word in classical literature, disco<em>vered the undoubtable source. Lorem Ipsum comes from sections 1.10.32 and 1.10.33 of \"de Finibus Bonorum et Malorum\" (The Extremes of Good and Evil) by Cicero, written in 45 BC. This book is a treatise on the theory of ethics, very popular during the Renaissance. The first line of Lo</em>rem Ipsum, \"Lorem ipsum dolor sit amet..\", comes from a line in section 1.10.32.</p>',	'/files/uploads/images/profile/1527581928.List of Upazila Nirbahi Officers.pdf',	'2018-05-02',	'2018-05-31',	'2018-05-29 08:18:44'),
(26,	'student',	'featured',	'Number to amount in words',	'<p>Contrary to popular belief, Lorem Ipsum is not simply random text. It has roots in a piece of classical Latin literature from 45 BC, making it over 2000 years old. Richard McClintock, a Latin professor at Hampden-Sydney College in Virginia, looked up one of the more obscure Latin words, consectetur, from a Lorem Ipsum passage, and going through the cites of the word in classical literature, disco<em>vered the undoubtable source. Lorem Ipsum comes from sections 1.10.32 and 1.10.33 of \"de Finibus Bonorum et Malorum\" (The Extremes of Good and Evil) by Cicero, written in 45 BC. This book is a treatise on the theory of ethics, very popular during the Renaissance. The first line of Lo</em>rem Ipsum, \"Lorem ipsum dolor sit amet..\", comes from a line in section 1.10.32.</p>',	'/files/uploads/images/profile/1527581928.List of Upazila Nirbahi Officers.pdf',	'2018-05-02',	'2018-05-31',	'2018-05-29 08:18:44'),
(27,	'student',	'featured',	'Number to amount in words',	'<p>Contrary to popular belief, Lorem Ipsum is not simply random text. It has roots in a piece of classical Latin literature from 45 BC, making it over 2000 years old. Richard McClintock, a Latin professor at Hampden-Sydney College in Virginia, looked up one of the more obscure Latin words, consectetur, from a Lorem Ipsum passage, and going through the cites of the word in classical literature, disco<em>vered the undoubtable source. Lorem Ipsum comes from sections 1.10.32 and 1.10.33 of \"de Finibus Bonorum et Malorum\" (The Extremes of Good and Evil) by Cicero, written in 45 BC. This book is a treatise on the theory of ethics, very popular during the Renaissance. The first line of Lo</em>rem Ipsum, \"Lorem ipsum dolor sit amet..\", comes from a line in section 1.10.32.</p>',	'/files/uploads/images/profile/1527581928.List of Upazila Nirbahi Officers.pdf',	'2018-05-02',	'2018-05-31',	'2018-05-29 08:18:44'),
(28,	'student',	'featured',	'Number to amount in words',	'<p>Contrary to popular belief, Lorem Ipsum is not simply random text. It has roots in a piece of classical Latin literature from 45 BC, making it over 2000 years old. Richard McClintock, a Latin professor at Hampden-Sydney College in Virginia, looked up one of the more obscure Latin words, consectetur, from a Lorem Ipsum passage, and going through the cites of the word in classical literature, disco<em>vered the undoubtable source. Lorem Ipsum comes from sections 1.10.32 and 1.10.33 of \"de Finibus Bonorum et Malorum\" (The Extremes of Good and Evil) by Cicero, written in 45 BC. This book is a treatise on the theory of ethics, very popular during the Renaissance. The first line of Lo</em>rem Ipsum, \"Lorem ipsum dolor sit amet..\", comes from a line in section 1.10.32.</p>',	'/files/uploads/images/profile/1527581929.List of Upazila Nirbahi Officers.pdf',	'2018-05-02',	'2018-05-31',	'2018-05-29 08:18:45'),
(29,	'student',	'noticeboard',	'Number to amount in words',	'<p>Contrary to popular belief, Lorem Ipsum is not simply random text. It has roots in a piece of classical Latin literature from 45 BC, making it over 2000 years old. Richard McClintock, a Latin professor at Hampden-Sydney College in Virginia, looked up one of the more obscure Latin</p>\r\n<p>words, consectetur, from a Lorem Ipsum passage, and going through the cites of the word in classical literature, disco<em>vered the undoubtable source. Lorem Ipsum comes from sections 1.10.32 and 1.10.33 of \"de Finibus Bonorum et Malorum\" (The Extremes of Good and Evil) by Cicero, w</em></p>\r\n<p><em>ritten in 45 BC. This book is a treatise on the theory of ethics, very popular during the Renaissance. The first line of Lo</em>rem Ipsum, \"Lorem ipsum dolor sit amet..\", comes from a line in section 1.10.32.</p>',	'/files/uploads/images/profile/1527581953.List of Upazila Nirbahi Officers.pdf',	'2018-05-02',	'2018-05-31',	'2018-05-29 08:19:10'),
(30,	'student',	'noticeboard',	'Number to amount in words',	'<p>Contrary to popular belief, Lorem Ipsum is not simply random text. It has roots in a piece of classical Latin literature from 45 BC, making it over 2000 years old. Richard McClintock, a Latin professor at Hampden-Sydney College in Virginia, looked up one of the more obscure Latin</p>\r\n<p>words, consectetur, from a Lorem Ipsum passage, and going through the cites of the word in classical literature, disco<em>vered the undoubtable source. Lorem Ipsum comes from sections 1.10.32 and 1.10.33 of \"de Finibus Bonorum et Malorum\" (The Extremes of Good and Evil) by Cicero, w</em></p>\r\n<p><em>ritten in 45 BC. This book is a treatise on the theory of ethics, very popular during the Renaissance. The first line of Lo</em>rem Ipsum, \"Lorem ipsum dolor sit amet..\", comes from a line in section 1.10.32.</p>',	'/files/uploads/images/profile/1527581956.List of Upazila Nirbahi Officers.pdf',	'2018-05-02',	'2018-05-31',	'2018-05-29 08:19:12'),
(31,	'student',	'noticeboard',	'Number to amount in words',	'<p>Contrary to popular belief, Lorem Ipsum is not simply random text. It has roots in a piece of classical Latin literature from 45 BC, making it over 2000 years old. Richard McClintock, a Latin professor at Hampden-Sydney College in Virginia, looked up one of the more obscure Latin</p>\r\n<p>words, consectetur, from a Lorem Ipsum passage, and going through the cites of the word in classical literature, disco<em>vered the undoubtable source. Lorem Ipsum comes from sections 1.10.32 and 1.10.33 of \"de Finibus Bonorum et Malorum\" (The Extremes of Good and Evil) by Cicero, w</em></p>\r\n<p><em>ritten in 45 BC. This book is a treatise on the theory of ethics, very popular during the Renaissance. The first line of Lo</em>rem Ipsum, \"Lorem ipsum dolor sit amet..\", comes from a line in section 1.10.32.</p>',	'/files/uploads/images/profile/1527581957.List of Upazila Nirbahi Officers.pdf',	'2018-05-02',	'2018-05-31',	'2018-05-29 08:19:13');

DROP TABLE IF EXISTS `password_resets`;
CREATE TABLE `password_resets` (
  `email` varchar(191) COLLATE utf8mb4_unicode_ci NOT NULL,
  `token` varchar(191) COLLATE utf8mb4_unicode_ci NOT NULL,
  `created_at` timestamp NULL DEFAULT NULL,
  KEY `password_resets_email_index` (`email`)
) ENGINE=InnoDB DEFAULT CHARSET=utf8mb4 COLLATE=utf8mb4_unicode_ci;


DROP TABLE IF EXISTS `period`;
CREATE TABLE `period` (
  `periodId` bigint(20) NOT NULL AUTO_INCREMENT,
  `subjectId` int(11) NOT NULL,
  `classId` bigint(20) NOT NULL,
  `teacherId` int(11) NOT NULL,
  `hour` datetime DEFAULT NULL,
  PRIMARY KEY (`periodId`)
) ENGINE=InnoDB DEFAULT CHARSET=latin1;


DROP TABLE IF EXISTS `result_exam_final`;
CREATE TABLE `result_exam_final` (
  `id` int(11) NOT NULL AUTO_INCREMENT,
  `classId` int(11) NOT NULL,
  `stdName` varchar(100) NOT NULL,
  `group` varchar(10) DEFAULT NULL,
  `resultId` int(11) NOT NULL,
  `rollNo` int(11) NOT NULL,
  `examName` varchar(20) NOT NULL,
  `gpa` double NOT NULL,
  `grade` varchar(5) NOT NULL,
  `totalMarks` double NOT NULL,
  `time` timestamp NOT NULL DEFAULT CURRENT_TIMESTAMP ON UPDATE CURRENT_TIMESTAMP,
  PRIMARY KEY (`id`)
) ENGINE=InnoDB AUTO_INCREMENT=61 DEFAULT CHARSET=latin1;

INSERT INTO `result_exam_final` (`id`, `classId`, `stdName`, `group`, `resultId`, `rollNo`, `examName`, `gpa`, `grade`, `totalMarks`, `time`) VALUES
(31,	4,	'MD ASADUJJAMAN NUR',	'Arts',	191,	1,	'1st Term',	5,	'A+',	729,	'2018-05-03 08:47:05'),
(32,	4,	'Syed Muradul Islam',	'Arts',	132,	2,	'1st Term',	5,	'A+',	720,	'2018-05-03 08:47:05'),
(33,	4,	'Syed Muradul Islam',	'Arts',	163,	3,	'1st Term',	4,	'A',	608,	'2018-05-03 08:47:05'),
(34,	4,	'Syed Muradul Islam',	'Arts',	74,	4,	'1st Term',	3.5,	'A-',	552,	'2018-05-03 08:47:05'),
(35,	4,	'Syed Muradul Islam',	'Arts',	285,	5,	'1st Term',	4,	'A',	576,	'2018-05-03 08:47:05'),
(36,	4,	'Babul Farazy',	'Arts',	106,	6,	'1st Term',	4,	'A',	584,	'2018-05-03 08:47:05'),
(37,	4,	'Babul Farazy',	'Arts',	137,	7,	'1st Term',	5,	'A+',	688,	'2018-05-03 08:47:05'),
(38,	4,	'Asad',	'Arts',	258,	8,	'1st Term',	5,	'A+',	648,	'2018-05-03 08:47:05'),
(39,	4,	'Asad',	'Arts',	79,	9,	'1st Term',	4,	'A',	632,	'2018-05-03 08:47:05'),
(40,	4,	'Asad',	'Arts',	230,	10,	'1st Term',	4,	'A',	592,	'2018-05-03 08:47:05'),
(41,	4,	'Asad',	'Arts',	111,	11,	'1st Term',	4,	'A',	584,	'2018-05-03 08:47:05'),
(42,	4,	'Asad',	'Arts',	202,	12,	'1st Term',	5,	'A+',	656,	'2018-05-03 08:47:05'),
(43,	4,	'Asad',	'Arts',	263,	13,	'1st Term',	5,	'A+',	712,	'2018-05-03 08:47:05'),
(44,	4,	'MD ASADUJJAMAN NUR',	'Arts',	174,	14,	'1st Term',	3.5,	'A-',	544,	'2018-05-03 08:47:05'),
(45,	4,	'Mynul Islam',	'Arts',	235,	15,	'1st Term',	3.5,	'A-',	504,	'2018-05-03 08:47:05'),
(46,	4,	'Mynul Islam',	'Arts',	296,	16,	'1st Term',	4,	'A',	624,	'2018-05-03 08:47:06'),
(47,	4,	'Asad Nur',	'Arts',	207,	17,	'1st Term',	5,	'A+',	664,	'2018-05-03 08:47:06'),
(48,	4,	'Asad Nur',	'Arts',	148,	18,	'1st Term',	5,	'A+',	672,	'2018-05-03 08:47:06'),
(49,	4,	'Asad Nur',	'Arts',	179,	19,	'1st Term',	5,	'A+',	696,	'2018-05-03 08:47:06'),
(50,	4,	'Asad Nur',	'Arts',	90,	20,	'1st Term',	4,	'A',	632,	'2018-05-03 08:47:06'),
(51,	4,	'Asad Nur',	'Arts',	301,	21,	'1st Term',	3.5,	'A-',	528,	'2018-05-03 08:47:06'),
(52,	4,	'Asad Nur',	'Arts',	122,	22,	'1st Term',	3.5,	'A-',	536,	'2018-05-03 08:47:06'),
(53,	4,	'AKM Enamul Hoque Chowdhury',	'Arts',	153,	23,	'1st Term',	5,	'A+',	656,	'2018-05-03 08:47:06'),
(54,	4,	'Asad Nur',	'Arts',	274,	24,	'1st Term',	5,	'A+',	672,	'2018-05-03 08:47:06'),
(55,	4,	'Asad Nur',	'Arts',	95,	25,	'1st Term',	4,	'A',	632,	'2018-05-03 08:47:06'),
(56,	4,	'Asad Nur',	'Arts',	246,	26,	'1st Term',	4,	'A',	560,	'2018-05-03 08:47:06'),
(57,	4,	'Asad Nur',	'Arts',	127,	27,	'1st Term',	4,	'A',	616,	'2018-05-03 08:47:06'),
(58,	4,	'Asad Nur',	'Arts',	218,	28,	'1st Term',	5,	'A+',	680,	'2018-05-03 08:47:06'),
(59,	4,	'Asad Nur',	'Arts',	279,	29,	'1st Term',	5,	'A+',	656,	'2018-05-03 08:47:06'),
(60,	4,	'Asad Nur',	'Arts',	159,	30,	'1st Term',	5,	'A+',	560,	'2018-05-03 08:47:06');

DROP TABLE IF EXISTS `result_marksheet`;
CREATE TABLE `result_marksheet` (
  `id` int(11) NOT NULL AUTO_INCREMENT,
  `resultId` int(11) NOT NULL,
  `gpa` double NOT NULL,
  `grade` varchar(5) NOT NULL,
  `marks` double NOT NULL,
  PRIMARY KEY (`id`)
) ENGINE=InnoDB AUTO_INCREMENT=427 DEFAULT CHARSET=latin1;

INSERT INTO `result_marksheet` (`id`, `resultId`, `gpa`, `grade`, `marks`) VALUES
(187,	130,	5,	'A+',	91),
(188,	131,	5,	'A+',	90),
(189,	132,	4,	'A',	76),
(190,	133,	3.5,	'A-',	69),
(191,	134,	4,	'A',	72),
(192,	135,	4,	'A',	73),
(193,	136,	5,	'A+',	86),
(194,	137,	5,	'A+',	81),
(195,	138,	4,	'A',	79),
(196,	139,	4,	'A',	74),
(197,	140,	4,	'A',	73),
(198,	141,	5,	'A+',	82),
(199,	142,	5,	'A+',	89),
(200,	143,	3.5,	'A-',	68),
(201,	144,	3.5,	'A-',	63),
(202,	145,	4,	'A',	78),
(203,	146,	5,	'A+',	83),
(204,	147,	5,	'A+',	84),
(205,	148,	5,	'A+',	87),
(206,	149,	4,	'A',	79),
(207,	150,	3.5,	'A-',	66),
(208,	151,	3.5,	'A-',	67),
(209,	152,	5,	'A+',	82),
(210,	153,	5,	'A+',	84),
(211,	154,	4,	'A',	79),
(212,	155,	4,	'A',	70),
(213,	156,	4,	'A',	77),
(214,	157,	5,	'A+',	85),
(215,	158,	5,	'A+',	82),
(216,	159,	4,	'A',	70),
(217,	70,	5,	'A+',	92),
(218,	71,	5,	'A+',	90),
(219,	72,	4,	'A',	76),
(220,	73,	3.5,	'A-',	69),
(221,	74,	4,	'A',	72),
(222,	75,	4,	'A',	73),
(223,	76,	5,	'A+',	86),
(224,	77,	5,	'A+',	81),
(225,	78,	4,	'A',	79),
(226,	79,	4,	'A',	74),
(227,	80,	4,	'A',	73),
(228,	81,	5,	'A+',	82),
(229,	82,	5,	'A+',	89),
(230,	83,	3.5,	'A-',	68),
(231,	84,	3.5,	'A-',	63),
(232,	85,	4,	'A',	78),
(233,	86,	5,	'A+',	83),
(234,	87,	5,	'A+',	84),
(235,	88,	5,	'A+',	87),
(236,	89,	4,	'A',	79),
(237,	90,	3.5,	'A-',	66),
(238,	91,	3.5,	'A-',	67),
(239,	92,	5,	'A+',	82),
(240,	93,	5,	'A+',	84),
(241,	94,	4,	'A',	79),
(242,	95,	4,	'A',	70),
(243,	96,	4,	'A',	77),
(244,	97,	5,	'A+',	85),
(245,	98,	5,	'A+',	82),
(246,	99,	4,	'A',	70),
(247,	100,	5,	'A+',	91),
(248,	101,	5,	'A+',	90),
(249,	102,	4,	'A',	76),
(250,	103,	3.5,	'A-',	69),
(251,	104,	4,	'A',	72),
(252,	105,	4,	'A',	73),
(253,	106,	5,	'A+',	86),
(254,	107,	5,	'A+',	81),
(255,	108,	4,	'A',	79),
(256,	109,	4,	'A',	74),
(257,	110,	4,	'A',	73),
(258,	111,	5,	'A+',	82),
(259,	112,	5,	'A+',	89),
(260,	113,	3.5,	'A-',	68),
(261,	114,	3.5,	'A-',	63),
(262,	115,	4,	'A',	78),
(263,	116,	5,	'A+',	83),
(264,	117,	5,	'A+',	84),
(265,	118,	5,	'A+',	87),
(266,	119,	4,	'A',	79),
(267,	120,	3.5,	'A-',	66),
(268,	121,	3.5,	'A-',	67),
(269,	122,	5,	'A+',	82),
(270,	123,	5,	'A+',	84),
(271,	124,	4,	'A',	79),
(272,	125,	4,	'A',	70),
(273,	126,	4,	'A',	77),
(274,	127,	5,	'A+',	85),
(275,	128,	5,	'A+',	82),
(276,	129,	4,	'A',	70),
(277,	250,	5,	'A+',	91),
(278,	251,	5,	'A+',	90),
(279,	252,	4,	'A',	76),
(280,	253,	3.5,	'A-',	69),
(281,	254,	4,	'A',	72),
(282,	255,	4,	'A',	73),
(283,	256,	5,	'A+',	86),
(284,	257,	5,	'A+',	81),
(285,	258,	4,	'A',	79),
(286,	259,	4,	'A',	74),
(287,	260,	4,	'A',	73),
(288,	261,	5,	'A+',	82),
(289,	262,	5,	'A+',	89),
(290,	263,	3.5,	'A-',	68),
(291,	264,	3.5,	'A-',	63),
(292,	265,	4,	'A',	78),
(293,	266,	5,	'A+',	83),
(294,	267,	5,	'A+',	84),
(295,	268,	5,	'A+',	87),
(296,	269,	4,	'A',	79),
(297,	270,	3.5,	'A-',	66),
(298,	271,	3.5,	'A-',	67),
(299,	272,	5,	'A+',	82),
(300,	273,	5,	'A+',	84),
(301,	274,	4,	'A',	79),
(302,	275,	4,	'A',	70),
(303,	276,	4,	'A',	77),
(304,	277,	5,	'A+',	85),
(305,	278,	5,	'A+',	82),
(306,	279,	4,	'A',	70),
(307,	220,	5,	'A+',	91),
(308,	221,	5,	'A+',	90),
(309,	222,	4,	'A',	76),
(310,	223,	3.5,	'A-',	69),
(311,	224,	4,	'A',	72),
(312,	225,	4,	'A',	73),
(313,	226,	5,	'A+',	86),
(314,	227,	5,	'A+',	81),
(315,	228,	4,	'A',	79),
(316,	229,	4,	'A',	74),
(317,	230,	4,	'A',	73),
(318,	231,	5,	'A+',	82),
(319,	232,	5,	'A+',	89),
(320,	233,	3.5,	'A-',	68),
(321,	234,	3.5,	'A-',	63),
(322,	235,	4,	'A',	78),
(323,	236,	5,	'A+',	83),
(324,	237,	5,	'A+',	84),
(325,	238,	5,	'A+',	87),
(326,	239,	4,	'A',	79),
(327,	240,	3.5,	'A-',	66),
(328,	241,	3.5,	'A-',	67),
(329,	242,	5,	'A+',	82),
(330,	243,	5,	'A+',	84),
(331,	244,	4,	'A',	79),
(332,	245,	4,	'A',	70),
(333,	246,	4,	'A',	77),
(334,	247,	5,	'A+',	85),
(335,	248,	5,	'A+',	82),
(336,	249,	4,	'A',	70),
(337,	190,	5,	'A+',	91),
(338,	191,	5,	'A+',	90),
(339,	192,	4,	'A',	76),
(340,	193,	3.5,	'A-',	69),
(341,	194,	4,	'A',	72),
(342,	195,	4,	'A',	73),
(343,	196,	5,	'A+',	86),
(344,	197,	5,	'A+',	81),
(345,	198,	4,	'A',	79),
(346,	199,	4,	'A',	74),
(347,	200,	4,	'A',	73),
(348,	201,	5,	'A+',	82),
(349,	202,	5,	'A+',	89),
(350,	203,	3.5,	'A-',	68),
(351,	204,	3.5,	'A-',	63),
(352,	205,	4,	'A',	78),
(353,	206,	5,	'A+',	83),
(354,	207,	5,	'A+',	84),
(355,	208,	5,	'A+',	87),
(356,	209,	4,	'A',	79),
(357,	210,	3.5,	'A-',	66),
(358,	211,	3.5,	'A-',	67),
(359,	212,	5,	'A+',	82),
(360,	213,	5,	'A+',	84),
(361,	214,	4,	'A',	79),
(362,	215,	4,	'A',	70),
(363,	216,	4,	'A',	77),
(364,	217,	5,	'A+',	85),
(365,	218,	5,	'A+',	82),
(366,	219,	4,	'A',	70),
(367,	160,	5,	'A+',	91),
(368,	161,	5,	'A+',	90),
(369,	162,	4,	'A',	76),
(370,	163,	3.5,	'A-',	69),
(371,	164,	4,	'A',	72),
(372,	165,	4,	'A',	73),
(373,	166,	5,	'A+',	86),
(374,	167,	5,	'A+',	81),
(375,	168,	4,	'A',	79),
(376,	169,	4,	'A',	74),
(377,	170,	4,	'A',	73),
(378,	171,	5,	'A+',	82),
(379,	172,	5,	'A+',	89),
(380,	173,	3.5,	'A-',	68),
(381,	174,	3.5,	'A-',	63),
(382,	175,	4,	'A',	78),
(383,	176,	5,	'A+',	83),
(384,	177,	5,	'A+',	84),
(385,	178,	5,	'A+',	87),
(386,	179,	4,	'A',	79),
(387,	180,	3.5,	'A-',	66),
(388,	181,	3.5,	'A-',	67),
(389,	182,	5,	'A+',	82),
(390,	183,	5,	'A+',	84),
(391,	184,	4,	'A',	79),
(392,	185,	4,	'A',	70),
(393,	186,	4,	'A',	77),
(394,	187,	5,	'A+',	85),
(395,	188,	5,	'A+',	82),
(396,	189,	4,	'A',	70),
(397,	280,	5,	'A+',	91),
(398,	281,	5,	'A+',	90),
(399,	282,	4,	'A',	76),
(400,	283,	3.5,	'A-',	69),
(401,	284,	4,	'A',	72),
(402,	285,	4,	'A',	73),
(403,	286,	5,	'A+',	86),
(404,	287,	5,	'A+',	81),
(405,	288,	4,	'A',	79),
(406,	289,	4,	'A',	74),
(407,	290,	4,	'A',	73),
(408,	291,	5,	'A+',	82),
(409,	292,	5,	'A+',	89),
(410,	293,	3.5,	'A-',	68),
(411,	294,	3.5,	'A-',	63),
(412,	295,	4,	'A',	78),
(413,	296,	5,	'A+',	83),
(414,	297,	5,	'A+',	84),
(415,	298,	5,	'A+',	87),
(416,	299,	4,	'A',	79),
(417,	300,	3.5,	'A-',	66),
(418,	301,	3.5,	'A-',	67),
(419,	302,	5,	'A+',	82),
(420,	303,	5,	'A+',	84),
(421,	304,	4,	'A',	79),
(422,	305,	4,	'A',	70),
(423,	306,	4,	'A',	77),
(424,	307,	5,	'A+',	85),
(425,	308,	5,	'A+',	82),
(426,	309,	4,	'A',	70);

DROP TABLE IF EXISTS `result_marks_details`;
CREATE TABLE `result_marks_details` (
  `resultId` bigint(20) NOT NULL AUTO_INCREMENT,
  `rollNo` int(11) NOT NULL,
  `sessionName` varchar(20) NOT NULL,
  `medium` varchar(10) NOT NULL,
  `version` varchar(10) NOT NULL,
  `shift` varchar(10) NOT NULL,
  `class` int(11) NOT NULL,
  `section` varchar(10) NOT NULL,
  `groupName` varchar(15) DEFAULT NULL,
  `courseCode` varchar(10) NOT NULL,
  `examName` varchar(50) NOT NULL,
  `fullMarks` double NOT NULL,
  `written` double DEFAULT '0',
  `objective` double DEFAULT '0',
  `practical` double DEFAULT '0',
  `ct` double DEFAULT '0',
  `attendance` double DEFAULT '0',
  `sar` double DEFAULT '0',
  `ca` double DEFAULT '0',
  `assesment` double DEFAULT '0',
  PRIMARY KEY (`resultId`),
  KEY `examName` (`examName`),
  KEY `groupName` (`groupName`),
  CONSTRAINT `result_marks_details_ibfk_1` FOREIGN KEY (`examName`) REFERENCES `exam_names` (`examName`) ON DELETE NO ACTION,
  CONSTRAINT `result_marks_details_ibfk_2` FOREIGN KEY (`groupName`) REFERENCES `class_groups` (`groupName`)
) ENGINE=InnoDB AUTO_INCREMENT=310 DEFAULT CHARSET=latin1;

INSERT INTO `result_marks_details` (`resultId`, `rollNo`, `sessionName`, `medium`, `version`, `shift`, `class`, `section`, `groupName`, `courseCode`, `examName`, `fullMarks`, `written`, `objective`, `practical`, `ct`, `attendance`, `sar`, `ca`, `assesment`) VALUES
(70,	1,	'2016-17',	'Bangla',	'Bangla',	'Day',	12,	'C',	'Arts',	'101',	'1st Term',	100,	44,	19,	20,	4,	5,	0,	0,	0),
(71,	2,	'2016-17',	'Bangla',	'Bangla',	'Day',	12,	'C',	'Arts',	'101',	'1st Term',	100,	45,	19,	18,	4,	4,	0,	0,	0),
(72,	3,	'2016-17',	'Bangla',	'Bangla',	'Day',	12,	'C',	'Arts',	'101',	'1st Term',	100,	32,	20,	17,	4,	3,	0,	0,	0),
(73,	4,	'2016-17',	'Bangla',	'Bangla',	'Day',	12,	'C',	'Arts',	'101',	'1st Term',	100,	25,	16,	19,	4,	5,	0,	0,	0),
(74,	5,	'2016-17',	'Bangla',	'Bangla',	'Day',	12,	'C',	'Arts',	'101',	'1st Term',	100,	33,	15,	16,	4,	4,	0,	0,	0),
(75,	6,	'2016-17',	'Bangla',	'Bangla',	'Day',	12,	'C',	'Arts',	'101',	'1st Term',	100,	41,	10,	15,	4,	3,	0,	0,	0),
(76,	7,	'2016-17',	'Bangla',	'Bangla',	'Day',	12,	'C',	'Arts',	'101',	'1st Term',	100,	43,	14,	20,	4,	5,	0,	0,	0),
(77,	8,	'2016-17',	'Bangla',	'Bangla',	'Day',	12,	'C',	'Arts',	'101',	'1st Term',	100,	38,	17,	18,	4,	4,	0,	0,	0),
(78,	9,	'2016-17',	'Bangla',	'Bangla',	'Day',	12,	'C',	'Arts',	'101',	'1st Term',	100,	37,	18,	17,	4,	3,	0,	0,	0),
(79,	10,	'2016-17',	'Bangla',	'Bangla',	'Day',	12,	'C',	'Arts',	'101',	'1st Term',	100,	27,	19,	19,	4,	5,	0,	0,	0),
(80,	11,	'2016-17',	'Bangla',	'Bangla',	'Day',	12,	'C',	'Arts',	'101',	'1st Term',	100,	29,	20,	16,	4,	4,	0,	0,	0),
(81,	12,	'2016-17',	'Bangla',	'Bangla',	'Day',	12,	'C',	'Arts',	'101',	'1st Term',	100,	44,	16,	15,	4,	3,	0,	0,	0),
(82,	13,	'2016-17',	'Bangla',	'Bangla',	'Day',	12,	'C',	'Arts',	'101',	'1st Term',	100,	45,	15,	20,	4,	5,	0,	0,	0),
(83,	14,	'2016-17',	'Bangla',	'Bangla',	'Day',	12,	'C',	'Arts',	'101',	'1st Term',	100,	32,	10,	18,	4,	4,	0,	0,	0),
(84,	15,	'2016-17',	'Bangla',	'Bangla',	'Day',	12,	'C',	'Arts',	'101',	'1st Term',	100,	25,	14,	17,	4,	3,	0,	0,	0),
(85,	16,	'2016-17',	'Bangla',	'Bangla',	'Day',	12,	'C',	'Arts',	'101',	'1st Term',	100,	33,	17,	19,	4,	5,	0,	0,	0),
(86,	17,	'2016-17',	'Bangla',	'Bangla',	'Day',	12,	'C',	'Arts',	'101',	'1st Term',	100,	41,	18,	16,	4,	4,	0,	0,	0),
(87,	18,	'2016-17',	'Bangla',	'Bangla',	'Day',	12,	'C',	'Arts',	'101',	'1st Term',	100,	43,	19,	15,	4,	3,	0,	0,	0),
(88,	19,	'2016-17',	'Bangla',	'Bangla',	'Day',	12,	'C',	'Arts',	'101',	'1st Term',	100,	38,	20,	20,	4,	5,	0,	0,	0),
(89,	20,	'2016-17',	'Bangla',	'Bangla',	'Day',	12,	'C',	'Arts',	'101',	'1st Term',	100,	37,	16,	18,	4,	4,	0,	0,	0),
(90,	21,	'2016-17',	'Bangla',	'Bangla',	'Day',	12,	'C',	'Arts',	'101',	'1st Term',	100,	27,	15,	17,	4,	3,	0,	0,	0),
(91,	22,	'2016-17',	'Bangla',	'Bangla',	'Day',	12,	'C',	'Arts',	'101',	'1st Term',	100,	29,	10,	19,	4,	5,	0,	0,	0),
(92,	23,	'2016-17',	'Bangla',	'Bangla',	'Day',	12,	'C',	'Arts',	'101',	'1st Term',	100,	44,	14,	16,	4,	4,	0,	0,	0),
(93,	24,	'2016-17',	'Bangla',	'Bangla',	'Day',	12,	'C',	'Arts',	'101',	'1st Term',	100,	45,	17,	15,	4,	3,	0,	0,	0),
(94,	25,	'2016-17',	'Bangla',	'Bangla',	'Day',	12,	'C',	'Arts',	'101',	'1st Term',	100,	32,	18,	20,	4,	5,	0,	0,	0),
(95,	26,	'2016-17',	'Bangla',	'Bangla',	'Day',	12,	'C',	'Arts',	'101',	'1st Term',	100,	25,	19,	18,	4,	4,	0,	0,	0),
(96,	27,	'2016-17',	'Bangla',	'Bangla',	'Day',	12,	'C',	'Arts',	'101',	'1st Term',	100,	33,	20,	17,	4,	3,	0,	0,	0),
(97,	28,	'2016-17',	'Bangla',	'Bangla',	'Day',	12,	'C',	'Arts',	'101',	'1st Term',	100,	41,	16,	19,	4,	5,	0,	0,	0),
(98,	29,	'2016-17',	'Bangla',	'Bangla',	'Day',	12,	'C',	'Arts',	'101',	'1st Term',	100,	43,	15,	16,	4,	4,	0,	0,	0),
(99,	30,	'2016-17',	'Bangla',	'Bangla',	'Day',	12,	'C',	'Arts',	'101',	'1st Term',	100,	38,	10,	15,	4,	3,	0,	0,	0),
(100,	1,	'2016-17',	'Bangla',	'Bangla',	'Day',	12,	'C',	'Arts',	'1245',	'1st Term',	100,	44,	18,	20,	4,	5,	0,	0,	0),
(101,	2,	'2016-17',	'Bangla',	'Bangla',	'Day',	12,	'C',	'Arts',	'1245',	'1st Term',	100,	45,	19,	18,	4,	4,	0,	0,	0),
(102,	3,	'2016-17',	'Bangla',	'Bangla',	'Day',	12,	'C',	'Arts',	'1245',	'1st Term',	100,	32,	20,	17,	4,	3,	0,	0,	0),
(103,	4,	'2016-17',	'Bangla',	'Bangla',	'Day',	12,	'C',	'Arts',	'1245',	'1st Term',	100,	25,	16,	19,	4,	5,	0,	0,	0),
(104,	5,	'2016-17',	'Bangla',	'Bangla',	'Day',	12,	'C',	'Arts',	'1245',	'1st Term',	100,	33,	15,	16,	4,	4,	0,	0,	0),
(105,	6,	'2016-17',	'Bangla',	'Bangla',	'Day',	12,	'C',	'Arts',	'1245',	'1st Term',	100,	41,	10,	15,	4,	3,	0,	0,	0),
(106,	7,	'2016-17',	'Bangla',	'Bangla',	'Day',	12,	'C',	'Arts',	'1245',	'1st Term',	100,	43,	14,	20,	4,	5,	0,	0,	0),
(107,	8,	'2016-17',	'Bangla',	'Bangla',	'Day',	12,	'C',	'Arts',	'1245',	'1st Term',	100,	38,	17,	18,	4,	4,	0,	0,	0),
(108,	9,	'2016-17',	'Bangla',	'Bangla',	'Day',	12,	'C',	'Arts',	'1245',	'1st Term',	100,	37,	18,	17,	4,	3,	0,	0,	0),
(109,	10,	'2016-17',	'Bangla',	'Bangla',	'Day',	12,	'C',	'Arts',	'1245',	'1st Term',	100,	27,	19,	19,	4,	5,	0,	0,	0),
(110,	11,	'2016-17',	'Bangla',	'Bangla',	'Day',	12,	'C',	'Arts',	'1245',	'1st Term',	100,	29,	20,	16,	4,	4,	0,	0,	0),
(111,	12,	'2016-17',	'Bangla',	'Bangla',	'Day',	12,	'C',	'Arts',	'1245',	'1st Term',	100,	44,	16,	15,	4,	3,	0,	0,	0),
(112,	13,	'2016-17',	'Bangla',	'Bangla',	'Day',	12,	'C',	'Arts',	'1245',	'1st Term',	100,	45,	15,	20,	4,	5,	0,	0,	0),
(113,	14,	'2016-17',	'Bangla',	'Bangla',	'Day',	12,	'C',	'Arts',	'1245',	'1st Term',	100,	32,	10,	18,	4,	4,	0,	0,	0),
(114,	15,	'2016-17',	'Bangla',	'Bangla',	'Day',	12,	'C',	'Arts',	'1245',	'1st Term',	100,	25,	14,	17,	4,	3,	0,	0,	0),
(115,	16,	'2016-17',	'Bangla',	'Bangla',	'Day',	12,	'C',	'Arts',	'1245',	'1st Term',	100,	33,	17,	19,	4,	5,	0,	0,	0),
(116,	17,	'2016-17',	'Bangla',	'Bangla',	'Day',	12,	'C',	'Arts',	'1245',	'1st Term',	100,	41,	18,	16,	4,	4,	0,	0,	0),
(117,	18,	'2016-17',	'Bangla',	'Bangla',	'Day',	12,	'C',	'Arts',	'1245',	'1st Term',	100,	43,	19,	15,	4,	3,	0,	0,	0),
(118,	19,	'2016-17',	'Bangla',	'Bangla',	'Day',	12,	'C',	'Arts',	'1245',	'1st Term',	100,	38,	20,	20,	4,	5,	0,	0,	0),
(119,	20,	'2016-17',	'Bangla',	'Bangla',	'Day',	12,	'C',	'Arts',	'1245',	'1st Term',	100,	37,	16,	18,	4,	4,	0,	0,	0),
(120,	21,	'2016-17',	'Bangla',	'Bangla',	'Day',	12,	'C',	'Arts',	'1245',	'1st Term',	100,	27,	15,	17,	4,	3,	0,	0,	0),
(121,	22,	'2016-17',	'Bangla',	'Bangla',	'Day',	12,	'C',	'Arts',	'1245',	'1st Term',	100,	29,	10,	19,	4,	5,	0,	0,	0),
(122,	23,	'2016-17',	'Bangla',	'Bangla',	'Day',	12,	'C',	'Arts',	'1245',	'1st Term',	100,	44,	14,	16,	4,	4,	0,	0,	0),
(123,	24,	'2016-17',	'Bangla',	'Bangla',	'Day',	12,	'C',	'Arts',	'1245',	'1st Term',	100,	45,	17,	15,	4,	3,	0,	0,	0),
(124,	25,	'2016-17',	'Bangla',	'Bangla',	'Day',	12,	'C',	'Arts',	'1245',	'1st Term',	100,	32,	18,	20,	4,	5,	0,	0,	0),
(125,	26,	'2016-17',	'Bangla',	'Bangla',	'Day',	12,	'C',	'Arts',	'1245',	'1st Term',	100,	25,	19,	18,	4,	4,	0,	0,	0),
(126,	27,	'2016-17',	'Bangla',	'Bangla',	'Day',	12,	'C',	'Arts',	'1245',	'1st Term',	100,	33,	20,	17,	4,	3,	0,	0,	0),
(127,	28,	'2016-17',	'Bangla',	'Bangla',	'Day',	12,	'C',	'Arts',	'1245',	'1st Term',	100,	41,	16,	19,	4,	5,	0,	0,	0),
(128,	29,	'2016-17',	'Bangla',	'Bangla',	'Day',	12,	'C',	'Arts',	'1245',	'1st Term',	100,	43,	15,	16,	4,	4,	0,	0,	0),
(129,	30,	'2016-17',	'Bangla',	'Bangla',	'Day',	12,	'C',	'Arts',	'1245',	'1st Term',	100,	38,	10,	15,	4,	3,	0,	0,	0),
(130,	1,	'2016-17',	'Bangla',	'Bangla',	'Day',	12,	'C',	'Arts',	'1111',	'1st Term',	100,	44,	18,	20,	4,	5,	0,	0,	0),
(131,	2,	'2016-17',	'Bangla',	'Bangla',	'Day',	12,	'C',	'Arts',	'1111',	'1st Term',	100,	45,	19,	18,	4,	4,	0,	0,	0),
(132,	3,	'2016-17',	'Bangla',	'Bangla',	'Day',	12,	'C',	'Arts',	'1111',	'1st Term',	100,	32,	20,	17,	4,	3,	0,	0,	0),
(133,	4,	'2016-17',	'Bangla',	'Bangla',	'Day',	12,	'C',	'Arts',	'1111',	'1st Term',	100,	25,	16,	19,	4,	5,	0,	0,	0),
(134,	5,	'2016-17',	'Bangla',	'Bangla',	'Day',	12,	'C',	'Arts',	'1111',	'1st Term',	100,	33,	15,	16,	4,	4,	0,	0,	0),
(135,	6,	'2016-17',	'Bangla',	'Bangla',	'Day',	12,	'C',	'Arts',	'1111',	'1st Term',	100,	41,	10,	15,	4,	3,	0,	0,	0),
(136,	7,	'2016-17',	'Bangla',	'Bangla',	'Day',	12,	'C',	'Arts',	'1111',	'1st Term',	100,	43,	14,	20,	4,	5,	0,	0,	0),
(137,	8,	'2016-17',	'Bangla',	'Bangla',	'Day',	12,	'C',	'Arts',	'1111',	'1st Term',	100,	38,	17,	18,	4,	4,	0,	0,	0),
(138,	9,	'2016-17',	'Bangla',	'Bangla',	'Day',	12,	'C',	'Arts',	'1111',	'1st Term',	100,	37,	18,	17,	4,	3,	0,	0,	0),
(139,	10,	'2016-17',	'Bangla',	'Bangla',	'Day',	12,	'C',	'Arts',	'1111',	'1st Term',	100,	27,	19,	19,	4,	5,	0,	0,	0),
(140,	11,	'2016-17',	'Bangla',	'Bangla',	'Day',	12,	'C',	'Arts',	'1111',	'1st Term',	100,	29,	20,	16,	4,	4,	0,	0,	0),
(141,	12,	'2016-17',	'Bangla',	'Bangla',	'Day',	12,	'C',	'Arts',	'1111',	'1st Term',	100,	44,	16,	15,	4,	3,	0,	0,	0),
(142,	13,	'2016-17',	'Bangla',	'Bangla',	'Day',	12,	'C',	'Arts',	'1111',	'1st Term',	100,	45,	15,	20,	4,	5,	0,	0,	0),
(143,	14,	'2016-17',	'Bangla',	'Bangla',	'Day',	12,	'C',	'Arts',	'1111',	'1st Term',	100,	32,	10,	18,	4,	4,	0,	0,	0),
(144,	15,	'2016-17',	'Bangla',	'Bangla',	'Day',	12,	'C',	'Arts',	'1111',	'1st Term',	100,	25,	14,	17,	4,	3,	0,	0,	0),
(145,	16,	'2016-17',	'Bangla',	'Bangla',	'Day',	12,	'C',	'Arts',	'1111',	'1st Term',	100,	33,	17,	19,	4,	5,	0,	0,	0),
(146,	17,	'2016-17',	'Bangla',	'Bangla',	'Day',	12,	'C',	'Arts',	'1111',	'1st Term',	100,	41,	18,	16,	4,	4,	0,	0,	0),
(147,	18,	'2016-17',	'Bangla',	'Bangla',	'Day',	12,	'C',	'Arts',	'1111',	'1st Term',	100,	43,	19,	15,	4,	3,	0,	0,	0),
(148,	19,	'2016-17',	'Bangla',	'Bangla',	'Day',	12,	'C',	'Arts',	'1111',	'1st Term',	100,	38,	20,	20,	4,	5,	0,	0,	0),
(149,	20,	'2016-17',	'Bangla',	'Bangla',	'Day',	12,	'C',	'Arts',	'1111',	'1st Term',	100,	37,	16,	18,	4,	4,	0,	0,	0),
(150,	21,	'2016-17',	'Bangla',	'Bangla',	'Day',	12,	'C',	'Arts',	'1111',	'1st Term',	100,	27,	15,	17,	4,	3,	0,	0,	0),
(151,	22,	'2016-17',	'Bangla',	'Bangla',	'Day',	12,	'C',	'Arts',	'1111',	'1st Term',	100,	29,	10,	19,	4,	5,	0,	0,	0),
(152,	23,	'2016-17',	'Bangla',	'Bangla',	'Day',	12,	'C',	'Arts',	'1111',	'1st Term',	100,	44,	14,	16,	4,	4,	0,	0,	0),
(153,	24,	'2016-17',	'Bangla',	'Bangla',	'Day',	12,	'C',	'Arts',	'1111',	'1st Term',	100,	45,	17,	15,	4,	3,	0,	0,	0),
(154,	25,	'2016-17',	'Bangla',	'Bangla',	'Day',	12,	'C',	'Arts',	'1111',	'1st Term',	100,	32,	18,	20,	4,	5,	0,	0,	0),
(155,	26,	'2016-17',	'Bangla',	'Bangla',	'Day',	12,	'C',	'Arts',	'1111',	'1st Term',	100,	25,	19,	18,	4,	4,	0,	0,	0),
(156,	27,	'2016-17',	'Bangla',	'Bangla',	'Day',	12,	'C',	'Arts',	'1111',	'1st Term',	100,	33,	20,	17,	4,	3,	0,	0,	0),
(157,	28,	'2016-17',	'Bangla',	'Bangla',	'Day',	12,	'C',	'Arts',	'1111',	'1st Term',	100,	41,	16,	19,	4,	5,	0,	0,	0),
(158,	29,	'2016-17',	'Bangla',	'Bangla',	'Day',	12,	'C',	'Arts',	'1111',	'1st Term',	100,	43,	15,	16,	4,	4,	0,	0,	0),
(159,	30,	'2016-17',	'Bangla',	'Bangla',	'Day',	12,	'C',	'Arts',	'1111',	'1st Term',	100,	38,	10,	15,	4,	3,	0,	0,	0),
(160,	1,	'2016-17',	'Bangla',	'Bangla',	'Day',	12,	'C',	'Arts',	'10125',	'1st Term',	100,	44,	18,	20,	4,	5,	0,	0,	0),
(161,	2,	'2016-17',	'Bangla',	'Bangla',	'Day',	12,	'C',	'Arts',	'10125',	'1st Term',	100,	45,	19,	18,	4,	4,	0,	0,	0),
(162,	3,	'2016-17',	'Bangla',	'Bangla',	'Day',	12,	'C',	'Arts',	'10125',	'1st Term',	100,	32,	20,	17,	4,	3,	0,	0,	0),
(163,	4,	'2016-17',	'Bangla',	'Bangla',	'Day',	12,	'C',	'Arts',	'10125',	'1st Term',	100,	25,	16,	19,	4,	5,	0,	0,	0),
(164,	5,	'2016-17',	'Bangla',	'Bangla',	'Day',	12,	'C',	'Arts',	'10125',	'1st Term',	100,	33,	15,	16,	4,	4,	0,	0,	0),
(165,	6,	'2016-17',	'Bangla',	'Bangla',	'Day',	12,	'C',	'Arts',	'10125',	'1st Term',	100,	41,	10,	15,	4,	3,	0,	0,	0),
(166,	7,	'2016-17',	'Bangla',	'Bangla',	'Day',	12,	'C',	'Arts',	'10125',	'1st Term',	100,	43,	14,	20,	4,	5,	0,	0,	0),
(167,	8,	'2016-17',	'Bangla',	'Bangla',	'Day',	12,	'C',	'Arts',	'10125',	'1st Term',	100,	38,	17,	18,	4,	4,	0,	0,	0),
(168,	9,	'2016-17',	'Bangla',	'Bangla',	'Day',	12,	'C',	'Arts',	'10125',	'1st Term',	100,	37,	18,	17,	4,	3,	0,	0,	0),
(169,	10,	'2016-17',	'Bangla',	'Bangla',	'Day',	12,	'C',	'Arts',	'10125',	'1st Term',	100,	27,	19,	19,	4,	5,	0,	0,	0),
(170,	11,	'2016-17',	'Bangla',	'Bangla',	'Day',	12,	'C',	'Arts',	'10125',	'1st Term',	100,	29,	20,	16,	4,	4,	0,	0,	0),
(171,	12,	'2016-17',	'Bangla',	'Bangla',	'Day',	12,	'C',	'Arts',	'10125',	'1st Term',	100,	44,	16,	15,	4,	3,	0,	0,	0),
(172,	13,	'2016-17',	'Bangla',	'Bangla',	'Day',	12,	'C',	'Arts',	'10125',	'1st Term',	100,	45,	15,	20,	4,	5,	0,	0,	0),
(173,	14,	'2016-17',	'Bangla',	'Bangla',	'Day',	12,	'C',	'Arts',	'10125',	'1st Term',	100,	32,	10,	18,	4,	4,	0,	0,	0),
(174,	15,	'2016-17',	'Bangla',	'Bangla',	'Day',	12,	'C',	'Arts',	'10125',	'1st Term',	100,	25,	14,	17,	4,	3,	0,	0,	0),
(175,	16,	'2016-17',	'Bangla',	'Bangla',	'Day',	12,	'C',	'Arts',	'10125',	'1st Term',	100,	33,	17,	19,	4,	5,	0,	0,	0),
(176,	17,	'2016-17',	'Bangla',	'Bangla',	'Day',	12,	'C',	'Arts',	'10125',	'1st Term',	100,	41,	18,	16,	4,	4,	0,	0,	0),
(177,	18,	'2016-17',	'Bangla',	'Bangla',	'Day',	12,	'C',	'Arts',	'10125',	'1st Term',	100,	43,	19,	15,	4,	3,	0,	0,	0),
(178,	19,	'2016-17',	'Bangla',	'Bangla',	'Day',	12,	'C',	'Arts',	'10125',	'1st Term',	100,	38,	20,	20,	4,	5,	0,	0,	0),
(179,	20,	'2016-17',	'Bangla',	'Bangla',	'Day',	12,	'C',	'Arts',	'10125',	'1st Term',	100,	37,	16,	18,	4,	4,	0,	0,	0),
(180,	21,	'2016-17',	'Bangla',	'Bangla',	'Day',	12,	'C',	'Arts',	'10125',	'1st Term',	100,	27,	15,	17,	4,	3,	0,	0,	0),
(181,	22,	'2016-17',	'Bangla',	'Bangla',	'Day',	12,	'C',	'Arts',	'10125',	'1st Term',	100,	29,	10,	19,	4,	5,	0,	0,	0),
(182,	23,	'2016-17',	'Bangla',	'Bangla',	'Day',	12,	'C',	'Arts',	'10125',	'1st Term',	100,	44,	14,	16,	4,	4,	0,	0,	0),
(183,	24,	'2016-17',	'Bangla',	'Bangla',	'Day',	12,	'C',	'Arts',	'10125',	'1st Term',	100,	45,	17,	15,	4,	3,	0,	0,	0),
(184,	25,	'2016-17',	'Bangla',	'Bangla',	'Day',	12,	'C',	'Arts',	'10125',	'1st Term',	100,	32,	18,	20,	4,	5,	0,	0,	0),
(185,	26,	'2016-17',	'Bangla',	'Bangla',	'Day',	12,	'C',	'Arts',	'10125',	'1st Term',	100,	25,	19,	18,	4,	4,	0,	0,	0),
(186,	27,	'2016-17',	'Bangla',	'Bangla',	'Day',	12,	'C',	'Arts',	'10125',	'1st Term',	100,	33,	20,	17,	4,	3,	0,	0,	0),
(187,	28,	'2016-17',	'Bangla',	'Bangla',	'Day',	12,	'C',	'Arts',	'10125',	'1st Term',	100,	41,	16,	19,	4,	5,	0,	0,	0),
(188,	29,	'2016-17',	'Bangla',	'Bangla',	'Day',	12,	'C',	'Arts',	'10125',	'1st Term',	100,	43,	15,	16,	4,	4,	0,	0,	0),
(189,	30,	'2016-17',	'Bangla',	'Bangla',	'Day',	12,	'C',	'Arts',	'10125',	'1st Term',	100,	38,	10,	15,	4,	3,	0,	0,	0),
(190,	1,	'2016-17',	'Bangla',	'Bangla',	'Day',	12,	'C',	'Arts',	'15236',	'1st Term',	100,	44,	18,	20,	4,	5,	0,	0,	0),
(191,	2,	'2016-17',	'Bangla',	'Bangla',	'Day',	12,	'C',	'Arts',	'15236',	'1st Term',	100,	45,	19,	18,	4,	4,	0,	0,	0),
(192,	3,	'2016-17',	'Bangla',	'Bangla',	'Day',	12,	'C',	'Arts',	'15236',	'1st Term',	100,	32,	20,	17,	4,	3,	0,	0,	0),
(193,	4,	'2016-17',	'Bangla',	'Bangla',	'Day',	12,	'C',	'Arts',	'15236',	'1st Term',	100,	25,	16,	19,	4,	5,	0,	0,	0),
(194,	5,	'2016-17',	'Bangla',	'Bangla',	'Day',	12,	'C',	'Arts',	'15236',	'1st Term',	100,	33,	15,	16,	4,	4,	0,	0,	0),
(195,	6,	'2016-17',	'Bangla',	'Bangla',	'Day',	12,	'C',	'Arts',	'15236',	'1st Term',	100,	41,	10,	15,	4,	3,	0,	0,	0),
(196,	7,	'2016-17',	'Bangla',	'Bangla',	'Day',	12,	'C',	'Arts',	'15236',	'1st Term',	100,	43,	14,	20,	4,	5,	0,	0,	0),
(197,	8,	'2016-17',	'Bangla',	'Bangla',	'Day',	12,	'C',	'Arts',	'15236',	'1st Term',	100,	38,	17,	18,	4,	4,	0,	0,	0),
(198,	9,	'2016-17',	'Bangla',	'Bangla',	'Day',	12,	'C',	'Arts',	'15236',	'1st Term',	100,	37,	18,	17,	4,	3,	0,	0,	0),
(199,	10,	'2016-17',	'Bangla',	'Bangla',	'Day',	12,	'C',	'Arts',	'15236',	'1st Term',	100,	27,	19,	19,	4,	5,	0,	0,	0),
(200,	11,	'2016-17',	'Bangla',	'Bangla',	'Day',	12,	'C',	'Arts',	'15236',	'1st Term',	100,	29,	20,	16,	4,	4,	0,	0,	0),
(201,	12,	'2016-17',	'Bangla',	'Bangla',	'Day',	12,	'C',	'Arts',	'15236',	'1st Term',	100,	44,	16,	15,	4,	3,	0,	0,	0),
(202,	13,	'2016-17',	'Bangla',	'Bangla',	'Day',	12,	'C',	'Arts',	'15236',	'1st Term',	100,	45,	15,	20,	4,	5,	0,	0,	0),
(203,	14,	'2016-17',	'Bangla',	'Bangla',	'Day',	12,	'C',	'Arts',	'15236',	'1st Term',	100,	32,	10,	18,	4,	4,	0,	0,	0),
(204,	15,	'2016-17',	'Bangla',	'Bangla',	'Day',	12,	'C',	'Arts',	'15236',	'1st Term',	100,	25,	14,	17,	4,	3,	0,	0,	0),
(205,	16,	'2016-17',	'Bangla',	'Bangla',	'Day',	12,	'C',	'Arts',	'15236',	'1st Term',	100,	33,	17,	19,	4,	5,	0,	0,	0),
(206,	17,	'2016-17',	'Bangla',	'Bangla',	'Day',	12,	'C',	'Arts',	'15236',	'1st Term',	100,	41,	18,	16,	4,	4,	0,	0,	0),
(207,	18,	'2016-17',	'Bangla',	'Bangla',	'Day',	12,	'C',	'Arts',	'15236',	'1st Term',	100,	43,	19,	15,	4,	3,	0,	0,	0),
(208,	19,	'2016-17',	'Bangla',	'Bangla',	'Day',	12,	'C',	'Arts',	'15236',	'1st Term',	100,	38,	20,	20,	4,	5,	0,	0,	0),
(209,	20,	'2016-17',	'Bangla',	'Bangla',	'Day',	12,	'C',	'Arts',	'15236',	'1st Term',	100,	37,	16,	18,	4,	4,	0,	0,	0),
(210,	21,	'2016-17',	'Bangla',	'Bangla',	'Day',	12,	'C',	'Arts',	'15236',	'1st Term',	100,	27,	15,	17,	4,	3,	0,	0,	0),
(211,	22,	'2016-17',	'Bangla',	'Bangla',	'Day',	12,	'C',	'Arts',	'15236',	'1st Term',	100,	29,	10,	19,	4,	5,	0,	0,	0),
(212,	23,	'2016-17',	'Bangla',	'Bangla',	'Day',	12,	'C',	'Arts',	'15236',	'1st Term',	100,	44,	14,	16,	4,	4,	0,	0,	0),
(213,	24,	'2016-17',	'Bangla',	'Bangla',	'Day',	12,	'C',	'Arts',	'15236',	'1st Term',	100,	45,	17,	15,	4,	3,	0,	0,	0),
(214,	25,	'2016-17',	'Bangla',	'Bangla',	'Day',	12,	'C',	'Arts',	'15236',	'1st Term',	100,	32,	18,	20,	4,	5,	0,	0,	0),
(215,	26,	'2016-17',	'Bangla',	'Bangla',	'Day',	12,	'C',	'Arts',	'15236',	'1st Term',	100,	25,	19,	18,	4,	4,	0,	0,	0),
(216,	27,	'2016-17',	'Bangla',	'Bangla',	'Day',	12,	'C',	'Arts',	'15236',	'1st Term',	100,	33,	20,	17,	4,	3,	0,	0,	0),
(217,	28,	'2016-17',	'Bangla',	'Bangla',	'Day',	12,	'C',	'Arts',	'15236',	'1st Term',	100,	41,	16,	19,	4,	5,	0,	0,	0),
(218,	29,	'2016-17',	'Bangla',	'Bangla',	'Day',	12,	'C',	'Arts',	'15236',	'1st Term',	100,	43,	15,	16,	4,	4,	0,	0,	0),
(219,	30,	'2016-17',	'Bangla',	'Bangla',	'Day',	12,	'C',	'Arts',	'15236',	'1st Term',	100,	38,	10,	15,	4,	3,	0,	0,	0),
(220,	1,	'2016-17',	'Bangla',	'Bangla',	'Day',	12,	'C',	'Arts',	'1234',	'1st Term',	100,	44,	18,	20,	4,	5,	0,	0,	0),
(221,	2,	'2016-17',	'Bangla',	'Bangla',	'Day',	12,	'C',	'Arts',	'1234',	'1st Term',	100,	45,	19,	18,	4,	4,	0,	0,	0),
(222,	3,	'2016-17',	'Bangla',	'Bangla',	'Day',	12,	'C',	'Arts',	'1234',	'1st Term',	100,	32,	20,	17,	4,	3,	0,	0,	0),
(223,	4,	'2016-17',	'Bangla',	'Bangla',	'Day',	12,	'C',	'Arts',	'1234',	'1st Term',	100,	25,	16,	19,	4,	5,	0,	0,	0),
(224,	5,	'2016-17',	'Bangla',	'Bangla',	'Day',	12,	'C',	'Arts',	'1234',	'1st Term',	100,	33,	15,	16,	4,	4,	0,	0,	0),
(225,	6,	'2016-17',	'Bangla',	'Bangla',	'Day',	12,	'C',	'Arts',	'1234',	'1st Term',	100,	41,	10,	15,	4,	3,	0,	0,	0),
(226,	7,	'2016-17',	'Bangla',	'Bangla',	'Day',	12,	'C',	'Arts',	'1234',	'1st Term',	100,	43,	14,	20,	4,	5,	0,	0,	0),
(227,	8,	'2016-17',	'Bangla',	'Bangla',	'Day',	12,	'C',	'Arts',	'1234',	'1st Term',	100,	38,	17,	18,	4,	4,	0,	0,	0),
(228,	9,	'2016-17',	'Bangla',	'Bangla',	'Day',	12,	'C',	'Arts',	'1234',	'1st Term',	100,	37,	18,	17,	4,	3,	0,	0,	0),
(229,	10,	'2016-17',	'Bangla',	'Bangla',	'Day',	12,	'C',	'Arts',	'1234',	'1st Term',	100,	27,	19,	19,	4,	5,	0,	0,	0),
(230,	11,	'2016-17',	'Bangla',	'Bangla',	'Day',	12,	'C',	'Arts',	'1234',	'1st Term',	100,	29,	20,	16,	4,	4,	0,	0,	0),
(231,	12,	'2016-17',	'Bangla',	'Bangla',	'Day',	12,	'C',	'Arts',	'1234',	'1st Term',	100,	44,	16,	15,	4,	3,	0,	0,	0),
(232,	13,	'2016-17',	'Bangla',	'Bangla',	'Day',	12,	'C',	'Arts',	'1234',	'1st Term',	100,	45,	15,	20,	4,	5,	0,	0,	0),
(233,	14,	'2016-17',	'Bangla',	'Bangla',	'Day',	12,	'C',	'Arts',	'1234',	'1st Term',	100,	32,	10,	18,	4,	4,	0,	0,	0),
(234,	15,	'2016-17',	'Bangla',	'Bangla',	'Day',	12,	'C',	'Arts',	'1234',	'1st Term',	100,	25,	14,	17,	4,	3,	0,	0,	0),
(235,	16,	'2016-17',	'Bangla',	'Bangla',	'Day',	12,	'C',	'Arts',	'1234',	'1st Term',	100,	33,	17,	19,	4,	5,	0,	0,	0),
(236,	17,	'2016-17',	'Bangla',	'Bangla',	'Day',	12,	'C',	'Arts',	'1234',	'1st Term',	100,	41,	18,	16,	4,	4,	0,	0,	0),
(237,	18,	'2016-17',	'Bangla',	'Bangla',	'Day',	12,	'C',	'Arts',	'1234',	'1st Term',	100,	43,	19,	15,	4,	3,	0,	0,	0),
(238,	19,	'2016-17',	'Bangla',	'Bangla',	'Day',	12,	'C',	'Arts',	'1234',	'1st Term',	100,	38,	20,	20,	4,	5,	0,	0,	0),
(239,	20,	'2016-17',	'Bangla',	'Bangla',	'Day',	12,	'C',	'Arts',	'1234',	'1st Term',	100,	37,	16,	18,	4,	4,	0,	0,	0),
(240,	21,	'2016-17',	'Bangla',	'Bangla',	'Day',	12,	'C',	'Arts',	'1234',	'1st Term',	100,	27,	15,	17,	4,	3,	0,	0,	0),
(241,	22,	'2016-17',	'Bangla',	'Bangla',	'Day',	12,	'C',	'Arts',	'1234',	'1st Term',	100,	29,	10,	19,	4,	5,	0,	0,	0),
(242,	23,	'2016-17',	'Bangla',	'Bangla',	'Day',	12,	'C',	'Arts',	'1234',	'1st Term',	100,	44,	14,	16,	4,	4,	0,	0,	0),
(243,	24,	'2016-17',	'Bangla',	'Bangla',	'Day',	12,	'C',	'Arts',	'1234',	'1st Term',	100,	45,	17,	15,	4,	3,	0,	0,	0),
(244,	25,	'2016-17',	'Bangla',	'Bangla',	'Day',	12,	'C',	'Arts',	'1234',	'1st Term',	100,	32,	18,	20,	4,	5,	0,	0,	0),
(245,	26,	'2016-17',	'Bangla',	'Bangla',	'Day',	12,	'C',	'Arts',	'1234',	'1st Term',	100,	25,	19,	18,	4,	4,	0,	0,	0),
(246,	27,	'2016-17',	'Bangla',	'Bangla',	'Day',	12,	'C',	'Arts',	'1234',	'1st Term',	100,	33,	20,	17,	4,	3,	0,	0,	0),
(247,	28,	'2016-17',	'Bangla',	'Bangla',	'Day',	12,	'C',	'Arts',	'1234',	'1st Term',	100,	41,	16,	19,	4,	5,	0,	0,	0),
(248,	29,	'2016-17',	'Bangla',	'Bangla',	'Day',	12,	'C',	'Arts',	'1234',	'1st Term',	100,	43,	15,	16,	4,	4,	0,	0,	0),
(249,	30,	'2016-17',	'Bangla',	'Bangla',	'Day',	12,	'C',	'Arts',	'1234',	'1st Term',	100,	38,	10,	15,	4,	3,	0,	0,	0),
(250,	1,	'2016-17',	'Bangla',	'Bangla',	'Day',	12,	'C',	'Arts',	'32536',	'1st Term',	100,	44,	18,	20,	4,	5,	0,	0,	0),
(251,	2,	'2016-17',	'Bangla',	'Bangla',	'Day',	12,	'C',	'Arts',	'32536',	'1st Term',	100,	45,	19,	18,	4,	4,	0,	0,	0),
(252,	3,	'2016-17',	'Bangla',	'Bangla',	'Day',	12,	'C',	'Arts',	'32536',	'1st Term',	100,	32,	20,	17,	4,	3,	0,	0,	0),
(253,	4,	'2016-17',	'Bangla',	'Bangla',	'Day',	12,	'C',	'Arts',	'32536',	'1st Term',	100,	25,	16,	19,	4,	5,	0,	0,	0),
(254,	5,	'2016-17',	'Bangla',	'Bangla',	'Day',	12,	'C',	'Arts',	'32536',	'1st Term',	100,	33,	15,	16,	4,	4,	0,	0,	0),
(255,	6,	'2016-17',	'Bangla',	'Bangla',	'Day',	12,	'C',	'Arts',	'32536',	'1st Term',	100,	41,	10,	15,	4,	3,	0,	0,	0),
(256,	7,	'2016-17',	'Bangla',	'Bangla',	'Day',	12,	'C',	'Arts',	'32536',	'1st Term',	100,	43,	14,	20,	4,	5,	0,	0,	0),
(257,	8,	'2016-17',	'Bangla',	'Bangla',	'Day',	12,	'C',	'Arts',	'32536',	'1st Term',	100,	38,	17,	18,	4,	4,	0,	0,	0),
(258,	9,	'2016-17',	'Bangla',	'Bangla',	'Day',	12,	'C',	'Arts',	'32536',	'1st Term',	100,	37,	18,	17,	4,	3,	0,	0,	0),
(259,	10,	'2016-17',	'Bangla',	'Bangla',	'Day',	12,	'C',	'Arts',	'32536',	'1st Term',	100,	27,	19,	19,	4,	5,	0,	0,	0),
(260,	11,	'2016-17',	'Bangla',	'Bangla',	'Day',	12,	'C',	'Arts',	'32536',	'1st Term',	100,	29,	20,	16,	4,	4,	0,	0,	0),
(261,	12,	'2016-17',	'Bangla',	'Bangla',	'Day',	12,	'C',	'Arts',	'32536',	'1st Term',	100,	44,	16,	15,	4,	3,	0,	0,	0),
(262,	13,	'2016-17',	'Bangla',	'Bangla',	'Day',	12,	'C',	'Arts',	'32536',	'1st Term',	100,	45,	15,	20,	4,	5,	0,	0,	0),
(263,	14,	'2016-17',	'Bangla',	'Bangla',	'Day',	12,	'C',	'Arts',	'32536',	'1st Term',	100,	32,	10,	18,	4,	4,	0,	0,	0),
(264,	15,	'2016-17',	'Bangla',	'Bangla',	'Day',	12,	'C',	'Arts',	'32536',	'1st Term',	100,	25,	14,	17,	4,	3,	0,	0,	0),
(265,	16,	'2016-17',	'Bangla',	'Bangla',	'Day',	12,	'C',	'Arts',	'32536',	'1st Term',	100,	33,	17,	19,	4,	5,	0,	0,	0),
(266,	17,	'2016-17',	'Bangla',	'Bangla',	'Day',	12,	'C',	'Arts',	'32536',	'1st Term',	100,	41,	18,	16,	4,	4,	0,	0,	0),
(267,	18,	'2016-17',	'Bangla',	'Bangla',	'Day',	12,	'C',	'Arts',	'32536',	'1st Term',	100,	43,	19,	15,	4,	3,	0,	0,	0),
(268,	19,	'2016-17',	'Bangla',	'Bangla',	'Day',	12,	'C',	'Arts',	'32536',	'1st Term',	100,	38,	20,	20,	4,	5,	0,	0,	0),
(269,	20,	'2016-17',	'Bangla',	'Bangla',	'Day',	12,	'C',	'Arts',	'32536',	'1st Term',	100,	37,	16,	18,	4,	4,	0,	0,	0),
(270,	21,	'2016-17',	'Bangla',	'Bangla',	'Day',	12,	'C',	'Arts',	'32536',	'1st Term',	100,	27,	15,	17,	4,	3,	0,	0,	0),
(271,	22,	'2016-17',	'Bangla',	'Bangla',	'Day',	12,	'C',	'Arts',	'32536',	'1st Term',	100,	29,	10,	19,	4,	5,	0,	0,	0),
(272,	23,	'2016-17',	'Bangla',	'Bangla',	'Day',	12,	'C',	'Arts',	'32536',	'1st Term',	100,	44,	14,	16,	4,	4,	0,	0,	0),
(273,	24,	'2016-17',	'Bangla',	'Bangla',	'Day',	12,	'C',	'Arts',	'32536',	'1st Term',	100,	45,	17,	15,	4,	3,	0,	0,	0),
(274,	25,	'2016-17',	'Bangla',	'Bangla',	'Day',	12,	'C',	'Arts',	'32536',	'1st Term',	100,	32,	18,	20,	4,	5,	0,	0,	0),
(275,	26,	'2016-17',	'Bangla',	'Bangla',	'Day',	12,	'C',	'Arts',	'32536',	'1st Term',	100,	25,	19,	18,	4,	4,	0,	0,	0),
(276,	27,	'2016-17',	'Bangla',	'Bangla',	'Day',	12,	'C',	'Arts',	'32536',	'1st Term',	100,	33,	20,	17,	4,	3,	0,	0,	0),
(277,	28,	'2016-17',	'Bangla',	'Bangla',	'Day',	12,	'C',	'Arts',	'32536',	'1st Term',	100,	41,	16,	19,	4,	5,	0,	0,	0),
(278,	29,	'2016-17',	'Bangla',	'Bangla',	'Day',	12,	'C',	'Arts',	'32536',	'1st Term',	100,	43,	15,	16,	4,	4,	0,	0,	0),
(279,	30,	'2016-17',	'Bangla',	'Bangla',	'Day',	12,	'C',	'Arts',	'32536',	'1st Term',	100,	38,	10,	15,	4,	3,	0,	0,	0),
(280,	1,	'2016-17',	'Bangla',	'Bangla',	'Day',	12,	'C',	'Arts',	'152',	'1st Term',	100,	44,	18,	20,	4,	5,	0,	0,	0),
(281,	2,	'2016-17',	'Bangla',	'Bangla',	'Day',	12,	'C',	'Arts',	'152',	'1st Term',	100,	45,	19,	18,	4,	4,	0,	0,	0),
(282,	3,	'2016-17',	'Bangla',	'Bangla',	'Day',	12,	'C',	'Arts',	'152',	'1st Term',	100,	32,	20,	17,	4,	3,	0,	0,	0),
(283,	4,	'2016-17',	'Bangla',	'Bangla',	'Day',	12,	'C',	'Arts',	'152',	'1st Term',	100,	25,	16,	19,	4,	5,	0,	0,	0),
(284,	5,	'2016-17',	'Bangla',	'Bangla',	'Day',	12,	'C',	'Arts',	'152',	'1st Term',	100,	33,	15,	16,	4,	4,	0,	0,	0),
(285,	6,	'2016-17',	'Bangla',	'Bangla',	'Day',	12,	'C',	'Arts',	'152',	'1st Term',	100,	41,	10,	15,	4,	3,	0,	0,	0),
(286,	7,	'2016-17',	'Bangla',	'Bangla',	'Day',	12,	'C',	'Arts',	'152',	'1st Term',	100,	43,	14,	20,	4,	5,	0,	0,	0),
(287,	8,	'2016-17',	'Bangla',	'Bangla',	'Day',	12,	'C',	'Arts',	'152',	'1st Term',	100,	38,	17,	18,	4,	4,	0,	0,	0),
(288,	9,	'2016-17',	'Bangla',	'Bangla',	'Day',	12,	'C',	'Arts',	'152',	'1st Term',	100,	37,	18,	17,	4,	3,	0,	0,	0),
(289,	10,	'2016-17',	'Bangla',	'Bangla',	'Day',	12,	'C',	'Arts',	'152',	'1st Term',	100,	27,	19,	19,	4,	5,	0,	0,	0),
(290,	11,	'2016-17',	'Bangla',	'Bangla',	'Day',	12,	'C',	'Arts',	'152',	'1st Term',	100,	29,	20,	16,	4,	4,	0,	0,	0),
(291,	12,	'2016-17',	'Bangla',	'Bangla',	'Day',	12,	'C',	'Arts',	'152',	'1st Term',	100,	44,	16,	15,	4,	3,	0,	0,	0),
(292,	13,	'2016-17',	'Bangla',	'Bangla',	'Day',	12,	'C',	'Arts',	'152',	'1st Term',	100,	45,	15,	20,	4,	5,	0,	0,	0),
(293,	14,	'2016-17',	'Bangla',	'Bangla',	'Day',	12,	'C',	'Arts',	'152',	'1st Term',	100,	32,	10,	18,	4,	4,	0,	0,	0),
(294,	15,	'2016-17',	'Bangla',	'Bangla',	'Day',	12,	'C',	'Arts',	'152',	'1st Term',	100,	25,	14,	17,	4,	3,	0,	0,	0),
(295,	16,	'2016-17',	'Bangla',	'Bangla',	'Day',	12,	'C',	'Arts',	'152',	'1st Term',	100,	33,	17,	19,	4,	5,	0,	0,	0),
(296,	17,	'2016-17',	'Bangla',	'Bangla',	'Day',	12,	'C',	'Arts',	'152',	'1st Term',	100,	41,	18,	16,	4,	4,	0,	0,	0),
(297,	18,	'2016-17',	'Bangla',	'Bangla',	'Day',	12,	'C',	'Arts',	'152',	'1st Term',	100,	43,	19,	15,	4,	3,	0,	0,	0),
(298,	19,	'2016-17',	'Bangla',	'Bangla',	'Day',	12,	'C',	'Arts',	'152',	'1st Term',	100,	38,	20,	20,	4,	5,	0,	0,	0),
(299,	20,	'2016-17',	'Bangla',	'Bangla',	'Day',	12,	'C',	'Arts',	'152',	'1st Term',	100,	37,	16,	18,	4,	4,	0,	0,	0),
(300,	21,	'2016-17',	'Bangla',	'Bangla',	'Day',	12,	'C',	'Arts',	'152',	'1st Term',	100,	27,	15,	17,	4,	3,	0,	0,	0),
(301,	22,	'2016-17',	'Bangla',	'Bangla',	'Day',	12,	'C',	'Arts',	'152',	'1st Term',	100,	29,	10,	19,	4,	5,	0,	0,	0),
(302,	23,	'2016-17',	'Bangla',	'Bangla',	'Day',	12,	'C',	'Arts',	'152',	'1st Term',	100,	44,	14,	16,	4,	4,	0,	0,	0),
(303,	24,	'2016-17',	'Bangla',	'Bangla',	'Day',	12,	'C',	'Arts',	'152',	'1st Term',	100,	45,	17,	15,	4,	3,	0,	0,	0),
(304,	25,	'2016-17',	'Bangla',	'Bangla',	'Day',	12,	'C',	'Arts',	'152',	'1st Term',	100,	32,	18,	20,	4,	5,	0,	0,	0),
(305,	26,	'2016-17',	'Bangla',	'Bangla',	'Day',	12,	'C',	'Arts',	'152',	'1st Term',	100,	25,	19,	18,	4,	4,	0,	0,	0),
(306,	27,	'2016-17',	'Bangla',	'Bangla',	'Day',	12,	'C',	'Arts',	'152',	'1st Term',	100,	33,	20,	17,	4,	3,	0,	0,	0),
(307,	28,	'2016-17',	'Bangla',	'Bangla',	'Day',	12,	'C',	'Arts',	'152',	'1st Term',	100,	41,	16,	19,	4,	5,	0,	0,	0),
(308,	29,	'2016-17',	'Bangla',	'Bangla',	'Day',	12,	'C',	'Arts',	'152',	'1st Term',	100,	43,	15,	16,	4,	4,	0,	0,	0),
(309,	30,	'2016-17',	'Bangla',	'Bangla',	'Day',	12,	'C',	'Arts',	'152',	'1st Term',	100,	38,	10,	15,	4,	3,	0,	0,	0);

DROP TABLE IF EXISTS `role_manage`;
CREATE TABLE `role_manage` (
  `id` int(11) NOT NULL AUTO_INCREMENT,
  `designation` varchar(100) NOT NULL,
  `roleName` int(11) NOT NULL,
  `roleValue` int(11) NOT NULL,
  PRIMARY KEY (`id`)
) ENGINE=InnoDB AUTO_INCREMENT=306 DEFAULT CHARSET=latin1;

INSERT INTO `role_manage` (`id`, `designation`, `roleName`, `roleValue`) VALUES
(120,	'Hostel Super',	10,	1),
(121,	'Hostel Super',	10,	2),
(122,	'Hostel Super',	10,	3),
(123,	'Hostel Super',	10,	4),
(125,	'Hostel Super',	10,	5),
(126,	'Hr',	1,	1),
(127,	'Hr',	1,	2),
(128,	'Hr',	1,	3),
(129,	'Hr',	1,	4),
(130,	'Hr',	1,	5),
(131,	'Hr',	1,	6),
(132,	'Hr',	2,	1),
(133,	'Hr',	2,	2),
(134,	'Hr',	2,	3),
(135,	'Hr',	2,	4),
(136,	'Hr',	2,	6),
(137,	'Hr',	3,	1),
(138,	'Hr',	3,	2),
(139,	'Hr',	3,	3),
(140,	'Hr',	3,	4),
(141,	'Hr',	4,	1),
(142,	'Hr',	4,	2),
(143,	'Hr',	4,	3),
(144,	'Hr',	4,	4),
(145,	'Hr',	5,	1),
(146,	'Hr',	5,	2),
(147,	'Hr',	5,	3),
(148,	'Hr',	5,	4),
(149,	'Hr',	6,	1),
(150,	'Hr',	6,	2),
(151,	'Hr',	6,	3),
(152,	'Hr',	7,	1),
(153,	'Hr',	7,	2),
(154,	'Hr',	7,	3),
(155,	'Hr',	8,	1),
(156,	'Hr',	8,	2),
(157,	'Hr',	8,	3),
(158,	'Hr',	9,	1),
(159,	'Hr',	9,	2),
(160,	'Hr',	9,	3),
(161,	'Hr',	9,	4),
(162,	'Hr',	9,	5),
(163,	'Hr',	9,	6),
(164,	'Hr',	10,	1),
(165,	'Hr',	10,	2),
(166,	'Hr',	10,	3),
(167,	'Hr',	10,	4),
(168,	'Hr',	10,	5),
(169,	'Hr',	10,	6),
(171,	'Hr',	11,	2),
(172,	'Hr',	11,	3),
(173,	'Hr',	11,	4),
(174,	'Hr',	11,	5),
(175,	'Hr',	11,	6),
(176,	'Hr',	12,	1),
(177,	'Hr',	12,	2),
(178,	'Hr',	12,	3),
(179,	'Hr',	13,	1),
(180,	'Hr',	13,	2),
(181,	'Hr',	13,	3),
(182,	'Hr',	13,	4),
(183,	'Hr',	13,	5),
(184,	'Hr',	13,	6),
(185,	'Hr',	13,	7),
(186,	'Hr',	13,	8),
(187,	'Librarian',	9,	1),
(188,	'Librarian',	9,	2),
(189,	'Librarian',	9,	3),
(190,	'Librarian',	9,	4),
(191,	'Librarian',	9,	5),
(192,	'Librarian',	9,	6),
(193,	'Head Master',	1,	1),
(194,	'Head Master',	1,	2),
(195,	'Head Master',	1,	3),
(196,	'Head Master',	1,	4),
(197,	'Head Master',	1,	5),
(198,	'Head Master',	1,	6),
(199,	'Head Master',	2,	1),
(200,	'Head Master',	2,	2),
(201,	'Head Master',	2,	3),
(202,	'Head Master',	2,	4),
(203,	'Head Master',	2,	6),
(204,	'Head Master',	3,	1),
(205,	'Head Master',	3,	2),
(206,	'Head Master',	3,	3),
(207,	'Head Master',	3,	4),
(208,	'Head Master',	4,	1),
(209,	'Head Master',	4,	2),
(210,	'Head Master',	4,	3),
(211,	'Head Master',	4,	4),
(212,	'Head Master',	5,	1),
(213,	'Head Master',	5,	2),
(214,	'Head Master',	5,	3),
(215,	'Head Master',	5,	4),
(216,	'Head Master',	6,	1),
(217,	'Head Master',	6,	2),
(218,	'Head Master',	6,	3),
(219,	'Head Master',	7,	1),
(220,	'Head Master',	7,	2),
(221,	'Head Master',	7,	3),
(222,	'Head Master',	8,	1),
(223,	'Head Master',	8,	2),
(224,	'Head Master',	8,	3),
(225,	'Head Master',	9,	1),
(226,	'Head Master',	9,	2),
(227,	'Head Master',	9,	3),
(228,	'Head Master',	9,	4),
(229,	'Head Master',	9,	5),
(230,	'Head Master',	9,	6),
(231,	'Head Master',	10,	1),
(232,	'Head Master',	10,	2),
(233,	'Head Master',	10,	3),
(234,	'Head Master',	10,	4),
(235,	'Head Master',	10,	4),
(236,	'Head Master',	10,	5),
(237,	'Head Master',	11,	1),
(238,	'Head Master',	11,	2),
(239,	'Head Master',	11,	3),
(240,	'Head Master',	11,	4),
(241,	'Head Master',	11,	5),
(242,	'Head Master',	11,	6),
(243,	'Head Master',	12,	1),
(244,	'Head Master',	12,	2),
(245,	'Head Master',	12,	3),
(246,	'Head Master',	13,	1),
(247,	'Head Master',	13,	2),
(248,	'Head Master',	13,	3),
(249,	'Head Master',	13,	4),
(250,	'Head Master',	13,	5),
(251,	'Head Master',	13,	6),
(252,	'Head Master',	13,	7),
(253,	'Head Master',	13,	8),
(254,	'Assistant teacher',	2,	1),
(255,	'Assistant teacher',	2,	2),
(256,	'Assistant teacher',	2,	3),
(257,	'Assistant teacher',	2,	4),
(258,	'Assistant teacher',	2,	6),
(259,	'Assistant teacher',	3,	1),
(260,	'Assistant teacher',	3,	2),
(261,	'Assistant teacher',	3,	3),
(262,	'Assistant teacher',	3,	4),
(263,	'Assistant teacher',	4,	1),
(264,	'Assistant teacher',	4,	2),
(265,	'Assistant teacher',	4,	3),
(266,	'Assistant teacher',	4,	4),
(267,	'Assistant teacher',	5,	1),
(268,	'Assistant teacher',	5,	2),
(269,	'Assistant teacher',	5,	3),
(270,	'Assistant teacher',	5,	4),
(271,	'Assistant teacher',	6,	1),
(272,	'Assistant teacher',	6,	2),
(273,	'Assistant teacher',	6,	3),
(274,	'Assistant teacher',	7,	1),
(275,	'Assistant teacher',	7,	2),
(276,	'Assistant teacher',	7,	3),
(277,	'Assistant teacher',	8,	1),
(278,	'Assistant teacher',	8,	2),
(279,	'Assistant teacher',	8,	3),
(280,	'Assistant teacher',	9,	1),
(281,	'Assistant teacher',	9,	2),
(282,	'Assistant teacher',	9,	3),
(283,	'Assistant teacher',	9,	4),
(284,	'Assistant teacher',	9,	5),
(285,	'Assistant teacher',	9,	6),
(286,	'Assistant teacher',	10,	1),
(287,	'Assistant teacher',	10,	2),
(288,	'Assistant teacher',	10,	3),
(289,	'Assistant teacher',	10,	4),
(290,	'Assistant teacher',	10,	4),
(291,	'Assistant teacher',	10,	5),
(292,	'Assistant teacher',	11,	1),
(293,	'Assistant teacher',	11,	2),
(294,	'Assistant teacher',	11,	3),
(295,	'Assistant teacher',	11,	4),
(296,	'Assistant teacher',	11,	5),
(297,	'Assistant teacher',	11,	6),
(298,	'Assistant teacher',	13,	1),
(299,	'Assistant teacher',	13,	2),
(300,	'Assistant teacher',	13,	3),
(301,	'Assistant teacher',	13,	4),
(302,	'Assistant teacher',	13,	5),
(303,	'Assistant teacher',	13,	6),
(304,	'Assistant teacher',	13,	7),
(305,	'Assistant teacher',	13,	8);

DROP TABLE IF EXISTS `std_attendence_details`;
CREATE TABLE `std_attendence_details` (
  `id` bigint(20) NOT NULL AUTO_INCREMENT,
  `attendanceId` bigint(20) NOT NULL,
  `studentId` int(11) NOT NULL,
  `attendance` varchar(20) DEFAULT NULL,
  `created_at` datetime NOT NULL DEFAULT CURRENT_TIMESTAMP ON UPDATE CURRENT_TIMESTAMP,
  PRIMARY KEY (`id`),
  KEY `attendanceId` (`attendanceId`)
) ENGINE=InnoDB AUTO_INCREMENT=1021 DEFAULT CHARSET=latin1;

INSERT INTO `std_attendence_details` (`id`, `attendanceId`, `studentId`, `attendance`, `created_at`) VALUES
(1,	1,	38,	'Present',	'2018-02-23 20:22:02'),
(2,	1,	39,	'Absent',	'2018-02-23 20:22:02'),
(3,	1,	120,	'Late',	'2018-02-23 20:22:02'),
(4,	1,	105,	'Leave',	'2018-02-23 20:22:02'),
(5,	1,	106,	'Late',	'2018-02-23 20:22:02'),
(6,	1,	104,	'Absent',	'2018-02-23 20:22:02'),
(7,	1,	108,	'Present',	'2018-02-23 20:22:02'),
(8,	1,	109,	'Absent',	'2018-02-23 20:22:02'),
(9,	1,	110,	'Late',	'2018-02-23 20:22:02'),
(10,	1,	107,	'Leave',	'2018-02-23 20:22:02'),
(11,	2,	38,	'Leave',	'2018-02-23 20:22:50'),
(12,	2,	39,	'Late',	'2018-02-23 20:22:50'),
(13,	2,	120,	'Absent',	'2018-02-23 20:22:50'),
(14,	2,	105,	'Present',	'2018-02-23 20:22:50'),
(15,	2,	106,	'Absent',	'2018-02-23 20:22:50'),
(16,	2,	104,	'Late',	'2018-02-23 20:22:50'),
(17,	2,	108,	'Leave',	'2018-02-23 20:22:50'),
(18,	2,	109,	'Late',	'2018-02-23 20:22:50'),
(19,	2,	110,	'Absent',	'2018-02-23 20:22:50'),
(20,	2,	107,	'Present',	'2018-02-23 20:22:50'),
(21,	3,	38,	'Present',	'2018-02-23 20:50:02'),
(22,	3,	39,	'Present',	'2018-02-23 20:50:02'),
(23,	3,	120,	'Present',	'2018-02-23 20:50:02'),
(24,	3,	105,	'Present',	'2018-02-23 20:50:02'),
(25,	3,	106,	'Present',	'2018-02-23 20:50:02'),
(26,	3,	104,	'Present',	'2018-02-23 20:50:02'),
(27,	3,	108,	'Present',	'2018-02-23 20:50:02'),
(28,	3,	109,	'Present',	'2018-02-23 20:50:02'),
(29,	3,	110,	'Present',	'2018-02-23 20:50:02'),
(30,	3,	107,	'Present',	'2018-02-23 20:50:02'),
(31,	4,	125,	'Present',	'2018-02-24 19:54:06'),
(32,	4,	124,	'Late',	'2018-02-24 19:54:06'),
(33,	4,	76,	'Present',	'2018-02-24 19:54:06'),
(34,	4,	67,	'Absent',	'2018-02-24 19:54:06'),
(35,	4,	73,	'Present',	'2018-02-24 19:54:06'),
(36,	4,	78,	'Late',	'2018-02-24 19:54:06'),
(37,	4,	93,	'Leave',	'2018-02-24 19:54:06'),
(38,	4,	79,	'Absent',	'2018-02-24 19:54:06'),
(39,	4,	102,	'Absent',	'2018-02-24 19:54:06'),
(40,	4,	96,	'Late',	'2018-02-24 19:54:06'),
(41,	4,	112,	'Leave',	'2018-02-24 19:54:06'),
(42,	4,	117,	'Late',	'2018-02-24 19:54:06'),
(43,	4,	101,	'Absent',	'2018-02-24 19:54:06'),
(44,	4,	116,	'Present',	'2018-02-24 19:54:06'),
(45,	4,	95,	'Late',	'2018-02-24 19:54:06'),
(46,	4,	123,	'Late',	'2018-02-24 19:54:06'),
(47,	4,	115,	'Present',	'2018-02-24 19:54:06'),
(48,	4,	77,	'Absent',	'2018-02-24 19:54:06'),
(49,	4,	75,	'Present',	'2018-02-24 19:54:06'),
(50,	4,	74,	'Late',	'2018-02-24 19:54:06'),
(51,	4,	114,	'Present',	'2018-02-24 19:54:06'),
(52,	4,	44,	'Present',	'2018-02-24 19:54:06'),
(53,	4,	43,	'Present',	'2018-02-24 19:54:06'),
(54,	4,	42,	'Present',	'2018-02-24 19:54:06'),
(55,	4,	61,	'Present',	'2018-02-24 19:54:06'),
(56,	4,	62,	'Present',	'2018-02-24 19:54:06'),
(57,	4,	65,	'Present',	'2018-02-24 19:54:06'),
(58,	4,	64,	'Present',	'2018-02-24 19:54:06'),
(59,	4,	85,	'Present',	'2018-02-24 19:54:06'),
(60,	4,	82,	'Present',	'2018-02-24 19:54:06'),
(61,	4,	81,	'Present',	'2018-02-24 19:54:06'),
(62,	4,	80,	'Present',	'2018-02-24 19:54:06'),
(63,	4,	84,	'Present',	'2018-02-24 19:54:06'),
(64,	4,	63,	'Present',	'2018-02-24 19:54:06'),
(65,	4,	59,	'Present',	'2018-02-24 19:54:06'),
(66,	4,	83,	'Present',	'2018-02-24 19:54:06'),
(67,	4,	86,	'Present',	'2018-02-24 19:54:06'),
(68,	4,	122,	'Present',	'2018-02-24 19:54:06'),
(69,	4,	121,	'Present',	'2018-02-24 19:54:06'),
(70,	4,	45,	'Present',	'2018-02-24 19:54:06'),
(71,	4,	46,	'Present',	'2018-02-24 19:54:06'),
(72,	4,	94,	'Present',	'2018-02-24 19:54:06'),
(73,	4,	47,	'Present',	'2018-02-24 19:54:06'),
(74,	4,	103,	'Present',	'2018-02-24 19:54:06'),
(75,	4,	66,	'Present',	'2018-02-24 19:54:06'),
(76,	4,	88,	'Present',	'2018-02-24 19:54:06'),
(77,	4,	87,	'Present',	'2018-02-24 19:54:06'),
(78,	4,	90,	'Present',	'2018-02-24 19:54:06'),
(79,	4,	91,	'Present',	'2018-02-24 19:54:06'),
(80,	4,	92,	'Present',	'2018-02-24 19:54:06'),
(81,	4,	89,	'Present',	'2018-02-24 19:54:06'),
(82,	5,	125,	'Present',	'2018-02-28 16:54:32'),
(83,	5,	76,	'Present',	'2018-02-28 16:54:32'),
(84,	5,	124,	'Present',	'2018-02-28 16:54:32'),
(85,	5,	93,	'Present',	'2018-02-28 16:54:32'),
(86,	5,	67,	'Present',	'2018-02-28 16:54:32'),
(87,	5,	73,	'Present',	'2018-02-28 16:54:32'),
(88,	5,	78,	'Present',	'2018-02-28 16:54:32'),
(89,	5,	79,	'Present',	'2018-02-28 16:54:32'),
(90,	5,	102,	'Present',	'2018-02-28 16:54:32'),
(91,	5,	101,	'Present',	'2018-02-28 16:54:32'),
(92,	5,	96,	'Present',	'2018-02-28 16:54:32'),
(93,	5,	112,	'Present',	'2018-02-28 16:54:32'),
(94,	5,	116,	'Present',	'2018-02-28 16:54:32'),
(95,	5,	117,	'Present',	'2018-02-28 16:54:32'),
(96,	5,	95,	'Present',	'2018-02-28 16:54:32'),
(97,	5,	123,	'Present',	'2018-02-28 16:54:32'),
(98,	5,	114,	'Present',	'2018-02-28 16:54:32'),
(99,	5,	77,	'Present',	'2018-02-28 16:54:32'),
(100,	5,	75,	'Present',	'2018-02-28 16:54:32'),
(101,	5,	74,	'Present',	'2018-02-28 16:54:32'),
(102,	5,	115,	'Present',	'2018-02-28 16:54:32'),
(103,	5,	44,	'Present',	'2018-02-28 16:54:32'),
(104,	5,	43,	'Present',	'2018-02-28 16:54:32'),
(105,	5,	42,	'Present',	'2018-02-28 16:54:32'),
(106,	5,	61,	'Present',	'2018-02-28 16:54:32'),
(107,	5,	62,	'Present',	'2018-02-28 16:54:32'),
(108,	5,	65,	'Present',	'2018-02-28 16:54:32'),
(109,	5,	64,	'Present',	'2018-02-28 16:54:32'),
(110,	5,	85,	'Present',	'2018-02-28 16:54:32'),
(111,	5,	82,	'Present',	'2018-02-28 16:54:32'),
(112,	5,	81,	'Present',	'2018-02-28 16:54:32'),
(113,	5,	80,	'Present',	'2018-02-28 16:54:32'),
(114,	5,	63,	'Present',	'2018-02-28 16:54:32'),
(115,	5,	84,	'Present',	'2018-02-28 16:54:32'),
(116,	5,	59,	'Present',	'2018-02-28 16:54:32'),
(117,	5,	83,	'Present',	'2018-02-28 16:54:32'),
(118,	5,	86,	'Present',	'2018-02-28 16:54:32'),
(119,	5,	122,	'Present',	'2018-02-28 16:54:32'),
(120,	5,	121,	'Present',	'2018-02-28 16:54:32'),
(121,	5,	45,	'Present',	'2018-02-28 16:54:32'),
(122,	5,	46,	'Absent',	'2018-02-28 16:54:32'),
(123,	5,	94,	'Present',	'2018-02-28 16:54:32'),
(124,	5,	47,	'Present',	'2018-02-28 16:54:32'),
(125,	5,	126,	'Present',	'2018-02-28 16:54:32'),
(126,	5,	103,	'Present',	'2018-02-28 16:54:32'),
(127,	5,	66,	'Present',	'2018-02-28 16:54:32'),
(128,	5,	89,	'Present',	'2018-02-28 16:54:32'),
(129,	5,	87,	'Present',	'2018-02-28 16:54:32'),
(130,	5,	90,	'Present',	'2018-02-28 16:54:32'),
(131,	5,	91,	'Present',	'2018-02-28 16:54:32'),
(132,	5,	92,	'Present',	'2018-02-28 16:54:32'),
(133,	5,	88,	'Present',	'2018-02-28 16:54:32'),
(134,	6,	125,	'Present',	'2018-03-06 10:56:00'),
(135,	6,	76,	'Present',	'2018-03-06 10:56:00'),
(136,	6,	124,	'Present',	'2018-03-06 10:56:00'),
(137,	6,	93,	'Present',	'2018-03-06 10:56:00'),
(138,	6,	67,	'Present',	'2018-03-06 10:56:00'),
(139,	6,	73,	'Present',	'2018-03-06 10:56:00'),
(140,	6,	78,	'Present',	'2018-03-06 10:56:00'),
(141,	6,	79,	'Present',	'2018-03-06 10:56:00'),
(142,	6,	102,	'Present',	'2018-03-06 10:56:00'),
(143,	6,	101,	'Present',	'2018-03-06 10:56:00'),
(144,	6,	96,	'Present',	'2018-03-06 10:56:00'),
(145,	6,	112,	'Present',	'2018-03-06 10:56:00'),
(146,	6,	116,	'Present',	'2018-03-06 10:56:00'),
(147,	6,	117,	'Present',	'2018-03-06 10:56:00'),
(148,	6,	95,	'Present',	'2018-03-06 10:56:00'),
(149,	6,	123,	'Present',	'2018-03-06 10:56:00'),
(150,	6,	114,	'Present',	'2018-03-06 10:56:00'),
(151,	6,	77,	'Present',	'2018-03-06 10:56:00'),
(152,	6,	75,	'Present',	'2018-03-06 10:56:00'),
(153,	6,	74,	'Present',	'2018-03-06 10:56:00'),
(154,	6,	115,	'Present',	'2018-03-06 10:56:00'),
(155,	6,	44,	'Present',	'2018-03-06 10:56:00'),
(156,	6,	43,	'Present',	'2018-03-06 10:56:00'),
(157,	6,	42,	'Present',	'2018-03-06 10:56:00'),
(158,	6,	61,	'Present',	'2018-03-06 10:56:00'),
(159,	6,	62,	'Present',	'2018-03-06 10:56:00'),
(160,	6,	65,	'Present',	'2018-03-06 10:56:00'),
(161,	6,	64,	'Present',	'2018-03-06 10:56:00'),
(162,	6,	85,	'Present',	'2018-03-06 10:56:00'),
(163,	6,	82,	'Present',	'2018-03-06 10:56:00'),
(164,	6,	81,	'Present',	'2018-03-06 10:56:00'),
(165,	6,	80,	'Present',	'2018-03-06 10:56:00'),
(166,	6,	63,	'Present',	'2018-03-06 10:56:00'),
(167,	6,	84,	'Present',	'2018-03-06 10:56:00'),
(168,	6,	59,	'Present',	'2018-03-06 10:56:00'),
(169,	6,	83,	'Present',	'2018-03-06 10:56:00'),
(170,	6,	86,	'Present',	'2018-03-06 10:56:00'),
(171,	6,	122,	'Present',	'2018-03-06 10:56:00'),
(172,	6,	121,	'Present',	'2018-03-06 10:56:00'),
(173,	6,	45,	'Present',	'2018-03-06 10:56:00'),
(174,	6,	46,	'Present',	'2018-03-06 10:56:00'),
(175,	6,	94,	'Present',	'2018-03-06 10:56:00'),
(176,	6,	47,	'Present',	'2018-03-06 10:56:00'),
(177,	6,	126,	'Present',	'2018-03-06 10:56:00'),
(178,	6,	103,	'Present',	'2018-03-06 10:56:00'),
(179,	6,	66,	'Present',	'2018-03-06 10:56:00'),
(180,	6,	89,	'Present',	'2018-03-06 10:56:00'),
(181,	6,	87,	'Present',	'2018-03-06 10:56:00'),
(182,	6,	90,	'Present',	'2018-03-06 10:56:00'),
(183,	6,	91,	'Present',	'2018-03-06 10:56:00'),
(184,	6,	92,	'Present',	'2018-03-06 10:56:00'),
(185,	6,	88,	'Present',	'2018-03-06 10:56:00'),
(186,	7,	125,	'Present',	'2018-03-06 12:06:43'),
(187,	7,	76,	'Present',	'2018-03-06 12:06:43'),
(188,	7,	124,	'Present',	'2018-03-06 12:06:43'),
(189,	7,	93,	'Present',	'2018-03-06 12:06:43'),
(190,	7,	67,	'Present',	'2018-03-06 12:06:43'),
(191,	7,	73,	'Present',	'2018-03-06 12:06:43'),
(192,	7,	78,	'Present',	'2018-03-06 12:06:43'),
(193,	7,	79,	'Present',	'2018-03-06 12:06:43'),
(194,	7,	102,	'Present',	'2018-03-06 12:06:43'),
(195,	7,	101,	'Present',	'2018-03-06 12:06:43'),
(196,	7,	96,	'Present',	'2018-03-06 12:06:43'),
(197,	7,	112,	'Present',	'2018-03-06 12:06:43'),
(198,	7,	116,	'Present',	'2018-03-06 12:06:43'),
(199,	7,	117,	'Present',	'2018-03-06 12:06:43'),
(200,	7,	95,	'Present',	'2018-03-06 12:06:43'),
(201,	7,	123,	'Present',	'2018-03-06 12:06:43'),
(202,	7,	114,	'Present',	'2018-03-06 12:06:43'),
(203,	7,	77,	'Present',	'2018-03-06 12:06:43'),
(204,	7,	75,	'Present',	'2018-03-06 12:06:43'),
(205,	7,	74,	'Present',	'2018-03-06 12:06:43'),
(206,	7,	115,	'Present',	'2018-03-06 12:06:43'),
(207,	7,	44,	'Present',	'2018-03-06 12:06:43'),
(208,	7,	43,	'Present',	'2018-03-06 12:06:43'),
(209,	7,	42,	'Present',	'2018-03-06 12:06:43'),
(210,	7,	61,	'Present',	'2018-03-06 12:06:43'),
(211,	7,	62,	'Present',	'2018-03-06 12:06:43'),
(212,	7,	65,	'Present',	'2018-03-06 12:06:43'),
(213,	7,	64,	'Present',	'2018-03-06 12:06:43'),
(214,	7,	85,	'Present',	'2018-03-06 12:06:43'),
(215,	7,	82,	'Present',	'2018-03-06 12:06:43'),
(216,	7,	81,	'Present',	'2018-03-06 12:06:43'),
(217,	7,	80,	'Present',	'2018-03-06 12:06:43'),
(218,	7,	63,	'Present',	'2018-03-06 12:06:43'),
(219,	7,	84,	'Present',	'2018-03-06 12:06:43'),
(220,	7,	59,	'Present',	'2018-03-06 12:06:43'),
(221,	7,	83,	'Present',	'2018-03-06 12:06:43'),
(222,	7,	86,	'Present',	'2018-03-06 12:06:43'),
(223,	7,	122,	'Present',	'2018-03-06 12:06:43'),
(224,	7,	121,	'Present',	'2018-03-06 12:06:43'),
(225,	7,	45,	'Present',	'2018-03-06 12:06:43'),
(226,	7,	46,	'Present',	'2018-03-06 12:06:43'),
(227,	7,	94,	'Present',	'2018-03-06 12:06:43'),
(228,	7,	47,	'Present',	'2018-03-06 12:06:43'),
(229,	7,	126,	'Present',	'2018-03-06 12:06:43'),
(230,	7,	103,	'Present',	'2018-03-06 12:06:43'),
(231,	7,	66,	'Present',	'2018-03-06 12:06:43'),
(232,	7,	89,	'Present',	'2018-03-06 12:06:43'),
(233,	7,	87,	'Present',	'2018-03-06 12:06:43'),
(234,	7,	90,	'Present',	'2018-03-06 12:06:43'),
(235,	7,	91,	'Present',	'2018-03-06 12:06:43'),
(236,	7,	92,	'Present',	'2018-03-06 12:06:43'),
(237,	7,	88,	'Present',	'2018-03-06 12:06:43'),
(238,	12,	125,	'Present',	'2018-03-24 20:31:30'),
(239,	12,	76,	'Present',	'2018-03-24 20:31:30'),
(240,	12,	124,	'Present',	'2018-03-24 20:31:30'),
(241,	12,	93,	'Present',	'2018-03-24 20:31:30'),
(242,	12,	67,	'Present',	'2018-03-24 20:31:30'),
(243,	12,	73,	'Present',	'2018-03-24 20:31:30'),
(244,	12,	78,	'Present',	'2018-03-24 20:31:30'),
(245,	12,	79,	'Present',	'2018-03-24 20:31:30'),
(246,	12,	102,	'Present',	'2018-03-24 20:31:30'),
(247,	12,	101,	'Present',	'2018-03-24 20:31:30'),
(248,	12,	96,	'Present',	'2018-03-24 20:31:30'),
(249,	12,	112,	'Present',	'2018-03-24 20:31:30'),
(250,	12,	116,	'Present',	'2018-03-24 20:31:30'),
(251,	12,	117,	'Present',	'2018-03-24 20:31:30'),
(252,	12,	95,	'Present',	'2018-03-24 20:31:30'),
(253,	12,	123,	'Present',	'2018-03-24 20:31:30'),
(254,	12,	114,	'Present',	'2018-03-24 20:31:30'),
(255,	12,	77,	'Present',	'2018-03-24 20:31:30'),
(256,	12,	75,	'Present',	'2018-03-24 20:31:30'),
(257,	12,	74,	'Present',	'2018-03-24 20:31:30'),
(258,	12,	115,	'Present',	'2018-03-24 20:31:30'),
(259,	12,	44,	'Present',	'2018-03-24 20:31:30'),
(260,	12,	43,	'Present',	'2018-03-24 20:31:30'),
(261,	12,	42,	'Present',	'2018-03-24 20:31:30'),
(262,	12,	61,	'Present',	'2018-03-24 20:31:30'),
(263,	12,	62,	'Present',	'2018-03-24 20:31:30'),
(264,	12,	65,	'Present',	'2018-03-24 20:31:30'),
(265,	12,	64,	'Present',	'2018-03-24 20:31:30'),
(266,	12,	85,	'Present',	'2018-03-24 20:31:30'),
(267,	12,	82,	'Present',	'2018-03-24 20:31:30'),
(268,	12,	81,	'Present',	'2018-03-24 20:31:30'),
(269,	12,	80,	'Present',	'2018-03-24 20:31:30'),
(270,	12,	63,	'Present',	'2018-03-24 20:31:30'),
(271,	12,	84,	'Present',	'2018-03-24 20:31:30'),
(272,	12,	59,	'Present',	'2018-03-24 20:31:30'),
(273,	12,	83,	'Present',	'2018-03-24 20:31:30'),
(274,	12,	86,	'Present',	'2018-03-24 20:31:30'),
(275,	12,	122,	'Present',	'2018-03-24 20:31:30'),
(276,	12,	121,	'Present',	'2018-03-24 20:31:30'),
(277,	12,	45,	'Present',	'2018-03-24 20:31:30'),
(278,	12,	46,	'Present',	'2018-03-24 20:31:30'),
(279,	12,	94,	'Present',	'2018-03-24 20:31:30'),
(280,	12,	47,	'Present',	'2018-03-24 20:31:30'),
(281,	12,	126,	'Present',	'2018-03-24 20:31:30'),
(282,	12,	103,	'Present',	'2018-03-24 20:31:30'),
(283,	12,	66,	'Present',	'2018-03-24 20:31:30'),
(284,	12,	89,	'Present',	'2018-03-24 20:31:30'),
(285,	12,	87,	'Present',	'2018-03-24 20:31:30'),
(286,	12,	90,	'Present',	'2018-03-24 20:31:30'),
(287,	12,	91,	'Present',	'2018-03-24 20:31:30'),
(288,	12,	92,	'Present',	'2018-03-24 20:31:30'),
(289,	12,	88,	'Present',	'2018-03-24 20:31:30'),
(290,	13,	125,	'Present',	'2018-03-24 20:31:32'),
(291,	13,	76,	'Present',	'2018-03-24 20:31:32'),
(292,	13,	124,	'Present',	'2018-03-24 20:31:32'),
(293,	13,	93,	'Present',	'2018-03-24 20:31:32'),
(294,	13,	67,	'Present',	'2018-03-24 20:31:32'),
(295,	13,	73,	'Present',	'2018-03-24 20:31:32'),
(296,	13,	78,	'Present',	'2018-03-24 20:31:32'),
(297,	13,	79,	'Present',	'2018-03-24 20:31:32'),
(298,	13,	102,	'Present',	'2018-03-24 20:31:32'),
(299,	13,	101,	'Present',	'2018-03-24 20:31:32'),
(300,	13,	96,	'Present',	'2018-03-24 20:31:32'),
(301,	13,	112,	'Present',	'2018-03-24 20:31:32'),
(302,	13,	116,	'Present',	'2018-03-24 20:31:32'),
(303,	13,	117,	'Present',	'2018-03-24 20:31:32'),
(304,	13,	95,	'Present',	'2018-03-24 20:31:32'),
(305,	13,	123,	'Present',	'2018-03-24 20:31:32'),
(306,	13,	114,	'Present',	'2018-03-24 20:31:32'),
(307,	13,	77,	'Present',	'2018-03-24 20:31:32'),
(308,	13,	75,	'Present',	'2018-03-24 20:31:32'),
(309,	13,	74,	'Present',	'2018-03-24 20:31:32'),
(310,	13,	115,	'Present',	'2018-03-24 20:31:32'),
(311,	13,	44,	'Present',	'2018-03-24 20:31:32'),
(312,	13,	43,	'Present',	'2018-03-24 20:31:32'),
(313,	13,	42,	'Present',	'2018-03-24 20:31:32'),
(314,	13,	61,	'Present',	'2018-03-24 20:31:32'),
(315,	13,	62,	'Present',	'2018-03-24 20:31:32'),
(316,	13,	65,	'Present',	'2018-03-24 20:31:32'),
(317,	13,	64,	'Present',	'2018-03-24 20:31:32'),
(318,	13,	85,	'Present',	'2018-03-24 20:31:32'),
(319,	13,	82,	'Present',	'2018-03-24 20:31:32'),
(320,	13,	81,	'Present',	'2018-03-24 20:31:32'),
(321,	13,	80,	'Present',	'2018-03-24 20:31:32'),
(322,	13,	63,	'Present',	'2018-03-24 20:31:32'),
(323,	13,	84,	'Present',	'2018-03-24 20:31:32'),
(324,	13,	59,	'Present',	'2018-03-24 20:31:32'),
(325,	13,	83,	'Present',	'2018-03-24 20:31:32'),
(326,	13,	86,	'Present',	'2018-03-24 20:31:32'),
(327,	13,	122,	'Present',	'2018-03-24 20:31:32'),
(328,	13,	121,	'Present',	'2018-03-24 20:31:32'),
(329,	13,	45,	'Present',	'2018-03-24 20:31:32'),
(330,	13,	46,	'Present',	'2018-03-24 20:31:32'),
(331,	13,	94,	'Present',	'2018-03-24 20:31:32'),
(332,	13,	47,	'Present',	'2018-03-24 20:31:32'),
(333,	13,	126,	'Present',	'2018-03-24 20:31:32'),
(334,	13,	103,	'Present',	'2018-03-24 20:31:32'),
(335,	13,	66,	'Present',	'2018-03-24 20:31:32'),
(336,	13,	89,	'Present',	'2018-03-24 20:31:32'),
(337,	13,	87,	'Present',	'2018-03-24 20:31:32'),
(338,	13,	90,	'Present',	'2018-03-24 20:31:32'),
(339,	13,	91,	'Present',	'2018-03-24 20:31:32'),
(340,	13,	92,	'Present',	'2018-03-24 20:31:32'),
(341,	13,	88,	'Present',	'2018-03-24 20:31:32'),
(342,	14,	125,	'Present',	'2018-03-24 20:31:35'),
(343,	14,	76,	'Present',	'2018-03-24 20:31:35'),
(344,	14,	124,	'Present',	'2018-03-24 20:31:35'),
(345,	14,	93,	'Present',	'2018-03-24 20:31:35'),
(346,	14,	67,	'Present',	'2018-03-24 20:31:35'),
(347,	14,	73,	'Present',	'2018-03-24 20:31:35'),
(348,	14,	78,	'Present',	'2018-03-24 20:31:35'),
(349,	14,	79,	'Present',	'2018-03-24 20:31:35'),
(350,	14,	102,	'Present',	'2018-03-24 20:31:35'),
(351,	14,	101,	'Present',	'2018-03-24 20:31:35'),
(352,	14,	96,	'Present',	'2018-03-24 20:31:35'),
(353,	14,	112,	'Present',	'2018-03-24 20:31:35'),
(354,	14,	116,	'Present',	'2018-03-24 20:31:35'),
(355,	14,	117,	'Present',	'2018-03-24 20:31:35'),
(356,	14,	95,	'Present',	'2018-03-24 20:31:35'),
(357,	14,	123,	'Present',	'2018-03-24 20:31:35'),
(358,	14,	114,	'Present',	'2018-03-24 20:31:35'),
(359,	14,	77,	'Present',	'2018-03-24 20:31:35'),
(360,	14,	75,	'Present',	'2018-03-24 20:31:35'),
(361,	14,	74,	'Present',	'2018-03-24 20:31:35'),
(362,	14,	115,	'Present',	'2018-03-24 20:31:35'),
(363,	14,	44,	'Present',	'2018-03-24 20:31:35'),
(364,	14,	43,	'Present',	'2018-03-24 20:31:35'),
(365,	14,	42,	'Present',	'2018-03-24 20:31:35'),
(366,	14,	61,	'Present',	'2018-03-24 20:31:35'),
(367,	14,	62,	'Present',	'2018-03-24 20:31:35'),
(368,	14,	65,	'Present',	'2018-03-24 20:31:35'),
(369,	14,	64,	'Present',	'2018-03-24 20:31:35'),
(370,	14,	85,	'Present',	'2018-03-24 20:31:35'),
(371,	14,	82,	'Present',	'2018-03-24 20:31:35'),
(372,	14,	81,	'Present',	'2018-03-24 20:31:35'),
(373,	14,	80,	'Present',	'2018-03-24 20:31:35'),
(374,	14,	63,	'Present',	'2018-03-24 20:31:35'),
(375,	14,	84,	'Present',	'2018-03-24 20:31:35'),
(376,	14,	59,	'Present',	'2018-03-24 20:31:35'),
(377,	14,	83,	'Present',	'2018-03-24 20:31:35'),
(378,	14,	86,	'Present',	'2018-03-24 20:31:35'),
(379,	14,	122,	'Present',	'2018-03-24 20:31:35'),
(380,	14,	121,	'Present',	'2018-03-24 20:31:35'),
(381,	14,	45,	'Present',	'2018-03-24 20:31:35'),
(382,	14,	46,	'Present',	'2018-03-24 20:31:35'),
(383,	14,	94,	'Present',	'2018-03-24 20:31:35'),
(384,	14,	47,	'Present',	'2018-03-24 20:31:35'),
(385,	14,	126,	'Present',	'2018-03-24 20:31:35'),
(386,	14,	103,	'Present',	'2018-03-24 20:31:35'),
(387,	14,	66,	'Present',	'2018-03-24 20:31:35'),
(388,	14,	89,	'Present',	'2018-03-24 20:31:35'),
(389,	14,	87,	'Present',	'2018-03-24 20:31:35'),
(390,	14,	90,	'Present',	'2018-03-24 20:31:35'),
(391,	14,	91,	'Present',	'2018-03-24 20:31:35'),
(392,	14,	92,	'Present',	'2018-03-24 20:31:35'),
(393,	14,	88,	'Present',	'2018-03-24 20:31:35'),
(394,	16,	125,	'Present',	'2018-03-24 21:08:21'),
(395,	16,	76,	'Present',	'2018-03-24 21:08:21'),
(396,	16,	124,	'Present',	'2018-03-24 21:08:21'),
(397,	16,	93,	'Present',	'2018-03-24 21:08:21'),
(398,	16,	67,	'Present',	'2018-03-24 21:08:21'),
(399,	16,	73,	'Present',	'2018-03-24 21:08:21'),
(400,	16,	78,	'Present',	'2018-03-24 21:08:21'),
(401,	16,	79,	'Present',	'2018-03-24 21:08:21'),
(402,	16,	102,	'Present',	'2018-03-24 21:08:21'),
(403,	16,	101,	'Present',	'2018-03-24 21:08:21'),
(404,	16,	96,	'Present',	'2018-03-24 21:08:21'),
(405,	16,	112,	'Present',	'2018-03-24 21:08:21'),
(406,	16,	116,	'Present',	'2018-03-24 21:08:21'),
(407,	16,	117,	'Present',	'2018-03-24 21:08:21'),
(408,	16,	95,	'Present',	'2018-03-24 21:08:21'),
(409,	16,	123,	'Present',	'2018-03-24 21:08:21'),
(410,	16,	114,	'Present',	'2018-03-24 21:08:21'),
(411,	16,	77,	'Present',	'2018-03-24 21:08:21'),
(412,	16,	75,	'Present',	'2018-03-24 21:08:21'),
(413,	16,	74,	'Present',	'2018-03-24 21:08:21'),
(414,	16,	115,	'Present',	'2018-03-24 21:08:21'),
(415,	16,	44,	'Present',	'2018-03-24 21:08:21'),
(416,	16,	43,	'Present',	'2018-03-24 21:08:21'),
(417,	16,	42,	'Present',	'2018-03-24 21:08:21'),
(418,	16,	61,	'Present',	'2018-03-24 21:08:21'),
(419,	16,	62,	'Present',	'2018-03-24 21:08:21'),
(420,	16,	65,	'Present',	'2018-03-24 21:08:21'),
(421,	16,	64,	'Present',	'2018-03-24 21:08:21'),
(422,	16,	85,	'Present',	'2018-03-24 21:08:21'),
(423,	16,	82,	'Present',	'2018-03-24 21:08:21'),
(424,	16,	81,	'Present',	'2018-03-24 21:08:21'),
(425,	16,	80,	'Present',	'2018-03-24 21:08:21'),
(426,	16,	63,	'Present',	'2018-03-24 21:08:21'),
(427,	16,	84,	'Present',	'2018-03-24 21:08:21'),
(428,	16,	59,	'Present',	'2018-03-24 21:08:21'),
(429,	16,	83,	'Present',	'2018-03-24 21:08:21'),
(430,	16,	86,	'Present',	'2018-03-24 21:08:21'),
(431,	16,	122,	'Present',	'2018-03-24 21:08:21'),
(432,	16,	121,	'Present',	'2018-03-24 21:08:21'),
(433,	16,	45,	'Present',	'2018-03-24 21:08:21'),
(434,	16,	46,	'Present',	'2018-03-24 21:08:21'),
(435,	16,	94,	'Present',	'2018-03-24 21:08:21'),
(436,	16,	47,	'Present',	'2018-03-24 21:08:21'),
(437,	16,	126,	'Present',	'2018-03-24 21:08:21'),
(438,	16,	103,	'Present',	'2018-03-24 21:08:21'),
(439,	16,	66,	'Present',	'2018-03-24 21:08:21'),
(440,	16,	89,	'Present',	'2018-03-24 21:08:21'),
(441,	16,	87,	'Present',	'2018-03-24 21:08:21'),
(442,	16,	90,	'Present',	'2018-03-24 21:08:21'),
(443,	16,	91,	'Present',	'2018-03-24 21:08:21'),
(444,	16,	92,	'Present',	'2018-03-24 21:08:21'),
(445,	16,	88,	'Present',	'2018-03-24 21:08:21'),
(446,	17,	125,	'Present',	'2018-03-24 21:25:28'),
(447,	17,	76,	'Present',	'2018-03-24 21:25:28'),
(448,	17,	124,	'Present',	'2018-03-24 21:25:28'),
(449,	17,	93,	'Present',	'2018-03-24 21:25:28'),
(450,	17,	67,	'Present',	'2018-03-24 21:25:28'),
(451,	17,	73,	'Present',	'2018-03-24 21:25:28'),
(452,	17,	78,	'Present',	'2018-03-24 21:25:28'),
(453,	17,	79,	'Present',	'2018-03-24 21:25:28'),
(454,	17,	102,	'Present',	'2018-03-24 21:25:28'),
(455,	17,	101,	'Present',	'2018-03-24 21:25:28'),
(456,	17,	96,	'Present',	'2018-03-24 21:25:28'),
(457,	17,	112,	'Present',	'2018-03-24 21:25:28'),
(458,	17,	116,	'Present',	'2018-03-24 21:25:28'),
(459,	17,	117,	'Present',	'2018-03-24 21:25:28'),
(460,	17,	95,	'Present',	'2018-03-24 21:25:28'),
(461,	17,	123,	'Present',	'2018-03-24 21:25:28'),
(462,	17,	114,	'Present',	'2018-03-24 21:25:28'),
(463,	17,	77,	'Present',	'2018-03-24 21:25:28'),
(464,	17,	75,	'Present',	'2018-03-24 21:25:28'),
(465,	17,	74,	'Present',	'2018-03-24 21:25:28'),
(466,	17,	115,	'Present',	'2018-03-24 21:25:28'),
(467,	17,	44,	'Present',	'2018-03-24 21:25:28'),
(468,	17,	43,	'Present',	'2018-03-24 21:25:28'),
(469,	17,	42,	'Present',	'2018-03-24 21:25:28'),
(470,	17,	61,	'Present',	'2018-03-24 21:25:28'),
(471,	17,	62,	'Present',	'2018-03-24 21:25:28'),
(472,	17,	65,	'Present',	'2018-03-24 21:25:28'),
(473,	17,	64,	'Present',	'2018-03-24 21:25:28'),
(474,	17,	85,	'Present',	'2018-03-24 21:25:28'),
(475,	17,	82,	'Present',	'2018-03-24 21:25:28'),
(476,	17,	81,	'Present',	'2018-03-24 21:25:28'),
(477,	17,	80,	'Present',	'2018-03-24 21:25:28'),
(478,	17,	63,	'Present',	'2018-03-24 21:25:28'),
(479,	17,	84,	'Present',	'2018-03-24 21:25:28'),
(480,	17,	59,	'Present',	'2018-03-24 21:25:28'),
(481,	17,	83,	'Present',	'2018-03-24 21:25:28'),
(482,	17,	86,	'Present',	'2018-03-24 21:25:28'),
(483,	17,	122,	'Present',	'2018-03-24 21:25:28'),
(484,	17,	121,	'Present',	'2018-03-24 21:25:28'),
(485,	17,	45,	'Present',	'2018-03-24 21:25:28'),
(486,	17,	46,	'Present',	'2018-03-24 21:25:28'),
(487,	17,	94,	'Present',	'2018-03-24 21:25:28'),
(488,	17,	47,	'Present',	'2018-03-24 21:25:28'),
(489,	17,	126,	'Present',	'2018-03-24 21:25:28'),
(490,	17,	103,	'Present',	'2018-03-24 21:25:28'),
(491,	17,	66,	'Present',	'2018-03-24 21:25:28'),
(492,	17,	89,	'Present',	'2018-03-24 21:25:28'),
(493,	17,	87,	'Present',	'2018-03-24 21:25:28'),
(494,	17,	90,	'Present',	'2018-03-24 21:25:28'),
(495,	17,	91,	'Present',	'2018-03-24 21:25:28'),
(496,	17,	92,	'Present',	'2018-03-24 21:25:28'),
(497,	17,	88,	'Present',	'2018-03-24 21:25:28'),
(498,	23,	125,	'Present',	'2018-04-12 15:46:11'),
(499,	23,	76,	'Present',	'2018-04-12 15:46:11'),
(500,	23,	124,	'Present',	'2018-04-12 15:46:11'),
(501,	23,	93,	'Present',	'2018-04-12 15:46:11'),
(502,	23,	73,	'Present',	'2018-04-12 15:46:11'),
(503,	23,	78,	'Present',	'2018-04-12 15:46:11'),
(504,	23,	79,	'Present',	'2018-04-12 15:46:11'),
(505,	23,	112,	'Present',	'2018-04-12 15:46:11'),
(506,	23,	102,	'Present',	'2018-04-12 15:46:11'),
(507,	23,	101,	'Present',	'2018-04-12 15:46:11'),
(508,	23,	96,	'Present',	'2018-04-12 15:46:11'),
(509,	23,	67,	'Present',	'2018-04-12 15:46:11'),
(510,	23,	116,	'Present',	'2018-04-12 15:46:11'),
(511,	23,	117,	'Present',	'2018-04-12 15:46:11'),
(512,	23,	95,	'Present',	'2018-04-12 15:46:11'),
(513,	23,	123,	'Present',	'2018-04-12 15:46:11'),
(514,	23,	114,	'Present',	'2018-04-12 15:46:11'),
(515,	23,	115,	'Present',	'2018-04-12 15:46:11'),
(516,	23,	77,	'Present',	'2018-04-12 15:46:11'),
(517,	23,	75,	'Present',	'2018-04-12 15:46:11'),
(518,	23,	74,	'Present',	'2018-04-12 15:46:11'),
(519,	23,	43,	'Present',	'2018-04-12 15:46:11'),
(520,	23,	44,	'Present',	'2018-04-12 15:46:11'),
(521,	23,	61,	'Present',	'2018-04-12 15:46:11'),
(522,	23,	62,	'Present',	'2018-04-12 15:46:11'),
(523,	23,	64,	'Present',	'2018-04-12 15:46:11'),
(524,	23,	65,	'Present',	'2018-04-12 15:46:11'),
(525,	23,	59,	'Present',	'2018-04-12 15:46:11'),
(526,	23,	80,	'Present',	'2018-04-12 15:46:11'),
(527,	23,	81,	'Present',	'2018-04-12 15:46:11'),
(528,	23,	82,	'Present',	'2018-04-12 15:46:11'),
(529,	23,	63,	'Present',	'2018-04-12 15:46:11'),
(530,	23,	83,	'Present',	'2018-04-12 15:46:11'),
(531,	23,	84,	'Present',	'2018-04-12 15:46:11'),
(532,	23,	85,	'Present',	'2018-04-12 15:46:11'),
(533,	23,	86,	'Present',	'2018-04-12 15:46:11'),
(534,	23,	121,	'Present',	'2018-04-12 15:46:11'),
(535,	23,	122,	'Present',	'2018-04-12 15:46:11'),
(536,	23,	46,	'Present',	'2018-04-12 15:46:11'),
(537,	23,	45,	'Present',	'2018-04-12 15:46:11'),
(538,	23,	94,	'Present',	'2018-04-12 15:46:11'),
(539,	23,	47,	'Present',	'2018-04-12 15:46:11'),
(540,	23,	126,	'Present',	'2018-04-12 15:46:11'),
(541,	23,	103,	'Present',	'2018-04-12 15:46:11'),
(542,	23,	66,	'Present',	'2018-04-12 15:46:11'),
(543,	23,	87,	'Present',	'2018-04-12 15:46:11'),
(544,	23,	92,	'Present',	'2018-04-12 15:46:11'),
(545,	23,	91,	'Present',	'2018-04-12 15:46:11'),
(546,	23,	90,	'Present',	'2018-04-12 15:46:11'),
(547,	23,	89,	'Present',	'2018-04-12 15:46:11'),
(548,	23,	88,	'Present',	'2018-04-12 15:46:11'),
(549,	26,	1,	'Present',	'2018-05-26 12:56:20'),
(550,	26,	2,	'Present',	'2018-05-26 12:56:20'),
(551,	26,	3,	'Present',	'2018-05-26 12:56:20'),
(552,	26,	4,	'Present',	'2018-05-26 12:56:20'),
(553,	26,	5,	'Present',	'2018-05-26 12:56:20'),
(554,	26,	6,	'Present',	'2018-05-26 12:56:20'),
(555,	26,	7,	'Present',	'2018-05-26 12:56:20'),
(556,	26,	8,	'Present',	'2018-05-26 12:56:20'),
(557,	26,	9,	'Present',	'2018-05-26 12:56:20'),
(558,	26,	10,	'Present',	'2018-05-26 12:56:20'),
(559,	26,	11,	'Present',	'2018-05-26 12:56:20'),
(560,	26,	12,	'Present',	'2018-05-26 12:56:20'),
(561,	26,	13,	'Present',	'2018-05-26 12:56:20'),
(562,	26,	14,	'Present',	'2018-05-26 12:56:20'),
(563,	26,	15,	'Present',	'2018-05-26 12:56:20'),
(564,	26,	16,	'Present',	'2018-05-26 12:56:20'),
(565,	26,	17,	'Present',	'2018-05-26 12:56:20'),
(566,	26,	18,	'Present',	'2018-05-26 12:56:20'),
(567,	26,	19,	'Present',	'2018-05-26 12:56:20'),
(568,	26,	20,	'Present',	'2018-05-26 12:56:20'),
(569,	26,	21,	'Present',	'2018-05-26 12:56:20'),
(570,	26,	22,	'Present',	'2018-05-26 12:56:20'),
(571,	26,	23,	'Present',	'2018-05-26 12:56:20'),
(572,	26,	24,	'Present',	'2018-05-26 12:56:20'),
(573,	26,	25,	'Present',	'2018-05-26 12:56:20'),
(574,	26,	26,	'Present',	'2018-05-26 12:56:20'),
(575,	26,	27,	'Present',	'2018-05-26 12:56:20'),
(576,	26,	28,	'Present',	'2018-05-26 12:56:20'),
(577,	26,	29,	'Present',	'2018-05-26 12:56:20'),
(578,	26,	30,	'Present',	'2018-05-26 12:56:20'),
(579,	26,	31,	'Present',	'2018-05-26 12:56:20'),
(580,	26,	32,	'Present',	'2018-05-26 12:56:20'),
(581,	26,	33,	'Present',	'2018-05-26 12:56:20'),
(582,	26,	34,	'Present',	'2018-05-26 12:56:20'),
(583,	26,	35,	'Present',	'2018-05-26 12:56:20'),
(584,	26,	36,	'Present',	'2018-05-26 12:56:20'),
(585,	26,	37,	'Present',	'2018-05-26 12:56:20'),
(586,	26,	38,	'Present',	'2018-05-26 12:56:20'),
(587,	26,	39,	'Present',	'2018-05-26 12:56:20'),
(588,	26,	40,	'Present',	'2018-05-26 12:56:20'),
(589,	26,	41,	'Present',	'2018-05-26 12:56:20'),
(590,	26,	42,	'Present',	'2018-05-26 12:56:20'),
(591,	26,	43,	'Present',	'2018-05-26 12:56:20'),
(592,	26,	44,	'Present',	'2018-05-26 12:56:20'),
(593,	26,	45,	'Present',	'2018-05-26 12:56:20'),
(594,	26,	46,	'Present',	'2018-05-26 12:56:20'),
(595,	26,	47,	'Present',	'2018-05-26 12:56:20'),
(596,	26,	48,	'Present',	'2018-05-26 12:56:20'),
(597,	26,	49,	'Present',	'2018-05-26 12:56:20'),
(598,	26,	50,	'Present',	'2018-05-26 12:56:20'),
(599,	26,	51,	'Present',	'2018-05-26 12:56:20'),
(600,	26,	52,	'Present',	'2018-05-26 12:56:20'),
(601,	26,	53,	'Present',	'2018-05-26 12:56:20'),
(602,	26,	54,	'Present',	'2018-05-26 12:56:20'),
(603,	26,	55,	'Present',	'2018-05-26 12:56:20'),
(604,	26,	56,	'Present',	'2018-05-26 12:56:20'),
(605,	26,	57,	'Present',	'2018-05-26 12:56:20'),
(606,	26,	58,	'Present',	'2018-05-26 12:56:20'),
(607,	26,	59,	'Present',	'2018-05-26 12:56:20'),
(608,	27,	1,	'Present',	'2018-05-26 12:56:25'),
(609,	27,	2,	'Present',	'2018-05-26 12:56:25'),
(610,	27,	3,	'Present',	'2018-05-26 12:56:25'),
(611,	27,	4,	'Present',	'2018-05-26 12:56:25'),
(612,	27,	5,	'Present',	'2018-05-26 12:56:25'),
(613,	27,	6,	'Present',	'2018-05-26 12:56:25'),
(614,	27,	7,	'Present',	'2018-05-26 12:56:25'),
(615,	27,	8,	'Present',	'2018-05-26 12:56:25'),
(616,	27,	9,	'Present',	'2018-05-26 12:56:25'),
(617,	27,	10,	'Present',	'2018-05-26 12:56:25'),
(618,	27,	11,	'Present',	'2018-05-26 12:56:25'),
(619,	27,	12,	'Present',	'2018-05-26 12:56:25'),
(620,	27,	13,	'Present',	'2018-05-26 12:56:25'),
(621,	27,	14,	'Present',	'2018-05-26 12:56:25'),
(622,	27,	15,	'Present',	'2018-05-26 12:56:25'),
(623,	27,	16,	'Present',	'2018-05-26 12:56:25'),
(624,	27,	17,	'Present',	'2018-05-26 12:56:25'),
(625,	27,	18,	'Present',	'2018-05-26 12:56:25'),
(626,	27,	19,	'Present',	'2018-05-26 12:56:25'),
(627,	27,	20,	'Present',	'2018-05-26 12:56:25'),
(628,	27,	21,	'Present',	'2018-05-26 12:56:25'),
(629,	27,	22,	'Present',	'2018-05-26 12:56:25'),
(630,	27,	23,	'Present',	'2018-05-26 12:56:25'),
(631,	27,	24,	'Present',	'2018-05-26 12:56:25'),
(632,	27,	25,	'Present',	'2018-05-26 12:56:25'),
(633,	27,	26,	'Present',	'2018-05-26 12:56:25'),
(634,	27,	27,	'Present',	'2018-05-26 12:56:25'),
(635,	27,	28,	'Present',	'2018-05-26 12:56:25'),
(636,	27,	29,	'Present',	'2018-05-26 12:56:25'),
(637,	27,	30,	'Present',	'2018-05-26 12:56:25'),
(638,	27,	31,	'Present',	'2018-05-26 12:56:25'),
(639,	27,	32,	'Present',	'2018-05-26 12:56:25'),
(640,	27,	33,	'Present',	'2018-05-26 12:56:25'),
(641,	27,	34,	'Present',	'2018-05-26 12:56:25'),
(642,	27,	35,	'Present',	'2018-05-26 12:56:25'),
(643,	27,	36,	'Present',	'2018-05-26 12:56:25'),
(644,	27,	37,	'Present',	'2018-05-26 12:56:25'),
(645,	27,	38,	'Present',	'2018-05-26 12:56:25'),
(646,	27,	39,	'Present',	'2018-05-26 12:56:25'),
(647,	27,	40,	'Present',	'2018-05-26 12:56:25'),
(648,	27,	41,	'Present',	'2018-05-26 12:56:25'),
(649,	27,	42,	'Present',	'2018-05-26 12:56:25'),
(650,	27,	43,	'Present',	'2018-05-26 12:56:25'),
(651,	27,	44,	'Present',	'2018-05-26 12:56:25'),
(652,	27,	45,	'Present',	'2018-05-26 12:56:25'),
(653,	27,	46,	'Present',	'2018-05-26 12:56:25'),
(654,	27,	47,	'Present',	'2018-05-26 12:56:25'),
(655,	27,	48,	'Present',	'2018-05-26 12:56:25'),
(656,	27,	49,	'Present',	'2018-05-26 12:56:25'),
(657,	27,	50,	'Present',	'2018-05-26 12:56:25'),
(658,	27,	51,	'Present',	'2018-05-26 12:56:25'),
(659,	27,	52,	'Present',	'2018-05-26 12:56:25'),
(660,	27,	53,	'Present',	'2018-05-26 12:56:25'),
(661,	27,	54,	'Present',	'2018-05-26 12:56:25'),
(662,	27,	55,	'Present',	'2018-05-26 12:56:25'),
(663,	27,	56,	'Present',	'2018-05-26 12:56:25'),
(664,	27,	57,	'Present',	'2018-05-26 12:56:25'),
(665,	27,	58,	'Present',	'2018-05-26 12:56:25'),
(666,	27,	59,	'Present',	'2018-05-26 12:56:25'),
(667,	28,	1,	'Present',	'2018-05-26 12:56:39'),
(668,	28,	2,	'Present',	'2018-05-26 12:56:39'),
(669,	28,	3,	'Present',	'2018-05-26 12:56:39'),
(670,	28,	4,	'Present',	'2018-05-26 12:56:39'),
(671,	28,	5,	'Present',	'2018-05-26 12:56:39'),
(672,	28,	6,	'Present',	'2018-05-26 12:56:39'),
(673,	28,	7,	'Present',	'2018-05-26 12:56:39'),
(674,	28,	8,	'Present',	'2018-05-26 12:56:39'),
(675,	28,	9,	'Present',	'2018-05-26 12:56:39'),
(676,	28,	10,	'Present',	'2018-05-26 12:56:39'),
(677,	28,	11,	'Present',	'2018-05-26 12:56:39'),
(678,	28,	12,	'Present',	'2018-05-26 12:56:39'),
(679,	28,	13,	'Present',	'2018-05-26 12:56:39'),
(680,	28,	14,	'Present',	'2018-05-26 12:56:39'),
(681,	28,	15,	'Present',	'2018-05-26 12:56:39'),
(682,	28,	16,	'Present',	'2018-05-26 12:56:39'),
(683,	28,	17,	'Present',	'2018-05-26 12:56:39'),
(684,	28,	18,	'Present',	'2018-05-26 12:56:39'),
(685,	28,	19,	'Present',	'2018-05-26 12:56:39'),
(686,	28,	20,	'Present',	'2018-05-26 12:56:39'),
(687,	28,	21,	'Present',	'2018-05-26 12:56:39'),
(688,	28,	22,	'Present',	'2018-05-26 12:56:39'),
(689,	28,	23,	'Present',	'2018-05-26 12:56:39'),
(690,	28,	24,	'Present',	'2018-05-26 12:56:39'),
(691,	28,	25,	'Present',	'2018-05-26 12:56:39'),
(692,	28,	26,	'Present',	'2018-05-26 12:56:39'),
(693,	28,	27,	'Present',	'2018-05-26 12:56:39'),
(694,	28,	28,	'Present',	'2018-05-26 12:56:39'),
(695,	28,	29,	'Present',	'2018-05-26 12:56:39'),
(696,	28,	30,	'Present',	'2018-05-26 12:56:39'),
(697,	28,	31,	'Present',	'2018-05-26 12:56:39'),
(698,	28,	32,	'Present',	'2018-05-26 12:56:39'),
(699,	28,	33,	'Present',	'2018-05-26 12:56:39'),
(700,	28,	34,	'Present',	'2018-05-26 12:56:39'),
(701,	28,	35,	'Present',	'2018-05-26 12:56:39'),
(702,	28,	36,	'Present',	'2018-05-26 12:56:39'),
(703,	28,	37,	'Present',	'2018-05-26 12:56:39'),
(704,	28,	38,	'Present',	'2018-05-26 12:56:39'),
(705,	28,	39,	'Present',	'2018-05-26 12:56:39'),
(706,	28,	40,	'Present',	'2018-05-26 12:56:39'),
(707,	28,	41,	'Present',	'2018-05-26 12:56:39'),
(708,	28,	42,	'Present',	'2018-05-26 12:56:39'),
(709,	28,	43,	'Present',	'2018-05-26 12:56:39'),
(710,	28,	44,	'Present',	'2018-05-26 12:56:39'),
(711,	28,	45,	'Present',	'2018-05-26 12:56:39'),
(712,	28,	46,	'Present',	'2018-05-26 12:56:39'),
(713,	28,	47,	'Present',	'2018-05-26 12:56:39'),
(714,	28,	48,	'Present',	'2018-05-26 12:56:39'),
(715,	28,	49,	'Present',	'2018-05-26 12:56:39'),
(716,	28,	50,	'Present',	'2018-05-26 12:56:39'),
(717,	28,	51,	'Present',	'2018-05-26 12:56:39'),
(718,	28,	52,	'Present',	'2018-05-26 12:56:39'),
(719,	28,	53,	'Present',	'2018-05-26 12:56:39'),
(720,	28,	54,	'Present',	'2018-05-26 12:56:39'),
(721,	28,	55,	'Present',	'2018-05-26 12:56:39'),
(722,	28,	56,	'Present',	'2018-05-26 12:56:39'),
(723,	28,	57,	'Present',	'2018-05-26 12:56:39'),
(724,	28,	58,	'Present',	'2018-05-26 12:56:39'),
(725,	28,	59,	'Present',	'2018-05-26 12:56:39'),
(726,	29,	1,	'Present',	'2018-05-26 13:05:32'),
(727,	29,	2,	'Present',	'2018-05-26 13:05:32'),
(728,	29,	3,	'Present',	'2018-05-26 13:05:32'),
(729,	29,	4,	'Present',	'2018-05-26 13:05:32'),
(730,	29,	5,	'Present',	'2018-05-26 13:05:32'),
(731,	29,	6,	'Present',	'2018-05-26 13:05:32'),
(732,	29,	7,	'Present',	'2018-05-26 13:05:32'),
(733,	29,	8,	'Present',	'2018-05-26 13:05:32'),
(734,	29,	9,	'Present',	'2018-05-26 13:05:32'),
(735,	29,	10,	'Present',	'2018-05-26 13:05:32'),
(736,	29,	11,	'Present',	'2018-05-26 13:05:32'),
(737,	29,	12,	'Present',	'2018-05-26 13:05:32'),
(738,	29,	13,	'Present',	'2018-05-26 13:05:32'),
(739,	29,	14,	'Present',	'2018-05-26 13:05:32'),
(740,	29,	15,	'Present',	'2018-05-26 13:05:32'),
(741,	29,	16,	'Present',	'2018-05-26 13:05:32'),
(742,	29,	17,	'Present',	'2018-05-26 13:05:32'),
(743,	29,	18,	'Present',	'2018-05-26 13:05:32'),
(744,	29,	19,	'Present',	'2018-05-26 13:05:32'),
(745,	29,	20,	'Present',	'2018-05-26 13:05:32'),
(746,	29,	21,	'Present',	'2018-05-26 13:05:32'),
(747,	29,	22,	'Present',	'2018-05-26 13:05:32'),
(748,	29,	23,	'Present',	'2018-05-26 13:05:32'),
(749,	29,	24,	'Present',	'2018-05-26 13:05:32'),
(750,	29,	25,	'Present',	'2018-05-26 13:05:32'),
(751,	29,	26,	'Present',	'2018-05-26 13:05:32'),
(752,	29,	27,	'Present',	'2018-05-26 13:05:32'),
(753,	29,	28,	'Present',	'2018-05-26 13:05:32'),
(754,	29,	29,	'Present',	'2018-05-26 13:05:32'),
(755,	29,	30,	'Present',	'2018-05-26 13:05:32'),
(756,	29,	31,	'Present',	'2018-05-26 13:05:32'),
(757,	29,	32,	'Present',	'2018-05-26 13:05:32'),
(758,	29,	33,	'Present',	'2018-05-26 13:05:32'),
(759,	29,	34,	'Present',	'2018-05-26 13:05:32'),
(760,	29,	35,	'Present',	'2018-05-26 13:05:32'),
(761,	29,	36,	'Present',	'2018-05-26 13:05:32'),
(762,	29,	37,	'Present',	'2018-05-26 13:05:32'),
(763,	29,	38,	'Present',	'2018-05-26 13:05:32'),
(764,	29,	39,	'Present',	'2018-05-26 13:05:32'),
(765,	29,	40,	'Present',	'2018-05-26 13:05:32'),
(766,	29,	41,	'Present',	'2018-05-26 13:05:32'),
(767,	29,	42,	'Present',	'2018-05-26 13:05:32'),
(768,	29,	43,	'Present',	'2018-05-26 13:05:32'),
(769,	29,	44,	'Present',	'2018-05-26 13:05:32'),
(770,	29,	45,	'Present',	'2018-05-26 13:05:32'),
(771,	29,	46,	'Present',	'2018-05-26 13:05:32'),
(772,	29,	47,	'Present',	'2018-05-26 13:05:32'),
(773,	29,	48,	'Present',	'2018-05-26 13:05:32'),
(774,	29,	49,	'Present',	'2018-05-26 13:05:32'),
(775,	29,	50,	'Present',	'2018-05-26 13:05:32'),
(776,	29,	51,	'Present',	'2018-05-26 13:05:32'),
(777,	29,	52,	'Present',	'2018-05-26 13:05:32'),
(778,	29,	53,	'Present',	'2018-05-26 13:05:32'),
(779,	29,	54,	'Present',	'2018-05-26 13:05:32'),
(780,	29,	55,	'Present',	'2018-05-26 13:05:32'),
(781,	29,	56,	'Present',	'2018-05-26 13:05:32'),
(782,	29,	57,	'Present',	'2018-05-26 13:05:32'),
(783,	29,	58,	'Present',	'2018-05-26 13:05:32'),
(784,	29,	59,	'Present',	'2018-05-26 13:05:32'),
(785,	33,	1,	'Present',	'2018-05-26 13:19:26'),
(786,	33,	2,	'Present',	'2018-05-26 13:19:26'),
(787,	33,	3,	'Present',	'2018-05-26 13:19:26'),
(788,	33,	4,	'Present',	'2018-05-26 13:19:26'),
(789,	33,	5,	'Present',	'2018-05-26 13:19:26'),
(790,	33,	6,	'Present',	'2018-05-26 13:19:26'),
(791,	33,	7,	'Present',	'2018-05-26 13:19:26'),
(792,	33,	8,	'Present',	'2018-05-26 13:19:26'),
(793,	33,	9,	'Present',	'2018-05-26 13:19:26'),
(794,	33,	10,	'Present',	'2018-05-26 13:19:26'),
(795,	33,	11,	'Present',	'2018-05-26 13:19:26'),
(796,	33,	12,	'Present',	'2018-05-26 13:19:26'),
(797,	33,	13,	'Present',	'2018-05-26 13:19:26'),
(798,	33,	14,	'Present',	'2018-05-26 13:19:26'),
(799,	33,	15,	'Present',	'2018-05-26 13:19:26'),
(800,	33,	16,	'Present',	'2018-05-26 13:19:26'),
(801,	33,	17,	'Present',	'2018-05-26 13:19:26'),
(802,	33,	18,	'Present',	'2018-05-26 13:19:26'),
(803,	33,	19,	'Present',	'2018-05-26 13:19:26'),
(804,	33,	20,	'Present',	'2018-05-26 13:19:26'),
(805,	33,	21,	'Present',	'2018-05-26 13:19:26'),
(806,	33,	22,	'Present',	'2018-05-26 13:19:26'),
(807,	33,	23,	'Present',	'2018-05-26 13:19:26'),
(808,	33,	24,	'Present',	'2018-05-26 13:19:26'),
(809,	33,	25,	'Present',	'2018-05-26 13:19:26'),
(810,	33,	26,	'Present',	'2018-05-26 13:19:26'),
(811,	33,	27,	'Present',	'2018-05-26 13:19:26'),
(812,	33,	28,	'Present',	'2018-05-26 13:19:26'),
(813,	33,	29,	'Present',	'2018-05-26 13:19:26'),
(814,	33,	30,	'Present',	'2018-05-26 13:19:26'),
(815,	33,	31,	'Present',	'2018-05-26 13:19:26'),
(816,	33,	32,	'Present',	'2018-05-26 13:19:26'),
(817,	33,	33,	'Present',	'2018-05-26 13:19:26'),
(818,	33,	34,	'Present',	'2018-05-26 13:19:26'),
(819,	33,	35,	'Present',	'2018-05-26 13:19:26'),
(820,	33,	36,	'Present',	'2018-05-26 13:19:26'),
(821,	33,	37,	'Present',	'2018-05-26 13:19:26'),
(822,	33,	38,	'Present',	'2018-05-26 13:19:26'),
(823,	33,	39,	'Present',	'2018-05-26 13:19:26'),
(824,	33,	40,	'Present',	'2018-05-26 13:19:26'),
(825,	33,	41,	'Present',	'2018-05-26 13:19:26'),
(826,	33,	42,	'Present',	'2018-05-26 13:19:26'),
(827,	33,	43,	'Present',	'2018-05-26 13:19:26'),
(828,	33,	44,	'Present',	'2018-05-26 13:19:26'),
(829,	33,	45,	'Present',	'2018-05-26 13:19:26'),
(830,	33,	46,	'Present',	'2018-05-26 13:19:26'),
(831,	33,	47,	'Present',	'2018-05-26 13:19:26'),
(832,	33,	48,	'Present',	'2018-05-26 13:19:26'),
(833,	33,	49,	'Present',	'2018-05-26 13:19:26'),
(834,	33,	50,	'Present',	'2018-05-26 13:19:26'),
(835,	33,	51,	'Present',	'2018-05-26 13:19:26'),
(836,	33,	52,	'Present',	'2018-05-26 13:19:26'),
(837,	33,	53,	'Present',	'2018-05-26 13:19:26'),
(838,	33,	54,	'Present',	'2018-05-26 13:19:26'),
(839,	33,	55,	'Present',	'2018-05-26 13:19:26'),
(840,	33,	56,	'Present',	'2018-05-26 13:19:26'),
(841,	33,	57,	'Present',	'2018-05-26 13:19:26'),
(842,	33,	58,	'Present',	'2018-05-26 13:19:26'),
(843,	33,	59,	'Present',	'2018-05-26 13:19:26'),
(844,	34,	1,	'Present',	'2018-05-26 14:06:32'),
(845,	34,	2,	'Present',	'2018-05-26 14:06:32'),
(846,	34,	3,	'Present',	'2018-05-26 14:06:32'),
(847,	34,	4,	'Present',	'2018-05-26 14:06:32'),
(848,	34,	5,	'Present',	'2018-05-26 14:06:32'),
(849,	34,	6,	'Present',	'2018-05-26 14:06:32'),
(850,	34,	7,	'Present',	'2018-05-26 14:06:32'),
(851,	34,	8,	'Present',	'2018-05-26 14:06:32'),
(852,	34,	9,	'Present',	'2018-05-26 14:06:32'),
(853,	34,	10,	'Present',	'2018-05-26 14:06:32'),
(854,	34,	11,	'Present',	'2018-05-26 14:06:32'),
(855,	34,	12,	'Present',	'2018-05-26 14:06:32'),
(856,	34,	13,	'Present',	'2018-05-26 14:06:32'),
(857,	34,	14,	'Present',	'2018-05-26 14:06:32'),
(858,	34,	15,	'Present',	'2018-05-26 14:06:32'),
(859,	34,	16,	'Present',	'2018-05-26 14:06:32'),
(860,	34,	17,	'Present',	'2018-05-26 14:06:32'),
(861,	34,	18,	'Present',	'2018-05-26 14:06:32'),
(862,	34,	19,	'Present',	'2018-05-26 14:06:32'),
(863,	34,	20,	'Present',	'2018-05-26 14:06:32'),
(864,	34,	21,	'Present',	'2018-05-26 14:06:32'),
(865,	34,	22,	'Present',	'2018-05-26 14:06:32'),
(866,	34,	23,	'Present',	'2018-05-26 14:06:32'),
(867,	34,	24,	'Present',	'2018-05-26 14:06:32'),
(868,	34,	25,	'Present',	'2018-05-26 14:06:32'),
(869,	34,	26,	'Present',	'2018-05-26 14:06:32'),
(870,	34,	27,	'Present',	'2018-05-26 14:06:32'),
(871,	34,	28,	'Present',	'2018-05-26 14:06:32'),
(872,	34,	29,	'Present',	'2018-05-26 14:06:32'),
(873,	34,	30,	'Present',	'2018-05-26 14:06:32'),
(874,	34,	31,	'Present',	'2018-05-26 14:06:32'),
(875,	34,	32,	'Present',	'2018-05-26 14:06:32'),
(876,	34,	33,	'Present',	'2018-05-26 14:06:32'),
(877,	34,	34,	'Present',	'2018-05-26 14:06:32'),
(878,	34,	35,	'Present',	'2018-05-26 14:06:32'),
(879,	34,	36,	'Present',	'2018-05-26 14:06:32'),
(880,	34,	37,	'Present',	'2018-05-26 14:06:32'),
(881,	34,	38,	'Present',	'2018-05-26 14:06:32'),
(882,	34,	39,	'Present',	'2018-05-26 14:06:32'),
(883,	34,	40,	'Present',	'2018-05-26 14:06:32'),
(884,	34,	41,	'Present',	'2018-05-26 14:06:32'),
(885,	34,	42,	'Present',	'2018-05-26 14:06:32'),
(886,	34,	43,	'Present',	'2018-05-26 14:06:32'),
(887,	34,	44,	'Present',	'2018-05-26 14:06:32'),
(888,	34,	45,	'Present',	'2018-05-26 14:06:32'),
(889,	34,	46,	'Present',	'2018-05-26 14:06:32'),
(890,	34,	47,	'Present',	'2018-05-26 14:06:32'),
(891,	34,	48,	'Present',	'2018-05-26 14:06:32'),
(892,	34,	49,	'Present',	'2018-05-26 14:06:32'),
(893,	34,	50,	'Present',	'2018-05-26 14:06:32'),
(894,	34,	51,	'Present',	'2018-05-26 14:06:32'),
(895,	34,	52,	'Present',	'2018-05-26 14:06:32'),
(896,	34,	53,	'Present',	'2018-05-26 14:06:32'),
(897,	34,	54,	'Present',	'2018-05-26 14:06:32'),
(898,	34,	55,	'Present',	'2018-05-26 14:06:32'),
(899,	34,	56,	'Present',	'2018-05-26 14:06:32'),
(900,	34,	57,	'Present',	'2018-05-26 14:06:32'),
(901,	34,	58,	'Present',	'2018-05-26 14:06:32'),
(902,	34,	59,	'Present',	'2018-05-26 14:06:32'),
(903,	35,	1,	'Present',	'2018-05-26 14:09:26'),
(904,	35,	2,	'Present',	'2018-05-26 14:09:26'),
(905,	35,	3,	'Present',	'2018-05-26 14:09:26'),
(906,	35,	4,	'Present',	'2018-05-26 14:09:26'),
(907,	35,	5,	'Present',	'2018-05-26 14:09:26'),
(908,	35,	6,	'Present',	'2018-05-26 14:09:26'),
(909,	35,	7,	'Present',	'2018-05-26 14:09:26'),
(910,	35,	8,	'Present',	'2018-05-26 14:09:26'),
(911,	35,	9,	'Present',	'2018-05-26 14:09:26'),
(912,	35,	10,	'Present',	'2018-05-26 14:09:26'),
(913,	35,	11,	'Present',	'2018-05-26 14:09:26'),
(914,	35,	12,	'Present',	'2018-05-26 14:09:26'),
(915,	35,	13,	'Present',	'2018-05-26 14:09:26'),
(916,	35,	14,	'Present',	'2018-05-26 14:09:26'),
(917,	35,	15,	'Present',	'2018-05-26 14:09:26'),
(918,	35,	16,	'Present',	'2018-05-26 14:09:26'),
(919,	35,	17,	'Present',	'2018-05-26 14:09:26'),
(920,	35,	18,	'Present',	'2018-05-26 14:09:26'),
(921,	35,	19,	'Present',	'2018-05-26 14:09:26'),
(922,	35,	20,	'Present',	'2018-05-26 14:09:26'),
(923,	35,	21,	'Present',	'2018-05-26 14:09:26'),
(924,	35,	22,	'Present',	'2018-05-26 14:09:26'),
(925,	35,	23,	'Present',	'2018-05-26 14:09:26'),
(926,	35,	24,	'Present',	'2018-05-26 14:09:26'),
(927,	35,	25,	'Present',	'2018-05-26 14:09:26'),
(928,	35,	26,	'Present',	'2018-05-26 14:09:26'),
(929,	35,	27,	'Present',	'2018-05-26 14:09:26'),
(930,	35,	28,	'Present',	'2018-05-26 14:09:26'),
(931,	35,	29,	'Present',	'2018-05-26 14:09:26'),
(932,	35,	30,	'Present',	'2018-05-26 14:09:26'),
(933,	35,	31,	'Present',	'2018-05-26 14:09:26'),
(934,	35,	32,	'Present',	'2018-05-26 14:09:26'),
(935,	35,	33,	'Present',	'2018-05-26 14:09:26'),
(936,	35,	34,	'Present',	'2018-05-26 14:09:26'),
(937,	35,	35,	'Present',	'2018-05-26 14:09:26'),
(938,	35,	36,	'Present',	'2018-05-26 14:09:26'),
(939,	35,	37,	'Present',	'2018-05-26 14:09:26'),
(940,	35,	38,	'Present',	'2018-05-26 14:09:26'),
(941,	35,	39,	'Present',	'2018-05-26 14:09:26'),
(942,	35,	40,	'Present',	'2018-05-26 14:09:26'),
(943,	35,	41,	'Present',	'2018-05-26 14:09:26'),
(944,	35,	42,	'Present',	'2018-05-26 14:09:26'),
(945,	35,	43,	'Present',	'2018-05-26 14:09:26'),
(946,	35,	44,	'Present',	'2018-05-26 14:09:26'),
(947,	35,	45,	'Present',	'2018-05-26 14:09:26'),
(948,	35,	46,	'Present',	'2018-05-26 14:09:26'),
(949,	35,	47,	'Present',	'2018-05-26 14:09:26'),
(950,	35,	48,	'Present',	'2018-05-26 14:09:26'),
(951,	35,	49,	'Present',	'2018-05-26 14:09:26'),
(952,	35,	50,	'Present',	'2018-05-26 14:09:26'),
(953,	35,	51,	'Present',	'2018-05-26 14:09:26'),
(954,	35,	52,	'Present',	'2018-05-26 14:09:26'),
(955,	35,	53,	'Present',	'2018-05-26 14:09:26'),
(956,	35,	54,	'Present',	'2018-05-26 14:09:26'),
(957,	35,	55,	'Present',	'2018-05-26 14:09:26'),
(958,	35,	56,	'Present',	'2018-05-26 14:09:26'),
(959,	35,	57,	'Present',	'2018-05-26 14:09:26'),
(960,	35,	58,	'Present',	'2018-05-26 14:09:26'),
(961,	35,	59,	'Present',	'2018-05-26 14:09:26'),
(962,	36,	1,	'Present',	'2018-05-26 14:12:39'),
(963,	36,	2,	'Present',	'2018-05-26 14:12:39'),
(964,	36,	3,	'Present',	'2018-05-26 14:12:39'),
(965,	36,	4,	'Present',	'2018-05-26 14:12:39'),
(966,	36,	5,	'Present',	'2018-05-26 14:12:39'),
(967,	36,	6,	'Present',	'2018-05-26 14:12:39'),
(968,	36,	7,	'Present',	'2018-05-26 14:12:39'),
(969,	36,	8,	'Present',	'2018-05-26 14:12:39'),
(970,	36,	9,	'Present',	'2018-05-26 14:12:39'),
(971,	36,	10,	'Present',	'2018-05-26 14:12:39'),
(972,	36,	11,	'Present',	'2018-05-26 14:12:39'),
(973,	36,	12,	'Present',	'2018-05-26 14:12:39'),
(974,	36,	13,	'Present',	'2018-05-26 14:12:39'),
(975,	36,	14,	'Present',	'2018-05-26 14:12:39'),
(976,	36,	15,	'Present',	'2018-05-26 14:12:39'),
(977,	36,	16,	'Present',	'2018-05-26 14:12:39'),
(978,	36,	17,	'Present',	'2018-05-26 14:12:39'),
(979,	36,	18,	'Present',	'2018-05-26 14:12:39'),
(980,	36,	19,	'Present',	'2018-05-26 14:12:39'),
(981,	36,	20,	'Present',	'2018-05-26 14:12:39'),
(982,	36,	21,	'Present',	'2018-05-26 14:12:39'),
(983,	36,	22,	'Present',	'2018-05-26 14:12:39'),
(984,	36,	23,	'Present',	'2018-05-26 14:12:39'),
(985,	36,	24,	'Present',	'2018-05-26 14:12:39'),
(986,	36,	25,	'Present',	'2018-05-26 14:12:39'),
(987,	36,	26,	'Present',	'2018-05-26 14:12:39'),
(988,	36,	27,	'Present',	'2018-05-26 14:12:39'),
(989,	36,	28,	'Present',	'2018-05-26 14:12:39'),
(990,	36,	29,	'Present',	'2018-05-26 14:12:39'),
(991,	36,	30,	'Present',	'2018-05-26 14:12:39'),
(992,	36,	31,	'Present',	'2018-05-26 14:12:39'),
(993,	36,	32,	'Present',	'2018-05-26 14:12:39'),
(994,	36,	33,	'Present',	'2018-05-26 14:12:39'),
(995,	36,	34,	'Present',	'2018-05-26 14:12:39'),
(996,	36,	35,	'Present',	'2018-05-26 14:12:39'),
(997,	36,	36,	'Present',	'2018-05-26 14:12:39'),
(998,	36,	37,	'Present',	'2018-05-26 14:12:39'),
(999,	36,	38,	'Present',	'2018-05-26 14:12:39'),
(1000,	36,	39,	'Present',	'2018-05-26 14:12:39'),
(1001,	36,	40,	'Present',	'2018-05-26 14:12:39'),
(1002,	36,	41,	'Present',	'2018-05-26 14:12:39'),
(1003,	36,	42,	'Present',	'2018-05-26 14:12:39'),
(1004,	36,	43,	'Present',	'2018-05-26 14:12:39'),
(1005,	36,	44,	'Present',	'2018-05-26 14:12:39'),
(1006,	36,	45,	'Present',	'2018-05-26 14:12:39'),
(1007,	36,	46,	'Present',	'2018-05-26 14:12:39'),
(1008,	36,	47,	'Present',	'2018-05-26 14:12:39'),
(1009,	36,	48,	'Present',	'2018-05-26 14:12:39'),
(1010,	36,	49,	'Present',	'2018-05-26 14:12:39'),
(1011,	36,	50,	'Present',	'2018-05-26 14:12:39'),
(1012,	36,	51,	'Present',	'2018-05-26 14:12:39'),
(1013,	36,	52,	'Present',	'2018-05-26 14:12:39'),
(1014,	36,	53,	'Present',	'2018-05-26 14:12:39'),
(1015,	36,	54,	'Present',	'2018-05-26 14:12:39'),
(1016,	36,	55,	'Present',	'2018-05-26 14:12:39'),
(1017,	36,	56,	'Present',	'2018-05-26 14:12:39'),
(1018,	36,	57,	'Present',	'2018-05-26 14:12:39'),
(1019,	36,	58,	'Present',	'2018-05-26 14:12:39'),
(1020,	36,	59,	'Present',	'2018-05-26 14:12:39');

DROP TABLE IF EXISTS `std_attendence_summary`;
CREATE TABLE `std_attendence_summary` (
  `attendanceId` bigint(20) NOT NULL AUTO_INCREMENT,
  `classId` bigint(20) NOT NULL,
  `teacherId` bigint(20) DEFAULT NULL,
  `date` date NOT NULL,
  `present` int(11) DEFAULT NULL,
  `absent` int(11) DEFAULT NULL,
  `late` int(11) DEFAULT NULL,
  `leave` int(11) DEFAULT NULL,
  `token` varchar(65) DEFAULT NULL,
  `created_at` datetime NOT NULL DEFAULT CURRENT_TIMESTAMP,
  PRIMARY KEY (`attendanceId`)
) ENGINE=InnoDB AUTO_INCREMENT=37 DEFAULT CHARSET=latin1;

INSERT INTO `std_attendence_summary` (`attendanceId`, `classId`, `teacherId`, `date`, `present`, `absent`, `late`, `leave`, `token`, `created_at`) VALUES
(1,	2,	NULL,	'2018-02-23',	NULL,	NULL,	NULL,	NULL,	'lFXgM5PdDfZo2I9Phv3vSya7a7FjoulNxSBdujs0',	'2018-02-23 20:22:02'),
(2,	2,	NULL,	'2018-02-22',	NULL,	NULL,	NULL,	NULL,	'lFXgM5PdDfZo2I9Phv3vSya7a7FjoulNxSBdujs0',	'2018-02-23 20:22:49'),
(3,	2,	NULL,	'2018-02-21',	NULL,	NULL,	NULL,	NULL,	'lFXgM5PdDfZo2I9Phv3vSya7a7FjoulNxSBdujs0',	'2018-02-23 20:50:02'),
(4,	1,	NULL,	'2018-02-24',	NULL,	NULL,	NULL,	NULL,	'SndJqlAiDCg4j1LUF02awTlVaqQMhsAIbgLjpmKG',	'2018-02-24 19:54:06'),
(5,	1,	NULL,	'2018-02-28',	NULL,	NULL,	NULL,	NULL,	'NnXpnMC2kuMEyP1Ccbay60GOBRfwkld1sm1gxbXT',	'2018-02-28 16:54:32'),
(6,	1,	NULL,	'2018-03-06',	NULL,	NULL,	NULL,	NULL,	'WJNzCXvIft1V1dXPiF3usZQX790dft4GhwGF09VB',	'2018-03-06 10:56:00'),
(7,	1,	NULL,	'2018-03-06',	NULL,	NULL,	NULL,	NULL,	'WJNzCXvIft1V1dXPiF3usZQX790dft4GhwGF09VB',	'2018-03-06 12:06:43'),
(12,	1,	NULL,	'2018-03-24',	NULL,	NULL,	NULL,	NULL,	'95rixsIeO10k1sRyNQtsrgAFxIkLqBRUYyYcSoCn',	'2018-03-24 20:31:30'),
(13,	1,	NULL,	'2018-03-24',	NULL,	NULL,	NULL,	NULL,	'95rixsIeO10k1sRyNQtsrgAFxIkLqBRUYyYcSoCn',	'2018-03-24 20:31:32'),
(14,	1,	NULL,	'2018-03-24',	NULL,	NULL,	NULL,	NULL,	'95rixsIeO10k1sRyNQtsrgAFxIkLqBRUYyYcSoCn',	'2018-03-24 20:31:35'),
(16,	1,	NULL,	'2018-03-24',	NULL,	NULL,	NULL,	NULL,	'95rixsIeO10k1sRyNQtsrgAFxIkLqBRUYyYcSoCn',	'2018-03-24 21:08:21'),
(17,	1,	NULL,	'2018-03-24',	NULL,	NULL,	NULL,	NULL,	'95rixsIeO10k1sRyNQtsrgAFxIkLqBRUYyYcSoCn',	'2018-03-24 21:25:28'),
(23,	1,	NULL,	'2018-04-12',	NULL,	NULL,	NULL,	NULL,	'ZoPRTYmy91wgZ3XBIxK0dx1iwsQazZG8Jgg1BiBV',	'2018-04-12 15:46:11'),
(24,	4,	NULL,	'2018-04-04',	NULL,	NULL,	NULL,	NULL,	'lW1I9uZbbo1Rp3grQ89VKYG42kc7KnsVEULuAI8z',	'2018-04-23 10:38:14'),
(26,	4,	NULL,	'2018-05-01',	NULL,	NULL,	NULL,	NULL,	'9EkaaeNqexwOy8GNewppsrXMImIuF57XEaON2Ba8',	'2018-05-26 12:56:20'),
(27,	4,	NULL,	'2018-05-01',	NULL,	NULL,	NULL,	NULL,	'9EkaaeNqexwOy8GNewppsrXMImIuF57XEaON2Ba8',	'2018-05-26 12:56:25'),
(28,	4,	NULL,	'2018-05-01',	NULL,	NULL,	NULL,	NULL,	'9EkaaeNqexwOy8GNewppsrXMImIuF57XEaON2Ba8',	'2018-05-26 12:56:39'),
(29,	4,	NULL,	'2018-05-01',	NULL,	NULL,	NULL,	NULL,	'9EkaaeNqexwOy8GNewppsrXMImIuF57XEaON2Ba8',	'2018-05-26 13:05:32'),
(33,	4,	NULL,	'2018-05-01',	NULL,	NULL,	NULL,	NULL,	'9EkaaeNqexwOy8GNewppsrXMImIuF57XEaON2Ba8',	'2018-05-26 13:19:26'),
(34,	4,	NULL,	'2018-05-01',	NULL,	NULL,	NULL,	NULL,	'9EkaaeNqexwOy8GNewppsrXMImIuF57XEaON2Ba8',	'2018-05-26 14:06:32'),
(35,	4,	NULL,	'2018-05-01',	NULL,	NULL,	NULL,	NULL,	'9EkaaeNqexwOy8GNewppsrXMImIuF57XEaON2Ba8',	'2018-05-26 14:09:26'),
(36,	4,	NULL,	'2018-05-26',	NULL,	NULL,	NULL,	NULL,	'9EkaaeNqexwOy8GNewppsrXMImIuF57XEaON2Ba8',	'2018-05-26 14:12:39');

DROP TABLE IF EXISTS `std_previous_study`;
CREATE TABLE `std_previous_study` (
  `id` bigint(20) NOT NULL AUTO_INCREMENT,
  `userId` int(10) unsigned NOT NULL,
  `exam` varchar(50) NOT NULL,
  `board` varchar(50) DEFAULT NULL,
  `session` varchar(50) DEFAULT NULL,
  `rollNo` varchar(50) DEFAULT NULL,
  `regNo` varchar(50) DEFAULT NULL,
  `instituteName` varchar(100) DEFAULT NULL,
  `instituteAddress` varchar(100) DEFAULT NULL,
  `resultGrade` varchar(50) DEFAULT NULL,
  `resultGPA` varchar(50) DEFAULT NULL,
  `resultPosition` varchar(50) DEFAULT NULL,
  `result` varchar(50) NOT NULL,
  `created_at` datetime NOT NULL DEFAULT CURRENT_TIMESTAMP,
  PRIMARY KEY (`id`),
  KEY `userId` (`userId`)
) ENGINE=InnoDB AUTO_INCREMENT=4 DEFAULT CHARSET=latin1;

INSERT INTO `std_previous_study` (`id`, `userId`, `exam`, `board`, `session`, `rollNo`, `regNo`, `instituteName`, `instituteAddress`, `resultGrade`, `resultGPA`, `resultPosition`, `result`, `created_at`) VALUES
(3,	125,	'SSC',	'Dinajpur',	'1231',	'1234',	'1234',	'swdeftgyh',	'sdfghj',	'A+',	'5.00',	'1st',	'Pass',	'2018-02-19 14:03:51');

DROP TABLE IF EXISTS `students`;
CREATE TABLE `students` (
  `studentId` bigint(20) NOT NULL AUTO_INCREMENT,
  `name` varchar(30) DEFAULT NULL,
  `dateOfBirth` date DEFAULT NULL,
  `gender` varchar(30) DEFAULT NULL,
  `mobile` varchar(50) DEFAULT NULL,
  `email` varchar(50) DEFAULT NULL,
  `religion` varchar(30) DEFAULT NULL,
  `bloodGroup` varchar(50) DEFAULT NULL,
  `nationality` varchar(50) DEFAULT NULL,
  `studentType` varchar(50) DEFAULT NULL,
  `studentBirthRegNo` varchar(50) DEFAULT NULL,
  `studentPhotoLink` varchar(300) DEFAULT NULL,
  `fatherId` int(11) DEFAULT NULL,
  `motherId` int(11) DEFAULT NULL,
  `guardianId` int(11) DEFAULT NULL,
  `emergencyContactId` int(11) DEFAULT NULL,
  `addedBy` varchar(64) DEFAULT NULL,
  `token` varchar(64) DEFAULT NULL,
  `created_at` datetime DEFAULT CURRENT_TIMESTAMP,
  PRIMARY KEY (`studentId`),
  KEY `religion` (`religion`)
) ENGINE=InnoDB AUTO_INCREMENT=73 DEFAULT CHARSET=latin1;

INSERT INTO `students` (`studentId`, `name`, `dateOfBirth`, `gender`, `mobile`, `email`, `religion`, `bloodGroup`, `nationality`, `studentType`, `studentBirthRegNo`, `studentPhotoLink`, `fatherId`, `motherId`, `guardianId`, `emergencyContactId`, `addedBy`, `token`, `created_at`) VALUES
(1,	'MD ASADUJJAMAN NUR',	'2018-01-15',	'Male',	'01740227805',	'asadece2k10@gmail.com',	'Islam',	'B+',	'Bangladesh',	NULL,	'1234567890',	NULL,	NULL,	NULL,	NULL,	NULL,	NULL,	'D95fn4Ai3Ytp4YpWzah02bNP9pEoZcEyIGzquxyV',	'2018-01-15 14:29:25'),
(2,	'MD ASADUJJAMAN NUR',	'2018-01-15',	'Male',	'01740227805',	'asadece2k10@gmail.com',	'Islam',	'B+',	'Bangladesh',	NULL,	'1234567890',	NULL,	NULL,	NULL,	NULL,	NULL,	NULL,	'D95fn4Ai3Ytp4YpWzah02bNP9pEoZcEyIGzquxyV',	'2018-01-15 14:31:44'),
(3,	'Syed Muradul Islam',	'2013-02-06',	'Male',	'0174589647',	'murad@chl-bd.com',	'Islam',	'B+',	'Bangladesh',	NULL,	'7452',	NULL,	NULL,	NULL,	NULL,	NULL,	NULL,	'D95fn4Ai3Ytp4YpWzah02bNP9pEoZcEyIGzquxyV',	'2018-01-15 14:40:21'),
(4,	'Syed Muradul Islam',	'2013-02-06',	'Male',	'0174589647',	'murad@chl-bd.com',	'Islam',	'B+',	'Bangladesh',	NULL,	'7452',	NULL,	NULL,	NULL,	NULL,	NULL,	NULL,	'D95fn4Ai3Ytp4YpWzah02bNP9pEoZcEyIGzquxyV',	'2018-01-15 14:40:30'),
(5,	'Syed Muradul Islam',	'2013-02-06',	'Male',	'0174589647',	'murad@chl-bd.com',	'Islam',	'B+',	'Bangladesh',	NULL,	'7452',	NULL,	NULL,	NULL,	NULL,	NULL,	NULL,	'D95fn4Ai3Ytp4YpWzah02bNP9pEoZcEyIGzquxyV',	'2018-01-15 14:44:24'),
(6,	'Syed Muradul Islam',	'2013-02-06',	'Male',	'0174589647',	'murad@chl-bd.com',	'Islam',	'B+',	'Bangladesh',	NULL,	'7452',	NULL,	NULL,	NULL,	NULL,	NULL,	NULL,	'D95fn4Ai3Ytp4YpWzah02bNP9pEoZcEyIGzquxyV',	'2018-01-15 16:18:49'),
(7,	'Babul Farazy',	'2018-01-26',	'Male',	'01740227805',	'finance@chl-bd.com',	'Islam',	'B+',	'Bangladesh',	NULL,	'1234567898765432',	NULL,	NULL,	NULL,	NULL,	NULL,	NULL,	'D95fn4Ai3Ytp4YpWzah02bNP9pEoZcEyIGzquxyV',	'2018-01-15 16:19:55'),
(8,	'Babul Farazy',	'2018-01-26',	'Male',	'01740227805',	'finance@chl-bd.com',	'Islam',	'B+',	'Bangladesh',	NULL,	'1234567898765432',	NULL,	NULL,	NULL,	NULL,	NULL,	NULL,	'D95fn4Ai3Ytp4YpWzah02bNP9pEoZcEyIGzquxyV',	'2018-01-15 16:20:09'),
(9,	'Asad',	'2018-01-16',	'Female',	'017465231132',	'asadece2k10@gmail.com',	'Buddhism',	'B+',	'Azerbaijan',	NULL,	'64512',	NULL,	NULL,	NULL,	NULL,	NULL,	NULL,	'D95fn4Ai3Ytp4YpWzah02bNP9pEoZcEyIGzquxyV',	'2018-01-15 16:50:08'),
(10,	'Asad',	'2018-01-16',	'Female',	'017465231132',	'asadece2k10@gmail.com',	'Buddhism',	'B+',	'Azerbaijan',	NULL,	'64512',	NULL,	NULL,	NULL,	NULL,	NULL,	NULL,	'D95fn4Ai3Ytp4YpWzah02bNP9pEoZcEyIGzquxyV',	'2018-01-15 16:51:17'),
(11,	'Asad',	'2018-01-16',	'Female',	'017465231132',	'asadece2k10@gmail.com',	'Buddhism',	'B+',	'Azerbaijan',	NULL,	'64512',	NULL,	NULL,	NULL,	NULL,	NULL,	NULL,	'D95fn4Ai3Ytp4YpWzah02bNP9pEoZcEyIGzquxyV',	'2018-01-15 16:52:20'),
(12,	'Asad',	'2018-01-15',	'Female',	'846521',	'asdptmail@gmail.com',	'Islam',	'B+',	'Bangladesh',	NULL,	'45321',	NULL,	NULL,	NULL,	NULL,	NULL,	NULL,	'D95fn4Ai3Ytp4YpWzah02bNP9pEoZcEyIGzquxyV',	'2018-01-15 16:59:28'),
(13,	'Asad',	'2018-01-15',	'Female',	'846521',	'asdptmail@gmail.com',	'Islam',	'B+',	'Bangladesh',	NULL,	'45321',	NULL,	NULL,	NULL,	NULL,	NULL,	NULL,	'D95fn4Ai3Ytp4YpWzah02bNP9pEoZcEyIGzquxyV',	'2018-01-15 16:59:56'),
(14,	'Asad',	'2018-01-15',	'Female',	'01775452',	'abhijeet.barman93@gmail.com',	'Christianity',	'AB+',	'Austria',	'General',	'645231',	NULL,	NULL,	NULL,	NULL,	NULL,	NULL,	'D95fn4Ai3Ytp4YpWzah02bNP9pEoZcEyIGzquxyV',	'2018-01-15 17:01:45'),
(15,	'MD ASADUJJAMAN NUR',	'2018-01-15',	'Male',	'234567876',	'asadece2k10@gmail.com',	'Islam',	'B+',	'Bangladesh',	'General',	'12345678',	NULL,	NULL,	NULL,	NULL,	NULL,	NULL,	'D95fn4Ai3Ytp4YpWzah02bNP9pEoZcEyIGzquxyV',	'2018-01-15 20:20:30'),
(16,	'Mynul Islam',	'2018-01-19',	'Male',	'01',	'asadece2k10@gmail.com',	'Islam',	'B+',	'Bangladesh',	'General',	'56321',	NULL,	NULL,	NULL,	NULL,	NULL,	NULL,	'ikpwv8dOY0KW2r1AWMgOZ03jiE5jXGwYzUbBBY3E',	'2018-01-16 00:15:25'),
(17,	'Mynul Islam',	'2018-01-19',	'Male',	'01',	'asadece2k10@gmail.com',	'Islam',	'B+',	'Bangladesh',	'General',	'56321',	NULL,	NULL,	NULL,	NULL,	NULL,	NULL,	'ikpwv8dOY0KW2r1AWMgOZ03jiE5jXGwYzUbBBY3E',	'2018-01-16 01:40:41'),
(18,	'Asad Nur',	'2018-01-16',	'Male',	'1740227805',	'asadece2k10@gmail.com',	'Islam',	'B-',	'Azerbaijan',	'General',	'345678',	NULL,	NULL,	NULL,	NULL,	NULL,	NULL,	'vcNPrYTUZgzUaG0ZFOcU36zX1pW9VN5vYKAZhbbB',	'2018-01-16 13:43:09'),
(19,	'Asad Nur',	'2018-01-16',	'Male',	'01740227805',	'asadece2k10@gmail.com',	'Islam',	'B+',	'Bangladesh',	'General',	'2345678909',	NULL,	NULL,	NULL,	NULL,	NULL,	NULL,	'vcNPrYTUZgzUaG0ZFOcU36zX1pW9VN5vYKAZhbbB',	'2018-01-16 14:04:39'),
(20,	'Asad Nur',	'2018-01-16',	'Male',	'01740227805',	'asadece2k10@gmail.com',	'Islam',	'B+',	'Bangladesh',	'General',	'2345678909',	NULL,	NULL,	NULL,	NULL,	NULL,	NULL,	'vcNPrYTUZgzUaG0ZFOcU36zX1pW9VN5vYKAZhbbB',	'2018-01-16 14:04:46'),
(21,	'Asad Nur',	'2018-01-16',	'Male',	'1740227805',	'asadece2k10@gmail.com',	'Islam',	'B+',	'Bahrain',	'General',	'2345',	NULL,	NULL,	NULL,	NULL,	NULL,	NULL,	'Crf1uQvBVi0Qo0OyeDVsjMUlVQDZf97YlRe4MeAl',	'2018-01-16 19:32:29'),
(22,	'Asad Nur',	'2018-01-16',	'Male',	'0',	'asadece2k10@gmail.com',	'Christianity',	'A-',	'Albania',	'General',	'23456',	NULL,	NULL,	NULL,	NULL,	NULL,	NULL,	'Crf1uQvBVi0Qo0OyeDVsjMUlVQDZf97YlRe4MeAl',	'2018-01-16 19:46:26'),
(23,	'Asad Nur',	'2018-01-16',	'Male',	'-2',	'asadece2k10@gmail.com',	'Christianity',	'A-',	'Albania',	'General',	'23456',	NULL,	NULL,	NULL,	NULL,	NULL,	NULL,	'OMNzxKkfDoL7ioFrclfLmh3p36dqjIyBqvUIQA4h',	'2018-01-16 21:00:26'),
(24,	'AKM Enamul Hoque Chowdhury',	'2018-01-17',	'Female',	'1713038237',	'ashabussuffah2016@gmail.com',	'Christianity',	'B+',	'Bahamas',	'General',	'2345',	NULL,	NULL,	NULL,	NULL,	NULL,	NULL,	'Rzdw91txEiGcTPza38Gxfu8c6w1jKkrf6RGJYCS1',	'2018-01-17 14:43:31'),
(25,	'Asad Nur',	'2018-01-10',	'Female',	'6523',	'asadece2k10@gmail.com',	'Buddhism',	'B+',	'Azerbaijan',	'Residential',	'8562',	NULL,	NULL,	NULL,	NULL,	NULL,	NULL,	'knwGzZLVvtBWriRMLBZB6Ry3tweB6gn6LCU3x7f0',	'2018-01-17 15:16:40'),
(26,	'Asad Nur',	'2018-01-17',	'Male',	'1740227805',	'asadece2k10@gmail.com',	'Islam',	NULL,	'Bangladesh',	'General',	'56123',	NULL,	NULL,	NULL,	NULL,	NULL,	NULL,	'Rzdw91txEiGcTPza38Gxfu8c6w1jKkrf6RGJYCS1',	'2018-01-17 15:20:17'),
(27,	'Asad Nur',	'2018-01-17',	'Female',	'1740227805',	'asadece2k10@gmail.com',	'Buddhism',	'AB-',	'Bangladesh',	'General',	'qwerty',	NULL,	NULL,	NULL,	NULL,	NULL,	NULL,	'Rzdw91txEiGcTPza38Gxfu8c6w1jKkrf6RGJYCS1',	'2018-01-17 15:33:04'),
(28,	'Asad Nur',	'2018-01-16',	'Male',	'-2',	'asadece2k10@gmail.com',	'Christianity',	'A-',	'Albania',	'General',	'23456',	NULL,	NULL,	NULL,	NULL,	NULL,	NULL,	'Rzdw91txEiGcTPza38Gxfu8c6w1jKkrf6RGJYCS1',	'2018-01-17 15:48:21'),
(29,	'Asad Nur',	'2018-01-16',	'Male',	'-2',	'asadece2k10@gmail.com',	'Christianity',	'A-',	'Albania',	'General',	'23456',	NULL,	NULL,	NULL,	NULL,	NULL,	NULL,	'Rzdw91txEiGcTPza38Gxfu8c6w1jKkrf6RGJYCS1',	'2018-01-17 15:48:24'),
(30,	'Asad Nur',	'2018-01-17',	'Male',	'1740227803',	'asadece2k10@gmail.com',	'Christianity',	'A-',	'Belarus',	'General',	'23456',	'public/files/uploads/tKACFzj0eXnWG0gzPTWDrAaDh64sCGWV4zbKtRMi.png',	NULL,	NULL,	NULL,	NULL,	NULL,	'Rzdw91txEiGcTPza38Gxfu8c6w1jKkrf6RGJYCS1',	'2018-01-17 16:27:02'),
(31,	'Asad Nur',	'2018-01-17',	'Male',	'1740227803',	'asadece2k10@gmail.com',	'Christianity',	'A-',	'Belarus',	'General',	'23456',	'',	NULL,	NULL,	NULL,	NULL,	NULL,	'Rzdw91txEiGcTPza38Gxfu8c6w1jKkrf6RGJYCS1',	'2018-01-17 16:34:40'),
(32,	'Asad Nur',	'2018-01-17',	'Male',	'1740227803',	'asadece2k10@gmail.com',	'Christianity',	'A-',	'Belarus',	'General',	'23456',	'',	NULL,	NULL,	NULL,	NULL,	NULL,	'Rzdw91txEiGcTPza38Gxfu8c6w1jKkrf6RGJYCS1',	'2018-01-17 16:38:08'),
(33,	'Asad Nur',	'2018-01-17',	'Male',	'1740227803',	'asadece2k10@gmail.com',	'Christianity',	'A-',	'Belarus',	'General',	'23456',	'',	NULL,	NULL,	NULL,	NULL,	NULL,	'Rzdw91txEiGcTPza38Gxfu8c6w1jKkrf6RGJYCS1',	'2018-01-17 16:38:22'),
(34,	'Asad Nur',	'2018-01-17',	'Male',	'1740227803',	'asadece2k10@gmail.com',	'Christianity',	'A-',	'Belarus',	'General',	'23456',	'',	NULL,	NULL,	NULL,	NULL,	NULL,	'Rzdw91txEiGcTPza38Gxfu8c6w1jKkrf6RGJYCS1',	'2018-01-17 16:39:45'),
(35,	'Asad Nur',	'2018-01-17',	'Male',	'1740227803',	'asadece2k10@gmail.com',	'Christianity',	'A-',	'Belarus',	'General',	'23456',	'',	NULL,	NULL,	NULL,	NULL,	NULL,	'Rzdw91txEiGcTPza38Gxfu8c6w1jKkrf6RGJYCS1',	'2018-01-17 17:09:14'),
(36,	'Asad Nur',	'2018-01-17',	'Male',	'1740227803',	'asadece2k10@gmail.com',	'Christianity',	'A-',	'Belarus',	'General',	'23456',	'',	NULL,	NULL,	NULL,	NULL,	NULL,	'Rzdw91txEiGcTPza38Gxfu8c6w1jKkrf6RGJYCS1',	'2018-01-17 17:10:54'),
(37,	'Asad Nur',	'2018-01-17',	'Male',	'74512',	'asadece2k10@gmail.com',	'Hinduism',	'AB-',	'Bangladesh',	'Residential',	'87645321',	'files/uploads/images/profile/druIcjyS3kD1UgN2yJPlAYEfWpLaOCU9PWMtAP5M.jpeg',	NULL,	NULL,	NULL,	NULL,	NULL,	'ny2Kugs9BXOCHy5FW7EFflyp5YRZQOXsQUbTznp0',	'2018-01-17 23:31:32'),
(38,	'Asad Nur',	'2018-01-17',	'Male',	'74512',	'asadece2k10@gmail.com',	'Hinduism',	'AB-',	'Bangladesh',	'Residential',	'87645321',	'files/uploads/images/profile/9DKlqQWOR99V68TDoZhvGO2YbgCqETQY88qXxd1Z.jpeg',	NULL,	NULL,	NULL,	NULL,	NULL,	'ny2Kugs9BXOCHy5FW7EFflyp5YRZQOXsQUbTznp0',	'2018-01-17 23:42:07'),
(39,	'Asad Nur',	'2018-01-17',	'Male',	'74512',	'asadece2k10@gmail.com',	'Hinduism',	'AB-',	'Bangladesh',	'Residential',	'87645321',	'',	NULL,	NULL,	NULL,	NULL,	NULL,	'ny2Kugs9BXOCHy5FW7EFflyp5YRZQOXsQUbTznp0',	'2018-01-17 23:49:15'),
(40,	'Asad Nur',	'2018-01-17',	'Male',	'74512',	'asadece2k10@gmail.com',	'Hinduism',	'AB-',	'Bangladesh',	'Residential',	'87645321',	'',	NULL,	NULL,	NULL,	NULL,	NULL,	'ny2Kugs9BXOCHy5FW7EFflyp5YRZQOXsQUbTznp0',	'2018-01-17 23:51:38'),
(41,	'Asad Nur',	'2018-01-17',	'Male',	'74512',	'asadece2k10@gmail.com',	'Hinduism',	'AB-',	'Bangladesh',	'Residential',	'87645321',	'',	NULL,	NULL,	NULL,	NULL,	NULL,	'ny2Kugs9BXOCHy5FW7EFflyp5YRZQOXsQUbTznp0',	'2018-01-17 23:51:50'),
(42,	'Asad Nur',	'2018-01-17',	'Male',	'74512',	'asadece2k10@gmail.com',	'Hinduism',	'AB-',	'Bangladesh',	'Residential',	'87645321',	'',	NULL,	NULL,	NULL,	NULL,	NULL,	'ny2Kugs9BXOCHy5FW7EFflyp5YRZQOXsQUbTznp0',	'2018-01-17 23:52:00'),
(43,	'Asad Nur',	'2018-01-16',	'Male',	'-2',	'asadece2k10@gmail.com',	'Christianity',	'A-',	'Albania',	'General',	'23456',	'',	NULL,	NULL,	NULL,	NULL,	NULL,	'ny2Kugs9BXOCHy5FW7EFflyp5YRZQOXsQUbTznp0',	'2018-01-17 23:57:23'),
(44,	'Asad Nur',	'2018-01-18',	'Female',	'1740227805',	'asadece2k10@gmail.com',	'Buddhism',	'A+',	'Barbados',	'General',	'23456',	'',	NULL,	NULL,	NULL,	NULL,	NULL,	'ny2Kugs9BXOCHy5FW7EFflyp5YRZQOXsQUbTznp0',	'2018-01-18 00:36:06'),
(45,	'20.',	'2018-01-18',	'Female',	'-1',	'asadece2k10@gmail.com',	'Buddhism',	'A+',	'Afghanistan',	'General',	'23456',	'',	NULL,	NULL,	NULL,	NULL,	NULL,	'ny2Kugs9BXOCHy5FW7EFflyp5YRZQOXsQUbTznp0',	'2018-01-18 00:50:24'),
(46,	'Asad Nur',	'2018-01-16',	'Male',	'-2',	'asadece2k10@gmail.com',	'Christianity',	'A-',	'Albania',	'General',	'23456',	'',	NULL,	NULL,	NULL,	NULL,	NULL,	'ny2Kugs9BXOCHy5FW7EFflyp5YRZQOXsQUbTznp0',	'2018-01-18 01:00:24'),
(47,	'Asad Nur',	'2018-01-16',	'Male',	'-2',	'asadece2k10@gmail.com',	'Christianity',	'A-',	'Albania',	'General',	'23456',	'',	NULL,	NULL,	NULL,	NULL,	NULL,	'ny2Kugs9BXOCHy5FW7EFflyp5YRZQOXsQUbTznp0',	'2018-01-18 01:14:45'),
(48,	'Asad Nur',	'2018-01-16',	'Male',	'-2',	'asadece2k10@gmail.com',	'Christianity',	'A-',	'Albania',	'General',	'23456',	'files/uploads/images/profile/1516216994.P_20160909_193507_009.jpg',	NULL,	NULL,	NULL,	NULL,	NULL,	'ny2Kugs9BXOCHy5FW7EFflyp5YRZQOXsQUbTznp0',	'2018-01-18 01:23:16'),
(49,	'murad',	'2018-01-18',	'Male',	'-2',	'muradcse1177@gmail.com',	'Buddhism',	'A-',	'Afghanistan',	'General',	'648532',	NULL,	NULL,	NULL,	NULL,	NULL,	NULL,	'nfRrNh0U82NKirLtlwmdOXhCGdHjneF4Ss79vOOI',	'2018-01-18 11:32:12'),
(50,	'murad',	'2018-01-19',	'Female',	NULL,	NULL,	'Christianity',	NULL,	'Bahamas',	'General',	'sdfdgfhjklk;l\';',	NULL,	NULL,	NULL,	NULL,	NULL,	NULL,	'2TKv6sxaKDsw8fzqWpZvqn3P7yYd8zk0IJZLD5G1',	'2018-01-18 17:37:08'),
(51,	'murad',	'2018-01-19',	'Female',	'5',	NULL,	'Christianity',	'O-',	'Bahamas',	'General',	'sdfdgfhjklk;l\';',	NULL,	NULL,	NULL,	NULL,	NULL,	NULL,	'2TKv6sxaKDsw8fzqWpZvqn3P7yYd8zk0IJZLD5G1',	'2018-01-18 17:38:23'),
(52,	'murad',	'2018-01-19',	'Female',	'5',	NULL,	'Christianity',	'O-',	'Bahamas',	'General',	'sdfdgfhjklk;l\';',	NULL,	NULL,	NULL,	NULL,	NULL,	NULL,	'2TKv6sxaKDsw8fzqWpZvqn3P7yYd8zk0IJZLD5G1',	'2018-01-18 17:38:25'),
(53,	'murad',	'2018-01-19',	'Female',	'5',	NULL,	'Christianity',	'O-',	'Bahamas',	'General',	'sdfdgfhjklk;l\';',	NULL,	NULL,	NULL,	NULL,	NULL,	NULL,	'2TKv6sxaKDsw8fzqWpZvqn3P7yYd8zk0IJZLD5G1',	'2018-01-18 17:38:26'),
(54,	'murad',	'2018-01-19',	'Female',	'5',	NULL,	'Christianity',	'O-',	'Bahamas',	'General',	'sdfdgfhjklk;l\';',	NULL,	NULL,	NULL,	NULL,	NULL,	NULL,	'2TKv6sxaKDsw8fzqWpZvqn3P7yYd8zk0IJZLD5G1',	'2018-01-18 17:38:27'),
(55,	'murad',	'2018-01-19',	'Female',	'5',	NULL,	'Christianity',	'O-',	'Bahamas',	'General',	'sdfdgfhjklk;l\';',	NULL,	NULL,	NULL,	NULL,	NULL,	NULL,	'2TKv6sxaKDsw8fzqWpZvqn3P7yYd8zk0IJZLD5G1',	'2018-01-18 17:38:29'),
(56,	'murad',	'2018-01-19',	'Female',	'5',	NULL,	'Christianity',	'O-',	'Bahamas',	'General',	'sdfdgfhjklk;l\';',	NULL,	NULL,	NULL,	NULL,	NULL,	NULL,	'2TKv6sxaKDsw8fzqWpZvqn3P7yYd8zk0IJZLD5G1',	'2018-01-18 17:38:30'),
(57,	'hasan',	'2018-01-16',	'Male',	'-2',	'asadece2k10@gmail.com',	'Christianity',	'A-',	'Albania',	'Residential',	'23456',	'',	NULL,	NULL,	NULL,	NULL,	NULL,	'eVbE7Z6KH1dqgCwS3K5nECXWhiI6Wsughhm1IZTq',	'2018-01-23 02:03:15'),
(58,	'Asad',	'2018-01-16',	'Male',	'-2',	'asadece2k10@gmail.com',	'Christianity',	'A-',	'Albania',	'Residential',	'23456',	'',	NULL,	NULL,	NULL,	NULL,	NULL,	'eVbE7Z6KH1dqgCwS3K5nECXWhiI6Wsughhm1IZTq',	'2018-01-23 03:37:20'),
(59,	'Asad',	'2018-01-16',	'Male',	'-2',	'asadece2k10@gmail.com',	'Christianity',	'A-',	'Albania',	'Residential',	'23456',	'',	NULL,	NULL,	NULL,	NULL,	NULL,	'eVbE7Z6KH1dqgCwS3K5nECXWhiI6Wsughhm1IZTq',	'2018-01-23 03:39:07'),
(60,	'Jahangir Alam',	'2018-01-23',	'Female',	'386453123',	'Ceo@chl-bd.com',	'Buddhism',	'A+',	'Albania',	'General',	'23456',	'/files/uploads/images/profile/1516705819.cl-27.png',	NULL,	NULL,	NULL,	NULL,	NULL,	'yxFOl08SgAyBqZBYwsz59JwbrUNZB2af3xjKXjSA',	'2018-01-23 17:10:18'),
(61,	'Jahangir Alam',	'2018-01-23',	'Female',	'386453123',	'Ceo@chl-bd.com',	'Buddhism',	'A+',	'Albania',	'General',	'23456',	'/files/uploads/images/profile/1516706353.cl-27.png',	NULL,	NULL,	NULL,	NULL,	NULL,	'yxFOl08SgAyBqZBYwsz59JwbrUNZB2af3xjKXjSA',	'2018-01-23 17:19:12'),
(62,	'Asad Nur',	'2018-02-14',	'Female',	'86453210',	'asadece2k10@gmail.com',	'Islam',	'B+',	'Bangladesh',	'General',	'465231',	'',	NULL,	NULL,	NULL,	NULL,	NULL,	'D9pscSSprIDaHtTSnAIEnlxyBb3sgvS4gnBkeWsi',	'2018-02-14 18:00:05'),
(63,	'Asad Nur',	'2018-02-14',	'Female',	'86453210',	'asadece2k10@gmail.com',	'Islam',	'B+',	'Bangladesh',	'General',	'465231',	'/files/uploads/images/profile/1518609646.scan0003.jpg',	NULL,	NULL,	NULL,	NULL,	NULL,	'D9pscSSprIDaHtTSnAIEnlxyBb3sgvS4gnBkeWsi',	'2018-02-14 18:00:45'),
(64,	'hghhghh',	'2018-02-15',	'Male',	'078576576567',	'gfgfgfgfg@gmail.com',	'Islam',	'AB+',	'Bangladesh',	'Residential',	'21333444444444',	'/files/uploads/images/profile/1518677590.Capture.PNG28.PNG',	NULL,	NULL,	NULL,	NULL,	NULL,	'AM575cNdutwyswMqMkZSONQf9XqhGTMQTsLM4iLb',	'2018-02-15 12:53:10'),
(65,	'hghhghh',	'2018-02-15',	'Male',	'078576576567',	'gfgfgfgfg@gmail.com',	'Islam',	'AB+',	'Bangladesh',	'Residential',	'34444',	'/files/uploads/images/profile/1518677606.Capture.PNG28.PNG',	NULL,	NULL,	NULL,	NULL,	NULL,	'AM575cNdutwyswMqMkZSONQf9XqhGTMQTsLM4iLb',	'2018-02-15 12:53:26'),
(66,	'hghhghh',	'2018-02-15',	'Male',	'078576576567',	'gfgfgfgfg@gmail.com',	'Islam',	'AB+',	'Bangladesh',	'Residential',	'34444',	'/files/uploads/images/profile/1518677620.Capture.PNG28.PNG',	NULL,	NULL,	NULL,	NULL,	NULL,	'AM575cNdutwyswMqMkZSONQf9XqhGTMQTsLM4iLb',	'2018-02-15 12:53:40'),
(67,	'Imamul Arefeen',	'2018-02-15',	'Male',	'8801712414645',	'asadece2k10@gmail.com',	'Islam',	'B+',	'Bangladesh',	'General',	'84652',	'/files/uploads/images/profile/1518684850.my photo 66.jpg',	NULL,	NULL,	NULL,	NULL,	NULL,	'5SNQ1k3rnFWWnqTgjAK4oV41qisDmpwRsNTChiNw',	'2018-02-15 14:54:10'),
(68,	'Imamul Arefeen',	'2018-02-15',	'Male',	'8801712414645',	'asadece2k10@gmail.com',	'Islam',	'B+',	'Bangladesh',	'General',	'84652',	'/files/uploads/images/profile/1518684862.my photo 66.jpg',	NULL,	NULL,	NULL,	NULL,	NULL,	'5SNQ1k3rnFWWnqTgjAK4oV41qisDmpwRsNTChiNw',	'2018-02-15 14:54:22'),
(69,	'Rifat Hasan',	'2018-02-15',	'Male',	'7451',	'vfgh@ghj.com',	'Islam',	'B+',	'Bangladesh',	'General',	'541',	'/files/uploads/images/profile/1518705920.my photo 66.jpg',	NULL,	NULL,	NULL,	NULL,	NULL,	'Vo2shGPXY6D0v9XbBGQazf4DT1Doqt4oHy0PJIs7',	'2018-02-15 20:45:18'),
(70,	'John Doe',	'2018-02-17',	'Male',	'864512',	NULL,	'Islam',	'B+',	'Bangladesh',	'General',	'541',	'',	NULL,	NULL,	NULL,	NULL,	NULL,	'hTuqGigT5kZs96Dsv4f3djU4HQzQcc7wK6vgez5A',	'2018-02-17 17:15:18'),
(71,	'Muminul haque',	'2018-02-19',	'Female',	'085541552',	'ftgh@ghjk.com',	'Christianity',	'A-',	'Afghanistan',	'General',	'23456',	'/files/uploads/images/profile/1519023363.ContactPhoto-IMG_20161016_115024.jpg',	NULL,	NULL,	NULL,	NULL,	NULL,	'G8n56FLGLy0WUyURsiW4CdgUzmG5bxZvBhfFdBTX',	'2018-02-19 12:56:02'),
(72,	'Babul Farazy',	'2018-02-28',	'Female',	'453',	'asadece2k10@gmail.com',	'Buddhism',	'A+',	'Afghanistan',	'General',	'453',	'/files/uploads/images/profile/1519811725.M2B Password reset link.png',	NULL,	NULL,	NULL,	NULL,	NULL,	'NnXpnMC2kuMEyP1Ccbay60GOBRfwkld1sm1gxbXT',	'2018-02-28 15:55:23');

DROP TABLE IF EXISTS `student_subject_list`;
CREATE TABLE `student_subject_list` (
  `id` int(11) NOT NULL AUTO_INCREMENT,
  `studentId` bigint(20) NOT NULL,
  `classId` int(11) NOT NULL,
  `groupName` varchar(20) DEFAULT NULL,
  `subCode` int(11) NOT NULL,
  `subType` varchar(20) NOT NULL,
  PRIMARY KEY (`id`),
  KEY `studentId` (`studentId`)
) ENGINE=InnoDB AUTO_INCREMENT=38 DEFAULT CHARSET=latin1;

INSERT INTO `student_subject_list` (`id`, `studentId`, `classId`, `groupName`, `subCode`, `subType`) VALUES
(1,	42,	4,	'Arts',	101,	'Compulsory'),
(2,	42,	4,	'Arts',	1245,	'Compulsory'),
(3,	42,	4,	'Arts',	1111,	'Compulsory'),
(4,	42,	4,	'Arts',	15236,	'Compulsory'),
(5,	42,	4,	'Arts',	32536,	'Compulsory'),
(6,	42,	4,	'Arts',	1234,	'Compulsory'),
(7,	42,	4,	'Arts',	10125,	'Compulsory'),
(8,	42,	4,	'Arts',	152,	'Optional'),
(14,	39,	4,	'Arts',	101,	'Compulsory'),
(15,	39,	4,	'Arts',	1245,	'Compulsory'),
(16,	39,	4,	'Arts',	1111,	'Compulsory'),
(17,	39,	4,	'Arts',	10125,	'Compulsory'),
(18,	39,	4,	'Arts',	1234,	'Compulsory'),
(19,	39,	4,	'Arts',	32536,	'Compulsory'),
(20,	39,	4,	'Arts',	15236,	'Compulsory'),
(21,	39,	4,	'Arts',	152,	'Optional'),
(22,	38,	4,	'Arts',	101,	'Compulsory'),
(23,	38,	4,	'Arts',	1245,	'Compulsory'),
(24,	38,	4,	'Arts',	1111,	'Compulsory'),
(25,	38,	4,	'Arts',	10125,	'Compulsory'),
(26,	38,	4,	'Arts',	1234,	'Compulsory'),
(27,	38,	4,	'Arts',	32536,	'Compulsory'),
(28,	38,	4,	'Arts',	15236,	'Compulsory'),
(29,	38,	4,	'Arts',	152,	'Optional'),
(30,	34,	4,	'Arts',	101,	'Compulsory'),
(31,	34,	4,	'Arts',	1245,	'Compulsory'),
(32,	34,	4,	'Arts',	1234,	'Compulsory'),
(33,	34,	4,	'Arts',	32536,	'Compulsory'),
(34,	34,	4,	'Arts',	15236,	'Compulsory'),
(35,	34,	4,	'Arts',	1111,	'Compulsory'),
(36,	34,	4,	'Arts',	10125,	'Compulsory'),
(37,	34,	4,	'Arts',	152,	'Optional');

DROP TABLE IF EXISTS `student_types`;
CREATE TABLE `student_types` (
  `studentType` varchar(30) NOT NULL
) ENGINE=InnoDB DEFAULT CHARSET=latin1;

INSERT INTO `student_types` (`studentType`) VALUES
('General'),
('Residential');

DROP TABLE IF EXISTS `subjects`;
CREATE TABLE `subjects` (
  `id` int(11) NOT NULL AUTO_INCREMENT,
  `classId` bigint(20) NOT NULL,
  `name` varchar(15) NOT NULL,
  `code` varchar(15) NOT NULL,
  `class` int(11) NOT NULL,
  PRIMARY KEY (`id`)
) ENGINE=InnoDB AUTO_INCREMENT=24 DEFAULT CHARSET=latin1;

INSERT INTO `subjects` (`id`, `classId`, `name`, `code`, `class`) VALUES
(2,	2,	'Physics',	'103',	9),
(3,	3,	'Biology',	'110',	0),
(13,	3,	'Mathematics',	'103',	0),
(14,	1,	'Mathematics',	'105',	8),
(15,	4,	'Bangla',	'101',	12),
(16,	4,	'English',	'1245',	12),
(18,	4,	'Math',	'1111',	12),
(19,	4,	'Bangla-2',	'10125',	12),
(20,	4,	'English-2',	'15236',	12),
(21,	4,	'Geography',	'1234',	12),
(22,	4,	'History',	'32536',	12),
(23,	4,	'Computer',	'152',	12);

DROP TABLE IF EXISTS `subject_teacher_relation`;
CREATE TABLE `subject_teacher_relation` (
  `id` int(11) NOT NULL AUTO_INCREMENT,
  `classId` int(11) NOT NULL,
  `teacherId` varchar(30) NOT NULL,
  `subId` int(11) NOT NULL,
  PRIMARY KEY (`id`)
) ENGINE=InnoDB AUTO_INCREMENT=16 DEFAULT CHARSET=latin1;

INSERT INTO `subject_teacher_relation` (`id`, `classId`, `teacherId`, `subId`) VALUES
(7,	4,	'EMP18Apr095838',	32536),
(8,	4,	'EMP18Apr101307',	15236),
(9,	4,	'EMP18Apr095958',	1245),
(10,	4,	'EMP18Apr095958',	1111),
(11,	4,	'EMP18Apr101307',	10125),
(13,	4,	'EMP18Apr101532',	1234),
(14,	4,	'EMP18Apr095838',	152),
(15,	1,	'EMP18Apr095838',	105);

DROP TABLE IF EXISTS `unions`;
CREATE TABLE `unions` (
  `id` int(2) unsigned NOT NULL AUTO_INCREMENT,
  `upazila_id` int(2) unsigned NOT NULL,
  `name` varchar(30) NOT NULL,
  `bn_name` varchar(50) NOT NULL,
  `lat` double NOT NULL,
  `lon` double NOT NULL,
  PRIMARY KEY (`id`),
  KEY `upazila_id` (`upazila_id`),
  CONSTRAINT `unions_ibfk_1` FOREIGN KEY (`upazila_id`) REFERENCES `upazilas` (`id`) ON DELETE CASCADE ON UPDATE CASCADE
) ENGINE=InnoDB AUTO_INCREMENT=2351 DEFAULT CHARSET=utf8;

INSERT INTO `unions` (`id`, `upazila_id`, `name`, `bn_name`, `lat`, `lon`) VALUES
(1,	226,	'',	'আমলাব',	0,	0),
(2,	226,	'',	'বাজনাব',	0,	0),
(3,	226,	'',	'বেলাব',	0,	0),
(4,	226,	'',	'বিন্নাবাইদ',	0,	0),
(5,	226,	'',	'চরউজিলাব',	0,	0),
(6,	226,	'',	'নারায়নপুর',	0,	0),
(7,	226,	'',	'সল্লাবাদ',	0,	0),
(8,	226,	'',	'পাটুলী',	0,	0),
(9,	226,	'',	'দেয়ারা',	0,	0),
(10,	227,	'',	'বড়চাপা',	0,	0),
(11,	227,	'',	'চালাকচর',	0,	0),
(12,	227,	'',	'চরমান্দালিয়া',	0,	0),
(13,	227,	'',	'একদুয়ারিয়া',	0,	0),
(14,	227,	'',	'গোতাশিয়া',	0,	0),
(15,	227,	'',	'কাচিকাটা',	0,	0),
(16,	227,	'',	'খিদিরপুর',	0,	0),
(17,	227,	'',	'শুকুন্দি',	0,	0),
(18,	227,	'',	'দৌলতপুর',	0,	0),
(19,	227,	'',	'কৃষ্ণপুর ইউনিয়ন',	0,	0),
(20,	227,	'',	'লেবুতলা',	0,	0),
(21,	227,	'',	'চন্দনবাড়ী',	0,	0),
(22,	228,	'',	'আলোকবালী',	0,	0),
(23,	228,	'',	'চরদিঘলদী',	0,	0),
(24,	228,	'',	'করিমপুর',	0,	0),
(25,	228,	'',	'কাঠালিয়া',	0,	0),
(26,	228,	'',	'নূরালাপুর',	0,	0),
(27,	228,	'',	'মহিষাশুড়া',	0,	0),
(28,	228,	'',	'মেহেড়পাড়া',	0,	0),
(29,	228,	'',	'নজরপুর',	0,	0),
(30,	228,	'',	'পাইকারচর',	0,	0),
(31,	228,	'',	'পাঁচদোনা',	0,	0),
(32,	228,	'',	'শিলমান্দী',	0,	0),
(33,	228,	'',	'আমদিয়া ২',	0,	0),
(34,	229,	'',	'ডাংঙ্গা',	0,	0),
(35,	229,	'',	'চরসিন্দুর',	0,	0),
(36,	229,	'',	'জিনারদী',	0,	0),
(37,	229,	'',	'গজারিয়া',	0,	0),
(38,	230,	'',	'চানপুর',	0,	0),
(39,	230,	'',	'অলিপুরা',	0,	0),
(40,	230,	'',	'আমিরগঞ্জ',	0,	0),
(41,	230,	'',	'আদিয়াবাদ',	0,	0),
(42,	230,	'',	'বাঁশগাড়ী',	0,	0),
(43,	230,	'',	'চান্দেরকান্দি',	0,	0),
(44,	230,	'',	'চরআড়ালিয়া',	0,	0),
(45,	230,	'',	'চরমধুয়া',	0,	0),
(46,	230,	'',	'চরসুবুদ্দি',	0,	0),
(47,	230,	'',	'হাইরমারা',	0,	0),
(48,	230,	'',	'মহেষপুর',	0,	0),
(49,	230,	'',	'মির্জানগর',	0,	0),
(50,	230,	'',	'মির্জারচর',	0,	0),
(51,	230,	'',	'নিলক্ষ্যা',	0,	0),
(52,	230,	'',	'পলাশতলী',	0,	0),
(53,	230,	'',	'পাড়াতলী',	0,	0),
(54,	230,	'',	'শ্রীনগর',	0,	0),
(55,	230,	'',	'রায়পুরা',	0,	0),
(56,	230,	'',	'মুছাপুর',	0,	0),
(57,	230,	'',	'উত্তর বাখরনগর',	0,	0),
(58,	230,	'',	'মরজাল',	0,	0),
(59,	231,	'',	'দুলালপুর',	0,	0),
(60,	231,	'',	'জয়নগর',	0,	0),
(61,	231,	'',	'সাধারচর',	0,	0),
(62,	231,	'',	'মাছিমপুর',	0,	0),
(63,	231,	'',	'চক্রধা',	0,	0),
(64,	231,	'',	'যোশর',	0,	0),
(65,	231,	'',	'বাঘাব',	0,	0),
(66,	231,	'',	'আয়ুবপুর',	0,	0),
(67,	231,	'',	'পুটিয়া',	0,	0),
(68,	163,	'',	'বাহাদুরশাদী',	0,	0),
(69,	163,	'',	'বক্তারপুর',	0,	0),
(70,	163,	'',	'জামালপুর',	0,	0),
(71,	163,	'',	'জাঙ্গালিয়া',	0,	0),
(72,	163,	'',	'মোক্তারপুর',	0,	0),
(73,	163,	'',	'নাগরী',	0,	0),
(74,	163,	'',	'তুমুলিয়া',	0,	0),
(75,	160,	'',	'আটাবহ',	0,	0),
(76,	160,	'',	'বোয়ালী',	0,	0),
(77,	160,	'',	'চাপাইর',	0,	0),
(78,	160,	'',	'ঢালজোড়া',	0,	0),
(79,	160,	'',	'ফুলবাড়ীয়া',	0,	0),
(80,	160,	'',	'মধ্যপাড়া',	0,	0),
(81,	160,	'',	'মৌচাক',	0,	0),
(82,	160,	'',	'সূত্রাপুর',	0,	0),
(83,	160,	'',	'শ্রীফলতলী',	0,	0),
(84,	161,	'',	'বারিষাব',	0,	0),
(85,	161,	'',	'ঘাগটিয়া',	0,	0),
(86,	161,	'',	'কাপাসিয়া',	0,	0),
(87,	161,	'',	'চাঁদপুর',	0,	0),
(88,	161,	'',	'তরগাঁও',	0,	0),
(89,	161,	'',	'কড়িহাতা',	0,	0),
(90,	161,	'',	'টোক',	0,	0),
(91,	161,	'',	'সিংহশ্রী',	0,	0),
(92,	161,	'',	'দূর্গাপুর',	0,	0),
(93,	161,	'',	'সনমানিয়া',	0,	0),
(94,	161,	'',	'রায়েদ',	0,	0),
(95,	159,	'',	'বাড়ীয়া',	0,	0),
(96,	159,	'',	'বাসন',	0,	0),
(97,	159,	'',	'গাছা',	0,	0),
(98,	159,	'',	'কাশিমপুর',	0,	0),
(99,	159,	'',	'কাউলতিয়া',	0,	0),
(100,	159,	'',	'কোনাবাড়ী',	0,	0),
(101,	159,	'',	'মির্জাপুর',	0,	0),
(102,	159,	'',	'পূবাইল',	0,	0),
(103,	162,	'',	'বরমী',	0,	0),
(104,	162,	'',	'গাজীপুর',	0,	0),
(105,	162,	'',	'গোসিংগা',	0,	0),
(106,	162,	'',	'মাওনা',	0,	0),
(107,	162,	'',	'কাওরাইদ',	0,	0),
(108,	162,	'',	'প্রহলাদপুর',	0,	0),
(109,	162,	'',	'রাজাবাড়ী',	0,	0),
(110,	162,	'',	'তেলিহাটী',	0,	0),
(111,	247,	'',	'বিনোদপুর',	0,	0),
(112,	247,	'',	'তুলাসার',	0,	0),
(113,	247,	'',	'পালং',	0,	0),
(114,	247,	'',	'ডোমসার',	0,	0),
(115,	247,	'',	'রুদ্রকর',	0,	0),
(116,	247,	'',	'আংগারিয়া',	0,	0),
(117,	247,	'',	'চিতলয়া',	0,	0),
(118,	247,	'',	'মাহমুদপুর',	0,	0),
(119,	247,	'',	'চিকন্দি',	0,	0),
(120,	247,	'',	'চন্দ্রপুর',	0,	0),
(121,	247,	'',	'শৌলপাড়া',	0,	0),
(122,	249,	'',	'কেদারপুর',	0,	0),
(123,	249,	'',	'ডিংগামানিক',	0,	0),
(124,	249,	'',	'ঘড়িষার',	0,	0),
(125,	249,	'',	'নওপাড়া',	0,	0),
(126,	249,	'',	'মোত্তারেরচর',	0,	0),
(127,	249,	'',	'চরআত্রা',	0,	0),
(128,	249,	'',	'রাজনগর',	0,	0),
(129,	249,	'',	'জপসা',	0,	0),
(130,	249,	'',	'ভোজেশ্বর',	0,	0),
(131,	249,	'',	'ফতেজংপুর',	0,	0),
(132,	249,	'',	'বিঝারি',	0,	0),
(133,	249,	'',	'ভূমখাড়া',	0,	0),
(134,	249,	'',	'নশাসন',	0,	0),
(135,	250,	'',	'জাজিরা সদর',	0,	0),
(136,	250,	'',	'মূলনা',	0,	0),
(137,	250,	'',	'বড়কান্দি',	0,	0),
(138,	250,	'',	'বিলাসপুর',	0,	0),
(139,	250,	'',	'কুন্ডেরচর',	0,	0),
(140,	250,	'',	'পালেরচর',	0,	0),
(141,	250,	'',	'পুর্ব নাওডোবা',	0,	0),
(142,	250,	'',	'নাওডোবা',	0,	0),
(143,	250,	'',	'সেনেরচর',	0,	0),
(144,	250,	'',	'বি. কে. নগর',	0,	0),
(145,	250,	'',	'বড়গোপালপুর',	0,	0),
(146,	250,	'',	'জয়নগর',	0,	0),
(147,	252,	'',	'নাগের পাড়া',	0,	0),
(148,	252,	'',	'আলাওলপুর',	0,	0),
(149,	252,	'',	'কোদালপুর',	0,	0),
(150,	252,	'',	'গোসাইরহাট',	0,	0),
(151,	252,	'',	'ইদিলপুর',	0,	0),
(152,	252,	'',	'নলমুড়ি',	0,	0),
(153,	252,	'',	'সামন্তসার',	0,	0),
(154,	252,	'',	'কুচাইপট্টি',	0,	0),
(155,	251,	'',	'রামভদ্রপুর',	0,	0),
(156,	251,	'',	'মহিষার',	0,	0),
(157,	251,	'',	'ছয়গাঁও',	0,	0),
(158,	251,	'',	'নারায়নপুর',	0,	0),
(159,	251,	'',	'ডি.এম খালি',	0,	0),
(160,	251,	'',	'চরকুমারিয়া',	0,	0),
(161,	251,	'',	'সখিপুর',	0,	0),
(162,	251,	'',	'কাচিকাঁটা',	0,	0),
(163,	251,	'',	'উত্তর তারাবুনিয়া',	0,	0),
(164,	251,	'',	'চরভাগা',	0,	0),
(165,	251,	'',	'আরশিনগর',	0,	0),
(166,	251,	'',	'দক্ষিন তারাবুনিয়া',	0,	0),
(167,	251,	'',	'চরসেনসাস',	0,	0),
(168,	248,	'',	'শিধলকুড়া',	0,	0),
(169,	248,	'',	'কনেস্বর',	0,	0),
(170,	248,	'',	'পুর্ব ডামুড্যা',	0,	0),
(171,	248,	'',	'ইসলামপুর',	0,	0),
(172,	248,	'',	'ধানকাটি',	0,	0),
(173,	248,	'',	'সিড্যা',	0,	0),
(174,	248,	'',	'দারুল আমান',	0,	0),
(175,	220,	'',	'সাতগ্রাম',	0,	0),
(176,	220,	'',	'দুপ্তারা',	0,	0),
(177,	220,	'',	'ব্রা‏হ্মন্দী',	0,	0),
(178,	220,	'',	'ফতেপুর',	0,	0),
(179,	220,	'',	'বিশনন্দী',	0,	0),
(180,	220,	'',	'মাহমুদপুর',	0,	0),
(181,	220,	'',	'হাইজাদী',	0,	0),
(182,	220,	'',	'উচিৎপুরা',	0,	0),
(183,	220,	'',	'কালাপাহাড়িয়া',	0,	0),
(184,	220,	'',	'খাগকান্দা',	0,	0),
(185,	223,	'',	'আলিরটেক',	0,	0),
(186,	223,	'',	'কুতুবপুর',	0,	0),
(187,	223,	'',	'বক্তাবলী',	0,	0),
(188,	223,	'',	'এনায়েত নগর',	0,	0),
(189,	224,	'',	'মুড়াপাড়া',	0,	0),
(190,	224,	'',	'ভূলতা',	0,	0),
(191,	224,	'',	'গোলাকান্দাইল',	0,	0),
(192,	224,	'',	'দাউদপুর',	0,	0),
(193,	224,	'',	'রূপগঞ্জ',	0,	0),
(194,	224,	'',	'কায়েতপাড়া',	0,	0),
(195,	224,	'',	'ভোলাব',	0,	0),
(196,	221,	'',	'পিরোজপুর ইউনিয়ন',	0,	0),
(197,	221,	'',	'শম্ভুপুরা ইউনিয়ন',	0,	0),
(198,	221,	'',	'মোগরাপাড়া ইউনিয়ন',	0,	0),
(199,	221,	'',	'বৈদ্যেরবাজার ইউনিয়ন',	0,	0),
(200,	221,	'',	'বারদী ইউনিয়ন',	0,	0),
(201,	221,	'',	'নোয়াগাঁও ইউনিয়ন',	0,	0),
(202,	221,	'',	'জামপুর ইউনিয়ন',	0,	0),
(203,	221,	'',	'সাদীপুর ইউনিয়ন',	0,	0),
(204,	221,	'',	'সনমান্দি ইউনিয়ন',	0,	0),
(205,	221,	'',	'কাচপুর ইউনিয়ন',	0,	0),
(206,	260,	'',	'বাসাইল ইউনিয়ন',	0,	0),
(207,	260,	'',	'কাঞ্চনপুর ইউনিয়ন',	0,	0),
(208,	260,	'',	'হাবলা ইউনিয়ন',	0,	0),
(209,	260,	'',	'কাশিল ইউনিয়ন',	0,	0),
(210,	260,	'',	'ফুলকি ইউনিয়ন',	0,	0),
(211,	260,	'',	'কাউলজানী ইউনিয়ন',	0,	0),
(212,	268,	'',	'অর্জুনা ইউনিয়ন',	0,	0),
(213,	268,	'',	'গাবসারা ইউনিয়ন',	0,	0),
(214,	268,	'',	'ফলদা ইউনিয়ন',	0,	0),
(215,	268,	'',	'গোবিন্দাসী ইউনিয়ন',	0,	0),
(216,	268,	'',	'আলোয়া ইউনিয়ন',	0,	0),
(217,	268,	'',	'নিকরাইল ইউনিয়ন',	0,	0),
(218,	267,	'',	'দেউলী ইউনিয়ন',	0,	0),
(219,	267,	'',	'লাউহাটি ইউনিয়ন',	0,	0),
(220,	267,	'',	'পাথরাইল ইউনিয়ন',	0,	0),
(221,	267,	'',	'দেলদুয়ার ইউনিয়ন',	0,	0),
(222,	267,	'',	'ফাজিলহাটি ইউনিয়ন',	0,	0),
(223,	267,	'',	'এলাসিন ইউনিয়ন',	0,	0),
(224,	267,	'',	'আটিয়া ইউনিয়ন',	0,	0),
(225,	267,	'',	'ডুবাইল ইউনিয়ন',	0,	0),
(226,	262,	'',	'দেউলাবাড়ী ইউনিয়ন',	0,	0),
(227,	262,	'',	'ঘাটাইল ইউনিয়ন',	0,	0),
(228,	262,	'',	'জামুরিয়া ইউনিয়ন',	0,	0),
(229,	262,	'',	'লোকেরপাড়া ইউনিয়ন',	0,	0),
(230,	262,	'',	'আনেহলা ইউনিয়ন',	0,	0),
(231,	262,	'',	'দিঘলকান্দি ইউনিয়ন',	0,	0),
(232,	262,	'',	'দিগড় ইউনিয়ন',	0,	0),
(233,	262,	'',	'দেওপাড়া ইউনিয়ন',	0,	0),
(234,	262,	'',	'সন্ধানপুর ইউনিয়ন',	0,	0),
(235,	262,	'',	'রসুলপুর ইউনিয়ন',	0,	0),
(236,	262,	'',	'ধলাপাড়া ইউনিয়ন',	0,	0),
(237,	266,	'',	'হাদিরা ইউনিয়ন',	0,	0),
(238,	266,	'',	'ঝাওয়াইল ইউনিয়ন',	0,	0),
(239,	266,	'',	'নগদাশিমলা ইউনিয়ন',	0,	0),
(240,	266,	'',	'ধোপাকান্দি ইউনিয়ন',	0,	0),
(241,	266,	'',	'আলমনগর ইউনিয়ন',	0,	0),
(242,	266,	'',	'হেমনগর ইউনিয়ন',	0,	0),
(243,	266,	'',	'মির্জাপুর ইউনিয়ন',	0,	0),
(244,	261,	'',	'আলোকদিয়া ইউনিয়ন',	0,	0),
(245,	261,	'',	'আউশনারা ইউনিয়ন',	0,	0),
(246,	261,	'',	'অরণখোলা ইউনিয়ন',	0,	0),
(247,	261,	'',	'শোলাকুড়ি ইউনিয়ন',	0,	0),
(248,	261,	'',	'গোলাবাড়ী ইউনিয়ন',	0,	0),
(249,	261,	'',	'মির্জাবাড়ী ইউনিয়ন',	0,	0),
(250,	265,	'',	'মহেড়া ইউনিয়ন',	0,	0),
(251,	265,	'',	'জামুর্কী ইউনিয়ন',	0,	0),
(252,	265,	'',	'ফতেপুর ইউনিয়ন',	0,	0),
(253,	265,	'',	'বানাইল ইউনিয়ন',	0,	0),
(254,	265,	'',	'আনাইতারা ইউনিয়ন',	0,	0),
(255,	265,	'',	'ওয়ার্শী ইউনিয়ন',	0,	0),
(256,	265,	'',	'ভাতগ্রাম ইউনিয়ন',	0,	0),
(257,	265,	'',	'বহুরিয়া ইউনিয়ন',	0,	0),
(258,	265,	'',	'গোড়াই ইউনিয়ন',	0,	0),
(259,	265,	'',	'আজগানা ইউনিয়ন',	0,	0),
(260,	265,	'',	'তরফপুর ইউনিয়ন',	0,	0),
(261,	265,	'',	'বাঁশতৈল ইউনিয়ন',	0,	0),
(262,	265,	'',	'ভাওড়া ইউনিয়ন',	0,	0),
(263,	265,	'',	'লতিফপুর ইউনিয়ন',	0,	0),
(264,	264,	'',	'ভারড়া ইউনিয়ন',	0,	0),
(265,	264,	'',	'সহবতপুর ইউনিয়ন',	0,	0),
(266,	264,	'',	'গয়হাটা ইউনিয়ন',	0,	0),
(267,	264,	'',	'সলিমাবাদ ইউনিয়ন',	0,	0),
(268,	264,	'',	'নাগরপুর ইউনিয়ন',	0,	0),
(269,	264,	'',	'মামুদনগর ইউনিয়ন',	0,	0),
(270,	264,	'',	'মোকনা ইউনিয়ন',	0,	0),
(271,	264,	'',	'পাকুটিয়া ইউনিয়ন',	0,	0),
(272,	264,	'',	'বেকরা আটগ্রাম ইউনিয়ন',	0,	0),
(273,	264,	'',	'ধুবড়িয়া ইউনিয়ন',	0,	0),
(274,	264,	'',	'ভাদ্রা ইউনিয়ন',	0,	0),
(275,	264,	'',	'দপ্তিয়র ইউনিয়ন',	0,	0),
(276,	259,	'',	'কাকড়াজান ইউনিয়ন',	0,	0),
(277,	259,	'',	'গজারিয়া ইউনিয়ন',	0,	0),
(278,	259,	'',	'যাদবপুর ইউনিয়ন',	0,	0),
(279,	259,	'',	'হাতীবান্ধা ইউনিয়ন',	0,	0),
(280,	259,	'',	'কালিয়া ইউনিয়ন',	0,	0),
(281,	259,	'',	'দরিয়াপুর ইউনিয়ন',	0,	0),
(282,	259,	'',	'কালমেঘা ইউনিয়ন',	0,	0),
(283,	259,	'',	'বহেড়াতৈল ইউনিয়ন',	0,	0),
(284,	258,	'',	'মগড়া ইউনিয়ন',	0,	0),
(285,	258,	'',	'গালা ইউনিয়ন',	0,	0),
(286,	258,	'',	'ঘারিন্দা ইউনিয়ন',	0,	0),
(287,	258,	'',	'করটিয়া ইউনিয়ন',	0,	0),
(288,	258,	'',	'ছিলিমপুর ইউনিয়ন',	0,	0),
(289,	258,	'',	'পোড়াবাড়ী ইউনিয়ন',	0,	0),
(290,	258,	'',	'দাইন্যা ইউনিয়ন',	0,	0),
(291,	258,	'',	'বাঘিল ইউনিয়ন',	0,	0),
(292,	258,	'',	'কাকুয়া ইউনিয়ন',	0,	0),
(293,	258,	'',	'হুগড়া ইউনিয়ন',	0,	0),
(294,	258,	'',	'কাতুলী ইউনিয়ন',	0,	0),
(295,	258,	'',	'মাহমুদনগর ইউনিয়ন',	0,	0),
(296,	263,	'',	'দুর্গাপুর ইউনিয়ন',	0,	0),
(297,	263,	'',	'বীরবাসিন্দা ইউনিয়ন',	0,	0),
(298,	263,	'',	'নারান্দিয়া ইউনিয়ন',	0,	0),
(299,	263,	'',	'সহদেবপুর ইউনিয়ন',	0,	0),
(300,	263,	'',	'কোকডহরা ইউনিয়ন',	0,	0),
(301,	263,	'',	'বল্লা ইউনিয়ন',	0,	0),
(302,	263,	'',	'সল্লা ইউনিয়ন',	0,	0),
(303,	263,	'',	'নাগবাড়ী ইউনিয়ন',	0,	0),
(304,	263,	'',	'বাংড়া ইউনিয়ন',	0,	0),
(305,	263,	'',	'পাইকড়া ইউনিয়ন',	0,	0),
(306,	263,	'',	'দশকিয়া ইউনিয়ন',	0,	0),
(307,	263,	'',	'পারখী ইউনিয়ন',	0,	0),
(308,	263,	'',	'গোহালিয়াবাড়ী ইউনিয়ন',	0,	0),
(309,	269,	'',	'ধোপাখালী ইউনিয়ন',	0,	0),
(310,	269,	'',	'পাইস্কা ইউনিয়ন',	0,	0),
(311,	269,	'',	'মুশুদ্দি ইউনিয়ন',	0,	0),
(312,	269,	'',	'বলিভদ্র ইউনিয়ন',	0,	0),
(313,	269,	'',	'বীরতারা ইউনিয়ন',	0,	0),
(314,	269,	'',	'বানিয়াজান ইউনিয়ন',	0,	0),
(315,	269,	'',	'যদুনাথপুর ইউনিয়ন',	0,	0),
(316,	182,	'',	'চৌগাংগা',	0,	0),
(317,	182,	'',	'জয়সিদ্ধি',	0,	0),
(318,	182,	'',	'এলংজুরী',	0,	0),
(319,	182,	'',	'বাদলা',	0,	0),
(320,	182,	'',	'বড়িবাড়ি',	0,	0),
(321,	182,	'',	'ইটনা ইউনিয়ন',	0,	0),
(322,	182,	'',	'মৃগা',	0,	0),
(323,	182,	'',	'ধনপুর',	0,	0),
(324,	182,	'',	'রায়টুটি',	0,	0),
(325,	184,	'',	'বনগ্রাম',	0,	0),
(326,	184,	'',	'সহশ্রাম ধুলদিয়া',	0,	0),
(327,	184,	'',	'কারগাঁও',	0,	0),
(328,	184,	'',	'চান্দপুর',	0,	0),
(329,	184,	'',	'মুমুরদিয়া',	0,	0),
(330,	184,	'',	'আচমিতা',	0,	0),
(331,	184,	'',	'মসূয়া',	0,	0),
(332,	184,	'',	'লোহাজুরী',	0,	0),
(333,	184,	'',	'জালালপুর',	0,	0),
(334,	180,	'',	'সাদেকপুর',	0,	0),
(335,	180,	'',	'আগানগর',	0,	0),
(336,	180,	'',	'শিমুলকান্দি',	0,	0),
(337,	180,	'',	'গজারিয়া',	0,	0),
(338,	180,	'',	'কালিকা প্রসাদ',	0,	0),
(339,	180,	'',	'শ্রীনগর',	0,	0),
(340,	180,	'',	'শিবপুর',	0,	0),
(341,	190,	'',	'তালজাঙ্গা',	0,	0),
(342,	190,	'',	'রাউতি',	0,	0),
(343,	190,	'',	'ধলা',	0,	0),
(344,	190,	'',	'জাওয়ার',	0,	0),
(345,	190,	'',	'দামিহা',	0,	0),
(346,	190,	'',	'দিগদাইর',	0,	0),
(347,	190,	'',	'তাড়াইল-সাচাইল',	0,	0),
(348,	181,	'',	'জিনারী',	0,	0),
(349,	181,	'',	'গোবিন্দপুর',	0,	0),
(350,	181,	'',	'সিদলা',	0,	0),
(351,	181,	'',	'আড়াইবাড়িয়া',	0,	0),
(352,	181,	'',	'সাহেদল',	0,	0),
(353,	181,	'',	'পুমদি',	0,	0),
(354,	189,	'',	'জাঙ্গালিয়া',	0,	0),
(355,	189,	'',	'হোসেনদি',	0,	0),
(356,	189,	'',	'নারান্দি',	0,	0),
(357,	189,	'',	'সুখিয়া',	0,	0),
(358,	189,	'',	'পটুয়াভাঙ্গা',	0,	0),
(359,	189,	'',	'চান্দিপাশা',	0,	0),
(360,	189,	'',	'চারফারাদি',	0,	0),
(361,	189,	'',	'বুড়ুদিয়া',	0,	0),
(362,	189,	'',	'ইজারাসিন্দুর',	0,	0),
(363,	189,	'',	'পাকন্দিয়া',	0,	0),
(364,	186,	'',	'রামদী',	0,	0),
(365,	186,	'',	'উছমানপুর',	0,	0),
(366,	186,	'',	'ছয়সূতী',	0,	0),
(367,	186,	'',	'সালুয়া',	0,	0),
(368,	186,	'',	'গোবরিয়া আব্দুল্লাহপুর',	0,	0),
(369,	186,	'',	'ফরিদপুর',	0,	0),
(370,	185,	'',	'রশিদাবাদ',	0,	0),
(371,	185,	'',	'লতিবাবাদ',	0,	0),
(372,	185,	'',	'মাইজখাপন',	0,	0),
(373,	185,	'',	'মহিনন্দ',	0,	0),
(374,	185,	'',	'যশোদল',	0,	0),
(375,	185,	'',	'বৌলাই',	0,	0),
(376,	185,	'',	'বিন্নাটি',	0,	0),
(377,	185,	'',	'মারিয়া',	0,	0),
(378,	185,	'',	'চৌদ্দশত',	0,	0),
(379,	185,	'',	'কর্শাকড়িয়াইল',	0,	0),
(380,	185,	'',	'দানাপাটুলী',	0,	0),
(381,	183,	'',	'কাদিরজঙ্গল',	0,	0),
(382,	183,	'',	'গুজাদিয়া',	0,	0),
(383,	183,	'',	'কিরাটন ইউনিয়ন',	0,	0),
(384,	183,	'',	'বারঘড়িয়া',	0,	0),
(385,	183,	'',	'নিয়ামতপুর',	0,	0),
(386,	183,	'',	'দেহুন্দা',	0,	0),
(387,	183,	'',	'সুতারপাড়া',	0,	0),
(388,	183,	'',	'গুনধর',	0,	0),
(389,	183,	'',	'জয়কা',	0,	0),
(390,	183,	'',	'জাফরাবাদ',	0,	0),
(391,	183,	'',	'নোয়াবাদ',	0,	0),
(392,	179,	'',	'কৈলাগ',	0,	0),
(393,	179,	'',	'পিরিজপুর',	0,	0),
(394,	179,	'',	'গাজীরচর',	0,	0),
(395,	179,	'',	'হিলচিয়া',	0,	0),
(396,	179,	'',	'মাইজচর',	0,	0),
(397,	179,	'',	'হুমাইপর',	0,	0),
(398,	179,	'',	'হালিমপুর',	0,	0),
(399,	179,	'',	'সরারচর',	0,	0),
(400,	179,	'',	'দিলালপুর',	0,	0),
(401,	179,	'',	'দিঘীরপাড়',	0,	0),
(402,	179,	'',	'বলিয়ার্দী',	0,	0),
(403,	178,	'',	'দেওঘর',	0,	0),
(404,	178,	'',	'কাস্তুল',	0,	0),
(405,	178,	'',	'অষ্টগ্রাম সদর',	0,	0),
(406,	178,	'',	'বাঙ্গালপাড়া',	0,	0),
(407,	178,	'',	'কলমা',	0,	0),
(408,	178,	'',	'আদমপুর',	0,	0),
(409,	178,	'',	'খয়েরপুর-আব্দুল্লাপুর',	0,	0),
(410,	178,	'',	'পূর্ব অষ্টগ্রাম',	0,	0),
(411,	187,	'',	'গোপদিঘী',	0,	0),
(412,	187,	'',	'মিঠামইন',	0,	0),
(413,	187,	'',	'ঢাকী',	0,	0),
(414,	187,	'',	'ঘাগড়া',	0,	0),
(415,	187,	'',	'কেওয়ারজোর',	0,	0),
(416,	187,	'',	'কাটখাল',	0,	0),
(417,	187,	'',	'বৈরাটি',	0,	0),
(418,	188,	'',	'ছাতিরচর',	0,	0),
(419,	188,	'',	'গুরই',	0,	0),
(420,	188,	'',	'জারইতলা',	0,	0),
(421,	188,	'',	'নিকলী সদর',	0,	0),
(422,	188,	'',	'কারপাশা',	0,	0),
(423,	188,	'',	'দামপাড়া',	0,	0),
(424,	188,	'',	'সিংপুর',	0,	0),
(425,	199,	'',	'বাল্লা ইউনিয়ন',	0,	0),
(426,	199,	'',	'গালা ইউনিয়ন',	0,	0),
(427,	199,	'',	'চালা ইউনিয়ন',	0,	0),
(428,	199,	'',	'বলড়া',	0,	0),
(429,	199,	'',	'হারুকান্দি',	0,	0),
(430,	199,	'',	'বয়রা',	0,	0),
(431,	199,	'',	'রামকৃঞ্চপুর',	0,	0),
(432,	199,	'',	'গোপীনাথপুর',	0,	0),
(433,	199,	'',	'কাঞ্চনপুর',	0,	0),
(434,	199,	'',	'লেছড়াগঞ্জ',	0,	0),
(435,	199,	'',	'সুতালড়ী',	0,	0),
(436,	199,	'',	'ধূলশুড়া',	0,	0),
(437,	199,	'',	'আজিমনগর',	0,	0),
(438,	198,	'',	'বরাইদ',	0,	0),
(439,	198,	'',	'দিঘুলিয়া',	0,	0),
(440,	198,	'',	'বালিয়াটি',	0,	0),
(441,	198,	'',	'দড়গ্রাম',	0,	0),
(442,	198,	'',	'তিল্লী',	0,	0),
(443,	198,	'',	'হরগজ',	0,	0),
(444,	198,	'',	'সাটুরিয়া',	0,	0),
(445,	198,	'',	'ধানকোড়া',	0,	0),
(446,	198,	'',	'ফুকুরহাটি',	0,	0),
(447,	195,	'',	'বেতিলা-মিতরা ইউনিয়ন',	0,	0),
(448,	195,	'',	'জাগীর ইউনিয়ন',	0,	0),
(449,	195,	'',	'আটিগ্রাম ইউনিয়ন',	0,	0),
(450,	195,	'',	'দিঘী ইউনিয়ন',	0,	0),
(451,	195,	'',	'পুটাইল ইউনিয়ন',	0,	0),
(452,	195,	'',	'হাটিপাড়া ইউনিয়ন',	0,	0),
(453,	195,	'',	'ভাড়ারিয়া ইউনিয়ন',	0,	0),
(454,	195,	'',	'নবগ্রাম ইউনিয়ন',	0,	0),
(455,	195,	'',	'গড়পাড়া ইউনিয়ন',	0,	0),
(456,	195,	'',	'কৃঞ্চপুর ইউনিয়ন',	0,	0),
(457,	200,	'',	'পয়লা ইউনিয়ন',	0,	0),
(458,	200,	'',	'সিংজুড়ী ইউনিয়ন',	0,	0),
(459,	200,	'',	'বালিয়াখোড়া ইউনিয়ন',	0,	0),
(460,	200,	'',	'ঘিওর ইউনিয়ন',	0,	0),
(461,	200,	'',	'বড়টিয়া ইউনিয়ন',	0,	0),
(462,	200,	'',	'বানিয়াজুড়ী',	0,	0),
(463,	200,	'',	'নালী',	0,	0),
(464,	197,	'',	'তেওতা ইউনিয়ন',	0,	0),
(465,	197,	'',	'উথলী ইউনিয়ন',	0,	0),
(466,	197,	'',	'শিবালয় ইউনিয়ন',	0,	0),
(467,	197,	'',	'উলাইল ইউনিয়ন',	0,	0),
(468,	197,	'',	'আরুয়া ইউনিয়ন',	0,	0),
(469,	197,	'',	'মহাদেবপুর',	0,	0),
(470,	197,	'',	'শিমুলিয়া',	0,	0),
(471,	201,	'',	'চরকাটারী',	0,	0),
(472,	201,	'',	'বাচামারা',	0,	0),
(473,	201,	'',	'বাঘুটিয়া',	0,	0),
(474,	201,	'',	'জিয়নপুর',	0,	0),
(475,	201,	'',	'খলশী',	0,	0),
(476,	201,	'',	'চকমিরপুর',	0,	0),
(477,	201,	'',	'কলিয়া',	0,	0),
(478,	201,	'',	'ধামশ্বর',	0,	0),
(479,	196,	'',	'বায়রা',	0,	0),
(480,	196,	'',	'তালেবপুর',	0,	0),
(481,	196,	'',	'সিংগাইর',	0,	0),
(482,	196,	'',	'বলধারা',	0,	0),
(483,	196,	'',	'জামশা',	0,	0),
(484,	196,	'',	'চারিগ্রাম',	0,	0),
(485,	196,	'',	'শায়েস্তা',	0,	0),
(486,	196,	'',	'জয়মন্টপ',	0,	0),
(487,	196,	'',	'ধল্লা',	0,	0),
(488,	196,	'',	'জার্মিতা',	0,	0),
(489,	196,	'',	'চান্দহর',	0,	0),
(490,	149,	'',	'সাভার',	0,	0),
(491,	149,	'',	'বিরুলিয়া',	0,	0),
(492,	149,	'',	'ধামসোনা',	0,	0),
(493,	149,	'',	'শিমুলিয়া',	0,	0),
(494,	149,	'',	'আশুলিয়া',	0,	0),
(495,	149,	'',	'ইয়ারপুর',	0,	0),
(496,	149,	'',	'ভাকুর্তা',	0,	0),
(497,	149,	'',	'পাথালিয়া',	0,	0),
(498,	149,	'',	'বনগাঁও',	0,	0),
(499,	149,	'',	'কাউন্দিয়া',	0,	0),
(500,	149,	'',	'তেঁতুলঝোড়া',	0,	0),
(501,	149,	'',	'আমিনবাজার',	0,	0),
(502,	145,	'',	'চৌহাট ইউনিয়ন',	0,	0),
(503,	145,	'',	'আমতা ইউনিয়ন',	0,	0),
(504,	145,	'',	'বালিয়া ইউনিয়ন',	0,	0),
(505,	145,	'',	'যাদবপুর ইউনিয়ন',	0,	0),
(506,	145,	'',	'বাইশাকান্দা ইউনিয়ন',	0,	0),
(507,	145,	'',	'কুশুরা',	0,	0),
(508,	145,	'',	'গাংগুটিয়া',	0,	0),
(509,	145,	'',	'সানোড়া',	0,	0),
(510,	145,	'',	'সূতিপাড়া',	0,	0),
(511,	145,	'',	'সোমভাগ',	0,	0),
(512,	145,	'',	'ভাড়ারিয়া',	0,	0),
(513,	145,	'',	'ধামরাই',	0,	0),
(514,	145,	'',	'কুল্লা',	0,	0),
(515,	145,	'',	'রোয়াইল',	0,	0),
(516,	145,	'',	'সুয়াপুর',	0,	0),
(517,	145,	'',	'নান্নার',	0,	0),
(518,	147,	'',	'হযরতপুর',	0,	0),
(519,	147,	'',	'কলাতিয়া ইউনিয়ন',	0,	0),
(520,	147,	'',	'তারানগর',	0,	0),
(521,	147,	'',	'শাক্তা',	0,	0),
(522,	147,	'',	'রোহিতপুর',	0,	0),
(523,	147,	'',	'বাস্তা',	0,	0),
(524,	147,	'',	'কালিন্দি',	0,	0),
(525,	147,	'',	'জিনজিরা',	0,	0),
(526,	147,	'',	'শুভাঢ্যা ইউনিয়ন',	0,	0),
(527,	147,	'',	'তেঘরিয়া ইউনিয়ন',	0,	0),
(528,	147,	'',	'কোন্ডা ইউনিয়ন',	0,	0),
(529,	147,	'',	'আগানগর ইউনিয়ন',	0,	0),
(530,	148,	'',	'শিকারীপাড়া ইউনিয়ন',	0,	0),
(531,	148,	'',	'জয়কৃষ্ণপুর ইউনিয়ন',	0,	0),
(532,	148,	'',	'বারুয়াখালী ইউনিয়ন',	0,	0),
(533,	148,	'',	'নয়নশ্রী',	0,	0),
(534,	148,	'',	'শোল্লা ইউনিয়ন',	0,	0),
(535,	148,	'',	'যন্ত্রাইল ইউনিয়ন',	0,	0),
(536,	148,	'',	'বান্দুরা ইউনিয়ন',	0,	0),
(537,	148,	'',	'কলাকোপা ইউনিয়ন',	0,	0),
(538,	148,	'',	'বক্সনগর ইউনিয়ন',	0,	0),
(539,	148,	'',	'বাহ্রা',	0,	0),
(540,	148,	'',	'কৈলাইল',	0,	0),
(541,	148,	'',	'আগলা ইউনিয়ন',	0,	0),
(542,	148,	'',	'গালিমপুর',	0,	0),
(543,	148,	'',	'চুড়াইন',	0,	0),
(544,	146,	'',	'নয়াবাড়ী ইউনিয়ন',	0,	0),
(545,	146,	'',	'কুসুমহাটি ইউনিয়ন',	0,	0),
(546,	146,	'',	'রাইপাড়া ইউনিয়ন',	0,	0),
(547,	146,	'',	'সুতারপাড়া ইউনিয়ন',	0,	0),
(548,	146,	'',	'নারিশা ইউনিয়ন',	0,	0),
(549,	146,	'',	'মুকসুদপুর ইউনিয়ন',	0,	0),
(550,	146,	'',	'মাহমুদপুর ইউনিয়ন',	0,	0),
(551,	146,	'',	'বিলাসপুর ইউনিয়ন',	0,	0),
(552,	204,	'',	'রামপাল',	0,	0),
(553,	204,	'',	'পঞ্চসার',	0,	0),
(554,	204,	'',	'বজ্রযোগিনী',	0,	0),
(555,	204,	'',	'মহাকালী',	0,	0),
(556,	204,	'',	'চরকেওয়ার',	0,	0),
(557,	204,	'',	'মোল্লাকান্দি',	0,	0),
(558,	204,	'',	'আধারা',	0,	0),
(559,	204,	'',	'শিলই',	0,	0),
(560,	204,	'',	'বাংলাবাজার',	0,	0),
(561,	203,	'',	'বাড়েখাল',	0,	0),
(562,	203,	'',	'হাসাড়া',	0,	0),
(563,	203,	'',	'বাড়তারা',	0,	0),
(564,	203,	'',	'ষোলঘর',	0,	0),
(565,	203,	'',	'শ্রীনগর',	0,	0),
(566,	203,	'',	'পাঢাভোগ',	0,	0),
(567,	203,	'',	'শ্যামসিদ্দি',	0,	0),
(568,	203,	'',	'কুলাপাড়া',	0,	0),
(569,	203,	'',	'ভাগ্যকুল',	0,	0),
(570,	203,	'',	'বাঘড়া',	0,	0),
(571,	203,	'',	'রাঢ়ীখাল',	0,	0),
(572,	203,	'',	'কুকুটিয়া',	0,	0),
(573,	203,	'',	'আটপাড়া',	0,	0),
(574,	203,	'',	'তন্তর',	0,	0),
(575,	205,	'',	'চিত্রকোট ইউনিয়ন',	0,	0),
(576,	205,	'',	'শেখরনগার',	0,	0),
(577,	205,	'',	'রাজানগর',	0,	0),
(578,	205,	'',	'কেয়াইন',	0,	0),
(579,	205,	'',	'বাসাইল',	0,	0),
(580,	205,	'',	'বালুচর',	0,	0),
(581,	205,	'',	'লতাব্দী',	0,	0),
(582,	205,	'',	'রশুনিয়া',	0,	0),
(583,	205,	'',	'ইছাপুরা',	0,	0),
(584,	205,	'',	'বয়রাগাদি',	0,	0),
(585,	205,	'',	'মালখানগর',	0,	0),
(586,	205,	'',	'মধ্যপাড়া',	0,	0),
(587,	205,	'',	'কোলা',	0,	0),
(588,	205,	'',	'জৈনসার',	0,	0),
(589,	202,	'',	'মেদিনীমন্ডল',	0,	0),
(590,	202,	'',	'কুমারভোগ',	0,	0),
(591,	202,	'',	'হলদিয়া',	0,	0),
(592,	202,	'',	'কনকসার',	0,	0),
(593,	202,	'',	'লৌহজং-তেওটিয়া',	0,	0),
(594,	202,	'',	'বেজগাঁও',	0,	0),
(595,	202,	'',	'বৌলতলী',	0,	0),
(596,	202,	'',	'খিদিরপাড়া',	0,	0),
(597,	202,	'',	'গাওদিয়া',	0,	0),
(598,	202,	'',	'কলমা',	0,	0),
(599,	207,	'',	'গজারিয়া',	0,	0),
(600,	207,	'',	'বাউশিয়া',	0,	0),
(601,	207,	'',	'ভবেরচর',	0,	0),
(602,	207,	'',	'বালুয়াকান্দী',	0,	0),
(603,	207,	'',	'টেংগারচর',	0,	0),
(604,	207,	'',	'হোসেন্দী',	0,	0),
(605,	207,	'',	'গুয়াগাছিয়া',	0,	0),
(606,	207,	'',	'ইমামপুর',	0,	0),
(607,	206,	'',	'বেতকা',	0,	0),
(608,	206,	'',	'আব্দুল্লাপুর',	0,	0),
(609,	206,	'',	'সোনারং টংগীবাড়ী',	0,	0),
(610,	206,	'',	'আউটশাহী',	0,	0),
(611,	206,	'',	'আড়িয়ল বালিগাঁও',	0,	0),
(612,	206,	'',	'ধীপুর',	0,	0),
(613,	206,	'',	'কাঠাদিয়া শিমুলিয়া',	0,	0),
(614,	206,	'',	'যশলং',	0,	0),
(615,	206,	'',	'পাঁচগাও',	0,	0),
(616,	206,	'',	'কামারখাড়া ইউনিয়ন',	0,	0),
(617,	206,	'',	'হাসাইল বানারী',	0,	0),
(618,	206,	'',	'দিঘীরপাড়',	0,	0),
(619,	246,	'',	'মিজানপুর',	0,	0),
(620,	246,	'',	'বরাট',	0,	0),
(621,	246,	'',	'চন্দনী',	0,	0),
(622,	246,	'',	'খানগঞ্জ',	0,	0),
(623,	246,	'',	'বানীবহ',	0,	0),
(624,	246,	'',	'দাদশী',	0,	0),
(625,	246,	'',	'মুলঘর',	0,	0),
(626,	246,	'',	'বসন্তপুর',	0,	0),
(627,	246,	'',	'খানখানাপুর',	0,	0),
(628,	246,	'',	'আলীপুর',	0,	0),
(629,	246,	'',	'রামকান্তপুর',	0,	0),
(630,	246,	'',	'শহীদওহাবপুর',	0,	0),
(631,	246,	'',	'পাঁচুরিয়া',	0,	0),
(632,	246,	'',	'সুলতানপুর',	0,	0),
(633,	243,	'',	'দৌলতদিয়া',	0,	0),
(634,	243,	'',	'দেবগ্রাম',	0,	0),
(635,	243,	'',	'উজানচর',	0,	0),
(636,	243,	'',	'ছোটভাকলা',	0,	0),
(637,	244,	'',	'বাহাদুরপুর',	0,	0),
(638,	244,	'',	'হাবাসপুর',	0,	0),
(639,	244,	'',	'যশাই',	0,	0),
(640,	244,	'',	'বাবুপাড়া',	0,	0),
(641,	244,	'',	'মৌরাট',	0,	0),
(642,	244,	'',	'পাট্টা',	0,	0),
(643,	244,	'',	'সরিষা',	0,	0),
(644,	244,	'',	'কলিমহর',	0,	0),
(645,	244,	'',	'কসবামাজাইল',	0,	0),
(646,	244,	'',	'মাছপাড়া',	0,	0),
(647,	242,	'',	'ইসলামপুর',	0,	0),
(648,	242,	'',	'বহরপুর',	0,	0),
(649,	242,	'',	'নবাবপুর',	0,	0),
(650,	242,	'',	'নারুয়া',	0,	0),
(651,	242,	'',	'বালিয়াকান্দি',	0,	0),
(652,	242,	'',	'জঙ্গল',	0,	0),
(653,	242,	'',	'জামালপুর',	0,	0),
(654,	245,	'',	'কালুখালী',	0,	0),
(655,	245,	'',	'রতনদিয়া',	0,	0),
(656,	245,	'',	'কালিকাপুর',	0,	0),
(657,	245,	'',	'বোয়ালিয়া',	0,	0),
(658,	245,	'',	'মাজবাড়ী',	0,	0),
(659,	245,	'',	'মদাপুর',	0,	0),
(660,	245,	'',	'সাওরাইল',	0,	0),
(661,	245,	'',	'মৃগী',	0,	0),
(662,	191,	'',	'শিড়খাড়া',	0,	0),
(663,	191,	'',	'বাহাদুরপুর',	0,	0),
(664,	191,	'',	'কুনিয়া',	0,	0),
(665,	191,	'',	'পেয়ারপুর',	0,	0),
(666,	191,	'',	'কেন্দুয়া',	0,	0),
(667,	191,	'',	'মস্তফাপুর',	0,	0),
(668,	191,	'',	'দুধখালী',	0,	0),
(669,	191,	'',	'কালিকাপুর',	0,	0),
(670,	191,	'',	'ছিলারচর',	0,	0),
(671,	191,	'',	'পাঁচখোলা',	0,	0),
(672,	191,	'',	'ঘটমাঝি',	0,	0),
(673,	191,	'',	'ঝাউদী',	0,	0),
(674,	191,	'',	'খোয়াজপুর',	0,	0),
(675,	191,	'',	'রাস্তি',	0,	0),
(676,	191,	'',	'ধুরাইল',	0,	0),
(677,	194,	'',	'শিবচর',	0,	0),
(678,	194,	'',	'দ্বিতীয়খন্ড',	0,	0),
(679,	194,	'',	'নিলখি',	0,	0),
(680,	194,	'',	'বন্দরখোলা',	0,	0),
(681,	194,	'',	'চরজানাজাত',	0,	0),
(682,	194,	'',	'মাদবরেরচর',	0,	0),
(683,	194,	'',	'পাঁচচর',	0,	0),
(684,	194,	'',	'সন্যাসিরচর',	0,	0),
(685,	194,	'',	'কাঁঠালবাড়ী',	0,	0),
(686,	194,	'',	'কুতুবপুর',	0,	0),
(687,	194,	'',	'কাদিরপুর',	0,	0),
(688,	194,	'',	'ভান্ডারীকান্দি',	0,	0),
(689,	194,	'',	'বহেরাতলা দক্ষিণ',	0,	0),
(690,	194,	'',	'বহেরাতলা উত্তর',	0,	0),
(691,	194,	'',	'বাঁশকান্দি',	0,	0),
(692,	194,	'',	'উমেদপুর',	0,	0),
(693,	194,	'',	'ভদ্রাসন',	0,	0),
(694,	194,	'',	'শিরুয়াইল',	0,	0),
(695,	194,	'',	'দত্তপাড়া',	0,	0),
(696,	192,	'',	'আলীনগর',	0,	0),
(697,	192,	'',	'বালীগ্রাম',	0,	0),
(698,	192,	'',	'বাঁশগাড়ী',	0,	0),
(699,	192,	'',	'চরদৌলতখান',	0,	0),
(700,	192,	'',	'ডাসার',	0,	0),
(701,	192,	'',	'এনায়েতনগর',	0,	0),
(702,	192,	'',	'গোপালপুর',	0,	0),
(703,	192,	'',	'কয়ারিয়া',	0,	0),
(704,	192,	'',	'কাজীবাকাই',	0,	0),
(705,	192,	'',	'লক্ষীপুর',	0,	0),
(706,	192,	'',	'নবগ্রাম',	0,	0),
(707,	192,	'',	'রমজানপুর',	0,	0),
(708,	192,	'',	'সাহেবরামপুর',	0,	0),
(709,	192,	'',	'শিকারমঙ্গল',	0,	0),
(710,	193,	'',	'হরিদাসদী-মহেন্দ্রদী',	0,	0),
(711,	193,	'',	'কদমবাড়ী',	0,	0),
(712,	193,	'',	'বাজিতপুর',	0,	0),
(713,	193,	'',	'আমগ্রাম',	0,	0),
(714,	193,	'',	'রাজৈর',	0,	0),
(715,	193,	'',	'খালিয়া',	0,	0),
(716,	193,	'',	'ইশিবপুর',	0,	0),
(717,	193,	'',	'বদরপাশা',	0,	0),
(718,	193,	'',	'কবিরাজপুর',	0,	0),
(719,	193,	'',	'হোসেনপুর',	0,	0),
(720,	193,	'',	'পাইকপাড়া',	0,	0),
(721,	165,	'',	'জালালাবাদ',	0,	0),
(722,	165,	'',	'শুকতাইল',	0,	0),
(723,	165,	'',	'চন্দ্রদিঘলিয়া',	0,	0),
(724,	165,	'',	'গোপীনাথপুর',	0,	0),
(725,	165,	'',	'পাইককান্দি',	0,	0),
(726,	165,	'',	'উরফি',	0,	0),
(727,	165,	'',	'লতিফপুর',	0,	0),
(728,	165,	'',	'সাতপাড় ইউনিয়ন',	0,	0),
(729,	165,	'',	'সাহাপুর',	0,	0),
(730,	165,	'',	'হরিদাসপুর',	0,	0),
(731,	165,	'',	'উলপুর ইউনিয়ন',	0,	0),
(732,	165,	'',	'নিজড়া',	0,	0),
(733,	165,	'',	'করপাড়া ইউনিয়ন',	0,	0),
(734,	165,	'',	'দুর্গাপুর ইউনিয়ন',	0,	0),
(735,	165,	'',	'কাজুলিয়া',	0,	0),
(736,	165,	'',	'মাঝিগাতী',	0,	0),
(737,	165,	'',	'রঘুনাথপুর ইউনিয়ন',	0,	0),
(738,	165,	'',	'গোবরা ইউনিয়ন',	0,	0),
(739,	165,	'',	'বোড়াশী ইউনিয়ন',	0,	0),
(740,	165,	'',	'কাঠি',	0,	0),
(741,	165,	'',	'বৌলতলী',	0,	0),
(742,	166,	'',	'কাশিয়ানী',	0,	0),
(743,	166,	'',	'হাতিয়াড়া',	0,	0),
(744,	166,	'',	'ফুকরা',	0,	0),
(745,	166,	'',	'রাজপাট',	0,	0),
(746,	166,	'',	'বেথুড়ী',	0,	0),
(747,	166,	'',	'নিজামকান্দি',	0,	0),
(748,	166,	'',	'সাজাইল',	0,	0),
(749,	166,	'',	'মাহমুদপুর',	0,	0),
(750,	166,	'',	'মহেশপুর',	0,	0),
(751,	166,	'',	'ওড়াকান্দি',	0,	0),
(752,	166,	'',	'পারুলিয়া',	0,	0),
(753,	166,	'',	'রাতইল',	0,	0),
(754,	166,	'',	'পুইশুর',	0,	0),
(755,	166,	'',	'সিংগা',	0,	0),
(756,	169,	'',	'কুশলী',	0,	0),
(757,	169,	'',	'গোপালপুর',	0,	0),
(758,	169,	'',	'পাটগাতী',	0,	0),
(759,	169,	'',	'বর্ণি',	0,	0),
(760,	169,	'',	'ডুমরিয়া',	0,	0),
(761,	167,	'',	'সাদুল্লাপুর',	0,	0),
(762,	167,	'',	'রামশীল',	0,	0),
(763,	167,	'',	'বান্ধাবাড়ী',	0,	0),
(764,	167,	'',	'কলাবাড়ী',	0,	0),
(765,	167,	'',	'কুশলা',	0,	0),
(766,	167,	'',	'আমতলী',	0,	0),
(767,	167,	'',	'পিঞ্জুরী',	0,	0),
(768,	167,	'',	'ঘাঘর',	0,	0),
(769,	167,	'',	'রাধাগঞ্জ',	0,	0),
(770,	167,	'',	'হিরণ',	0,	0),
(771,	167,	'',	'কান্দি',	0,	0),
(772,	168,	'',	'উজানী',	0,	0),
(773,	168,	'',	'দিগনগর',	0,	0),
(774,	168,	'',	'পশারগাতি',	0,	0),
(775,	168,	'',	'গোবিন্দপুর',	0,	0),
(776,	168,	'',	'খান্দারপাড়া',	0,	0),
(777,	168,	'',	'বহুগ্রাম',	0,	0),
(778,	168,	'',	'বাশঁবাড়িয়া',	0,	0),
(779,	168,	'',	'ভাবড়াশুর',	0,	0),
(780,	168,	'',	'মহারাজপুর',	0,	0),
(781,	168,	'',	'বাটিকামারী',	0,	0),
(782,	168,	'',	'জলিরপাড়',	0,	0),
(783,	168,	'',	'রাঘদী',	0,	0),
(784,	168,	'',	'গোহালা',	0,	0),
(785,	168,	'',	'মোচনা',	0,	0),
(786,	168,	'',	'কাশালিয়া',	0,	0),
(787,	150,	'',	'ঈশানগোপালপুর',	0,	0),
(788,	150,	'',	'চরমাধবদিয়া',	0,	0),
(789,	150,	'',	'আলিয়াবাদ',	0,	0),
(790,	150,	'',	'নর্থচ্যানেল',	0,	0),
(791,	150,	'',	'ডিক্রিরচর',	0,	0),
(792,	150,	'',	'মাচ্চর',	0,	0),
(793,	150,	'',	'কৃষ্ণনগর',	0,	0),
(794,	150,	'',	'অম্বিকাপুর',	0,	0),
(795,	150,	'',	'কানাইপুর',	0,	0),
(796,	150,	'',	'কৈজুরী',	0,	0),
(797,	150,	'',	'গেরদা',	0,	0),
(798,	152,	'',	'বুড়াইচ',	0,	0),
(799,	152,	'',	'আলফাডাঙ্গা',	0,	0),
(800,	152,	'',	'টগরবন্দ',	0,	0),
(801,	152,	'',	'বানা',	0,	0),
(802,	152,	'',	'পাঁচুড়িয়া',	0,	0),
(803,	152,	'',	'গোপালপুর',	0,	0),
(804,	151,	'',	'বোয়ালমারী',	0,	0),
(805,	151,	'',	'দাদপুর',	0,	0),
(806,	151,	'',	'চতুল',	0,	0),
(807,	151,	'',	'ঘোষপুর',	0,	0),
(808,	151,	'',	'গুনবহা',	0,	0),
(809,	151,	'',	'চাঁদপুর',	0,	0),
(810,	151,	'',	'পরমেশ্বরদী',	0,	0),
(811,	151,	'',	'সাতৈর',	0,	0),
(812,	151,	'',	'রূপাপাত',	0,	0),
(813,	151,	'',	'শেখর',	0,	0),
(814,	151,	'',	'ময়না',	0,	0),
(815,	157,	'',	'চর বিষ্ণুপুর',	0,	0),
(816,	157,	'',	'আকোটের চর',	0,	0),
(817,	157,	'',	'চর নাসিরপুর',	0,	0),
(818,	157,	'',	'নারিকেল বাড়িয়া',	0,	0),
(819,	157,	'',	'ভাষানচর',	0,	0),
(820,	157,	'',	'কৃষ্ণপুর',	0,	0),
(821,	157,	'',	'সদরপুর',	0,	0),
(822,	157,	'',	'চর মানাইর',	0,	0),
(823,	157,	'',	'ঢেউখালী',	0,	0),
(824,	155,	'',	'চরযশোরদী',	0,	0),
(825,	155,	'',	'পুরাপাড়া',	0,	0),
(826,	155,	'',	'লস্করদিয়া',	0,	0),
(827,	155,	'',	'রামনগর',	0,	0),
(828,	155,	'',	'কাইচাইল',	0,	0),
(829,	155,	'',	'তালমা',	0,	0),
(830,	155,	'',	'ফুলসুতি',	0,	0),
(831,	155,	'',	'ডাঙ্গী',	0,	0),
(832,	155,	'',	'কোদালিয়া',	0,	0),
(833,	154,	'',	'ঘারুয়া',	0,	0),
(834,	154,	'',	'নুরুল্যাগঞ্জ',	0,	0),
(835,	154,	'',	'মানিকদহ',	0,	0),
(836,	154,	'',	'কাউলিবেড়া',	0,	0),
(837,	154,	'',	'নাছিরাবাদ',	0,	0),
(838,	154,	'',	'তুজারপুর',	0,	0),
(839,	154,	'',	'আলগী',	0,	0),
(840,	154,	'',	'চুমুরদী',	0,	0),
(841,	154,	'',	'কালামৃধা',	0,	0),
(842,	154,	'',	'আজিমনগর',	0,	0),
(843,	154,	'',	'চান্দ্রা',	0,	0),
(844,	154,	'',	'হামিরদী',	0,	0),
(845,	156,	'',	'গাজীরটেক',	0,	0),
(846,	156,	'',	'চর ভদ্রাসন',	0,	0),
(847,	156,	'',	'চর হরিরামপুর',	0,	0),
(848,	156,	'',	'চর ঝাউকান্দা',	0,	0),
(849,	153,	'',	'মধুখালী',	0,	0),
(850,	153,	'',	'জাহাপুর',	0,	0),
(851,	153,	'',	'গাজনা',	0,	0),
(852,	153,	'',	'মেগচামী',	0,	0),
(853,	153,	'',	'রায়পুর',	0,	0),
(854,	153,	'',	'বাগাট',	0,	0),
(855,	153,	'',	'ডুমাইন',	0,	0),
(856,	153,	'',	'নওপাড়া',	0,	0),
(857,	153,	'',	'কামারখালী',	0,	0),
(858,	158,	'',	'ভাওয়াল',	0,	0),
(859,	158,	'',	'আটঘর',	0,	0),
(860,	158,	'',	'মাঝারদিয়া',	0,	0),
(861,	158,	'',	'বল্লভদী',	0,	0),
(862,	158,	'',	'গট্টি',	0,	0),
(863,	158,	'',	'যদুনন্দী',	0,	0),
(864,	158,	'',	'রামকান্তপুর',	0,	0),
(865,	158,	'',	'সোনাপুর',	0,	0),
(866,	88,	'',	'সুবিল',	0,	0),
(867,	88,	'',	'গুনাইঘর (উত্তর)',	0,	0),
(868,	88,	'',	'গুনাইঘর (দক্ষিণ)',	0,	0),
(869,	88,	'',	'বড়শালঘর ইউনিয়ন',	0,	0),
(870,	88,	'',	'রাজামেহার ইউনিয়ন',	0,	0),
(871,	88,	'',	'ইউসুফপুর ইউনিয়ন',	0,	0),
(872,	88,	'',	'রসুলপুর ইউনিয়ন',	0,	0),
(873,	88,	'',	'ফতেহাবাদ ইউনিয়ন',	0,	0),
(874,	88,	'',	'এলাহাবাদ ইউনিয়ন',	0,	0),
(875,	88,	'',	'জাফরগঞ্জ ইউনিয়ন',	0,	0),
(876,	88,	'',	'ধামতী ইউনিয়ন',	0,	0),
(877,	88,	'',	'মোহনপুর',	0,	0),
(878,	88,	'',	'ভানী',	0,	0),
(879,	88,	'',	'বরকামতা',	0,	0),
(880,	88,	'',	'সুলতানপুর ইউনিয়ন',	0,	0),
(881,	82,	'',	'আগানগর',	0,	0),
(882,	82,	'',	'ভবানীপুর',	0,	0),
(883,	82,	'',	'খোশবাস (উ:)',	0,	0),
(884,	82,	'',	'খোশবাস (দ:)',	0,	0),
(885,	82,	'',	'ঝলম',	0,	0),
(886,	82,	'',	'চিতড্ডা',	0,	0),
(887,	82,	'',	'শিলমুড়ি (উ:)',	0,	0),
(888,	82,	'',	'শিলমুড়ি (দ:)',	0,	0),
(889,	82,	'',	'গালিমপুর',	0,	0),
(890,	82,	'',	'শাকপুর',	0,	0),
(891,	82,	'',	'ভাউকসার',	0,	0),
(892,	82,	'',	'আড্ডা',	0,	0),
(893,	82,	'',	'আদ্রা',	0,	0),
(894,	82,	'',	'পয়ালগাছা',	0,	0),
(895,	82,	'',	'লক্ষীপুর',	0,	0),
(896,	83,	'',	'শিদলাই ইউনিয়ন',	0,	0),
(897,	83,	'',	'চান্দলা ইউনিয়ন',	0,	0),
(898,	83,	'',	'শশীদল ইউনিয়ন',	0,	0),
(899,	83,	'',	'দুলালপুর (২) ইউনিয়ন',	0,	0),
(900,	83,	'',	'ব্রাহ্মনপাড়া সদর ইউনিয়ন',	0,	0),
(901,	83,	'',	'সাহেবাবাদ ইউনিয়ন',	0,	0),
(902,	83,	'',	'মালাপাড়া ইউনিয়ন',	0,	0),
(903,	83,	'',	'মাধবপুর',	0,	0),
(904,	85,	'',	'সুহিলপুর',	0,	0),
(905,	85,	'',	'বাতাঘাসি',	0,	0),
(906,	85,	'',	'জোয়াগ',	0,	0),
(907,	85,	'',	'বরকরই',	0,	0),
(908,	85,	'',	'মাধাইয়া',	0,	0),
(909,	85,	'',	'দোল্লাই নবাবপুর',	0,	0),
(910,	85,	'',	'মহিচাইল',	0,	0),
(911,	85,	'',	'গল্লাই',	0,	0),
(912,	85,	'',	'কেরণখাল',	0,	0),
(913,	85,	'',	'মাইজখার',	0,	0),
(914,	85,	'',	'এতবারপুর',	0,	0),
(915,	85,	'',	'বাড়েরা',	0,	0),
(916,	85,	'',	'বরকইট',	0,	0),
(917,	86,	'',	'শ্রীপুর',	0,	0),
(918,	86,	'',	'কাশিনগর',	0,	0),
(919,	86,	'',	'২নং কালিকাপুর',	0,	0),
(920,	86,	'',	'৪নং শুভপুর',	0,	0),
(921,	86,	'',	'৫নং ঘোলপাশা',	0,	0),
(922,	86,	'',	'৬নং মুন্সীরহাট',	0,	0),
(923,	86,	'',	'৭নং বাতিসা',	0,	0),
(924,	86,	'',	'৮নং কনকাপৈত',	0,	0),
(925,	86,	'',	'৯নং চিওড়া',	0,	0),
(926,	86,	'',	'১০ নং জগন্নাথদিঘী',	0,	0),
(927,	86,	'',	'১১ নং গুনবতী',	0,	0),
(928,	86,	'',	'১২নং আলকরা',	0,	0),
(929,	87,	'',	'দৌলতপুর',	0,	0),
(930,	87,	'',	'দাউদকান্দি (উত্তর)',	0,	0),
(931,	87,	'',	'ইলিয়টগঞ্জ (উত্তর)',	0,	0),
(932,	87,	'',	'ইলিয়টগঞ্জ (দক্ষিন)',	0,	0),
(933,	87,	'',	'জিংলাতলী',	0,	0),
(934,	87,	'',	'সুন্দলপুর',	0,	0),
(935,	87,	'',	'গৌরীপুর ইউনিয়ন',	0,	0),
(936,	87,	'',	'মোহাম্মদপুর (পুর্ব) ইউনিয়ন',	0,	0),
(937,	87,	'',	'মোহাম্মদপুর (পশ্চিম) ইউনিয়ন',	0,	0),
(938,	87,	'',	'গোয়ালমারী ইউনিয়ন',	0,	0),
(939,	87,	'',	'মারুকা ইউনিয়ন',	0,	0),
(940,	87,	'',	'বিটেশ্বর ইউনিয়ন',	0,	0),
(941,	87,	'',	'পদুয়া ইউনিয়ন',	0,	0),
(942,	87,	'',	'পাচঁগাছিয়া (পশ্চিম) ইউনিয়ন',	0,	0),
(943,	87,	'',	'বারপাড়া',	0,	0),
(944,	89,	'',	'মাথাভাঙ্গা',	0,	0),
(945,	89,	'',	'ঘাগুটিয়া',	0,	0),
(946,	89,	'',	'আছাদপুর',	0,	0),
(947,	89,	'',	'চান্দেরচর',	0,	0),
(948,	89,	'',	'ভাষানিয়া',	0,	0),
(949,	89,	'',	'নিলখী ইউনিয়ন',	0,	0),
(950,	89,	'',	'ঘারমোড়া ইউনিয়ন',	0,	0),
(951,	89,	'',	'জয়পুর ইউনিয়ন',	0,	0),
(952,	89,	'',	'দুলালপুর',	0,	0),
(953,	91,	'',	'বাকই',	0,	0),
(954,	91,	'',	'মুদাফফর গঞ্জ ইউনিয়ন',	0,	0),
(955,	91,	'',	'কান্দিরপাড় ইউনিয়ন',	0,	0),
(956,	91,	'',	'গোবিন্দপুর ইউনিয়ন (2)',	0,	0),
(957,	91,	'',	'উত্তরদা ইউনিয়ন',	0,	0),
(958,	91,	'',	'লাকসাম পুর্ব ইউনিয়ন',	0,	0),
(959,	91,	'',	'আজগরা ইউনিয়ন',	0,	0),
(960,	94,	'',	'১নং শ্রীকাইল',	0,	0),
(961,	94,	'',	'২নং আকুবপুর',	0,	0),
(962,	94,	'',	'৩নং আন্দিকোট',	0,	0),
(963,	94,	'',	'৪নং পুর্বধৈইর (পুর্ব)',	0,	0),
(964,	94,	'',	'৫নং পুর্বধৈইর (পশ্চিম)',	0,	0),
(965,	94,	'',	'৬নং বাঙ্গরা (পূর্ব)',	0,	0),
(966,	94,	'',	'৭নং বাঙ্গরা (পশ্চিম)',	0,	0),
(967,	94,	'',	'৮নং চাপিতলা',	0,	0),
(968,	94,	'',	'৯নং কামাল্লা',	0,	0),
(969,	94,	'',	'১০নং যাত্রাপুর',	0,	0),
(970,	94,	'',	'রামচন্দ্রপুর উত্তর',	0,	0),
(971,	94,	'',	'রামচন্দ্রপুর দক্ষিন',	0,	0),
(972,	94,	'',	'১১ নং মুরাদনগর সদর',	0,	0),
(973,	94,	'',	'১২নং নবীপুর (পুর্ব)',	0,	0),
(974,	94,	'',	'১৩নং নবীপুর (পশ্চিম)',	0,	0),
(975,	94,	'',	'১৪নং ধামঘর',	0,	0),
(976,	94,	'',	'১৫নং জাহাপুর',	0,	0),
(977,	94,	'',	'১৬নং ছালিয়াকান্দি',	0,	0),
(978,	94,	'',	'১৭নং দারোরা',	0,	0),
(979,	94,	'',	'১৮নং পাহাড়পুর',	0,	0),
(980,	94,	'',	'২১নং বাবুটিপাড়া',	0,	0),
(981,	94,	'',	'২২নং টনকী',	0,	0),
(982,	95,	'',	'বাঙ্গড্ডা',	0,	0),
(983,	95,	'',	'পেরিয়া',	0,	0),
(984,	95,	'',	'রায়কোট',	0,	0),
(985,	95,	'',	'মোকরা',	0,	0),
(986,	95,	'',	'মক্রবপুর',	0,	0),
(987,	95,	'',	'হেসাখাল',	0,	0),
(988,	95,	'',	'আদ্রা',	0,	0),
(989,	95,	'',	'জোড্ডা',	0,	0),
(990,	95,	'',	'ঢালুয়া',	0,	0),
(991,	95,	'',	'দৌলখাঁড়',	0,	0),
(992,	95,	'',	'বক্সগঞ্জ',	0,	0),
(993,	95,	'',	'সাতবাড়ীয়া ইউনিয়ন',	0,	0),
(994,	90,	'',	'কালীর বাজার ইউনিয়ন',	0,	0),
(995,	90,	'',	'দুর্গাপুর (উত্তর) ইউনিয়ন',	0,	0),
(996,	90,	'',	'দুর্গাপুর (দক্ষিন) ইউনিয়ন',	0,	0),
(997,	90,	'',	'আমড়াতলী ইউনিয়ন',	0,	0),
(998,	90,	'',	'পাঁচথুবী ইউনিয়ন',	0,	0),
(999,	90,	'',	'জগন্নাথপুর ইউনিয়ন',	0,	0),
(1000,	93,	'',	'চন্দনপুর',	0,	0),
(1001,	93,	'',	'২নং চালিভাঙ্গা',	0,	0),
(1002,	93,	'',	'৩নং রাধানগর',	0,	0),
(1003,	93,	'',	'৪নং মানিকারচর',	0,	0),
(1004,	93,	'',	'৫নং বড়কান্দা',	0,	0),
(1005,	93,	'',	'৬নং গোবিন্দপুর',	0,	0),
(1006,	93,	'',	'৭নং লুটেরচর',	0,	0),
(1007,	93,	'',	'৮নং ভাওরখোলা',	0,	0),
(1008,	92,	'',	'বাইশগাঁও',	0,	0),
(1009,	92,	'',	'সরসপুর',	0,	0),
(1010,	92,	'',	'হাসনাবাদ',	0,	0),
(1011,	92,	'',	'৪নং ঝলম উত্তর ইউনিয়ন',	0,	0),
(1012,	92,	'',	'৫নং ঝলম দক্ষিন',	0,	0),
(1013,	92,	'',	'মৈশাতুয়া',	0,	0),
(1014,	92,	'',	'লক্ষনপুর',	0,	0),
(1015,	92,	'',	'খিলা ইউনিয়ন',	0,	0),
(1016,	92,	'',	'উত্তর হাওলা',	0,	0),
(1017,	92,	'',	'নাথেরপেটুয়া',	0,	0),
(1018,	92,	'',	'বিপুলাসার',	0,	0),
(1019,	96,	'',	'চৌয়ারা',	0,	0),
(1020,	96,	'',	'বারপাড়া ইউনিয়ন',	0,	0),
(1021,	96,	'',	'জোড়কানন (পুর্ব)',	0,	0),
(1022,	96,	'',	'গলিয়ারা',	0,	0),
(1023,	96,	'',	'জোড়কানন (পশ্চিম)',	0,	0),
(1024,	96,	'',	'বাগমারা (উত্তর)',	0,	0),
(1025,	96,	'',	'বাগমারা (দক্ষিন) ইউনিয়ন',	0,	0),
(1026,	96,	'',	'ভূলইন (উত্তর) ইউনিয়ন',	0,	0),
(1027,	96,	'',	'ভূলইন (দক্ষিন)',	0,	0),
(1028,	96,	'',	'বেলঘর (উত্তর)',	0,	0),
(1029,	96,	'',	'বেলঘর (দক্ষিন)',	0,	0),
(1030,	96,	'',	'পেরুল (উত্তর)',	0,	0),
(1031,	96,	'',	'পেরুল (দক্ষিন)',	0,	0),
(1032,	96,	'',	'বিজয়পুর',	0,	0),
(1033,	97,	'',	'১নং সাতানী',	0,	0),
(1034,	97,	'',	'২নং জগতপুর',	0,	0),
(1035,	97,	'',	'৩নং বলরামপুর',	0,	0),
(1036,	97,	'',	'৪নং কড়িকান্দি',	0,	0),
(1037,	97,	'',	'৫নং কলাকান্দি',	0,	0),
(1038,	97,	'',	'৬নং ভিটিকান্দি',	0,	0),
(1039,	97,	'',	'৭নং নারান্দিয়া',	0,	0),
(1040,	97,	'',	'৮নং জিয়ারকান্দি',	0,	0),
(1041,	97,	'',	'৯নং মজিদপুর',	0,	0),
(1042,	84,	'',	'ময়নামতি',	0,	0),
(1043,	84,	'',	'ভারেল্লা',	0,	0),
(1044,	84,	'',	'মোকাম',	0,	0),
(1045,	84,	'',	'বুড়িচং সদর',	0,	0),
(1046,	84,	'',	'বাকশীমূল',	0,	0),
(1047,	84,	'',	'পীরযাত্রাপুর',	0,	0),
(1048,	84,	'',	'ষোলনল',	0,	0),
(1049,	84,	'',	'রাজাপুর',	0,	0),
(1050,	108,	'',	'মহামায়া',	0,	0),
(1051,	108,	'',	'পাঠাননগর',	0,	0),
(1052,	108,	'',	'শুভপুর',	0,	0),
(1053,	108,	'',	'রাধানগর',	0,	0),
(1054,	108,	'',	'ঘোপাল',	0,	0),
(1055,	107,	'',	'শর্শদি',	0,	0),
(1056,	107,	'',	'পাঁচগাছিয়া',	0,	0),
(1057,	107,	'',	'ধর্মপুর',	0,	0),
(1058,	107,	'',	'কাজিরবাগ',	0,	0),
(1059,	107,	'',	'কালিদহ',	0,	0),
(1060,	107,	'',	'বালিগাঁও',	0,	0),
(1061,	107,	'',	'ধলিয়া',	0,	0),
(1062,	107,	'',	'লেমুয়া',	0,	0),
(1063,	107,	'',	'ছনুয়া',	0,	0),
(1064,	107,	'',	'মোটবী',	0,	0),
(1065,	107,	'',	'ফাজিলপুর',	0,	0),
(1066,	107,	'',	'ফরহাদনগর',	0,	0),
(1067,	112,	'',	'চরমজলিশপুর',	0,	0),
(1068,	112,	'',	'বগাদানা',	0,	0),
(1069,	112,	'',	'মতিগঞ্জ',	0,	0),
(1070,	112,	'',	'মঙ্গলকান্দি',	0,	0),
(1071,	112,	'',	'চরদরবেশ',	0,	0),
(1072,	112,	'',	'চরচান্দিয়া',	0,	0),
(1073,	112,	'',	'সোনাগাজী',	0,	0),
(1074,	112,	'',	'আমিরাবাদ',	0,	0),
(1075,	112,	'',	'নবাবপুর',	0,	0),
(1076,	111,	'',	'ফুলগাজী',	0,	0),
(1077,	111,	'',	'মুন্সিরহাট',	0,	0),
(1078,	111,	'',	'দরবারপুর',	0,	0),
(1079,	111,	'',	'আনন্দপুর',	0,	0),
(1080,	111,	'',	'আমজাদহাট',	0,	0),
(1081,	111,	'',	'জি',	0,	0),
(1082,	111,	'',	'এম',	0,	0),
(1083,	111,	'',	'হাট',	0,	0),
(1084,	110,	'',	'মির্জানগর',	0,	0),
(1085,	110,	'',	'চিথলিয়া',	0,	0),
(1086,	110,	'',	'বক্সমাহমুদ',	0,	0),
(1087,	109,	'',	'সিন্দুরপুর',	0,	0),
(1088,	109,	'',	'রাজাপুর',	0,	0),
(1089,	109,	'',	'পূর্বচন্দ্রপুর',	0,	0),
(1090,	109,	'',	'রামনগর',	0,	0),
(1091,	109,	'',	'ইয়াকুবপুর',	0,	0),
(1092,	109,	'',	'দাগনভূঞা',	0,	0),
(1093,	109,	'',	'মাতুভূঞা',	0,	0),
(1094,	109,	'',	'জায়লস্কর',	0,	0),
(1095,	50,	'',	'বাসুদেব',	0,	0),
(1096,	50,	'',	'মাছিহাতা',	0,	0),
(1097,	50,	'',	'সুলতানপুর',	0,	0),
(1098,	50,	'',	'রামরাইল ইউনিয়ন',	0,	0),
(1099,	50,	'',	'সাদেকপুর ইউনিয়ন',	0,	0),
(1100,	50,	'',	'তালশহর',	0,	0),
(1101,	50,	'',	'নাটাই (দঃ) ইউনিয়ন',	0,	0),
(1102,	50,	'',	'নাটাই',	0,	0),
(1103,	50,	'',	'সুহিলপুর',	0,	0),
(1104,	50,	'',	'বুধল',	0,	0),
(1105,	50,	'',	'মজলিশপুর',	0,	0),
(1106,	56,	'',	'মূলগ্রাম',	0,	0),
(1107,	56,	'',	'মেহারী',	0,	0),
(1108,	56,	'',	'বাদৈর',	0,	0),
(1109,	56,	'',	'খাড়েরা',	0,	0),
(1110,	56,	'',	'বিনাউটি',	0,	0),
(1111,	56,	'',	'গোপীনাথপুর',	0,	0),
(1112,	56,	'',	'কসবা(পঃ)',	0,	0),
(1113,	56,	'',	'কুটি',	0,	0),
(1114,	56,	'',	'কাইমপুর',	0,	0),
(1115,	56,	'',	'বায়েক',	0,	0),
(1116,	52,	'',	'চাতলপাড়',	0,	0),
(1117,	52,	'',	'ভলাকুট',	0,	0),
(1118,	52,	'',	'কুন্ডা',	0,	0),
(1119,	52,	'',	'গোয়ালনগর ইউনিয়ন',	0,	0),
(1120,	52,	'',	'নাসিরনগর',	0,	0),
(1121,	52,	'',	'বুড়িশ্বর',	0,	0),
(1122,	52,	'',	'ফান্দাউক',	0,	0),
(1123,	52,	'',	'গুনিয়াউক',	0,	0),
(1124,	52,	'',	'চাপৈরতলা',	0,	0),
(1125,	52,	'',	'ধরমন্ডল',	0,	0),
(1126,	52,	'',	'হরিপুর',	0,	0),
(1127,	52,	'',	'পূর্বভাগ',	0,	0),
(1128,	52,	'',	'গোকর্ণ',	0,	0),
(1129,	54,	'',	'অরুয়াইল',	0,	0),
(1130,	54,	'',	'পাকশিমুল',	0,	0),
(1131,	54,	'',	'চুন্টা',	0,	0),
(1132,	54,	'',	'কালীকচ্ছ',	0,	0),
(1133,	54,	'',	'পানিশ্বর ইউনিয়ন',	0,	0),
(1134,	54,	'',	'সরাইল সদর',	0,	0),
(1135,	54,	'',	'নোয়াগাঁও',	0,	0),
(1136,	54,	'',	'শাহজাদাপুর',	0,	0),
(1137,	54,	'',	'শাহবাজপুর',	0,	0),
(1138,	51,	'',	'আশুগঞ্জ সদর',	0,	0),
(1139,	51,	'',	'চরচারতলা',	0,	0),
(1140,	51,	'',	'দুর্গাপুর',	0,	0),
(1141,	51,	'',	'আড়াইসিধা',	0,	0),
(1142,	51,	'',	'তালশহর(পঃ)',	0,	0),
(1143,	51,	'',	'শরীফপুর',	0,	0),
(1144,	51,	'',	'লালপুর',	0,	0),
(1145,	51,	'',	'তারুয়া',	0,	0),
(1146,	57,	'',	'মনিয়ন্দ',	0,	0),
(1147,	57,	'',	'ধরখার',	0,	0),
(1148,	57,	'',	'মোগড়া',	0,	0),
(1149,	57,	'',	'আখাউড়া (উঃ)',	0,	0),
(1150,	57,	'',	'আখাউড়া (দঃ)',	0,	0),
(1151,	53,	'',	'বড়াইল',	0,	0),
(1152,	53,	'',	'বীরগাঁও',	0,	0),
(1153,	53,	'',	'কৃষ্ণনগর',	0,	0),
(1154,	53,	'',	'নাটঘর',	0,	0),
(1155,	53,	'',	'বিদ্যাকুট',	0,	0),
(1156,	53,	'',	'নবীনগর',	0,	0),
(1157,	53,	'',	'নবীনগর(পশ্চিম)',	0,	0),
(1158,	53,	'',	'বিটঘর',	0,	0),
(1159,	53,	'',	'শিবপুর',	0,	0),
(1160,	53,	'',	'শ্রীরামপুর',	0,	0),
(1161,	53,	'',	'জিনোদপুর',	0,	0),
(1162,	53,	'',	'লাউরফতেপুর',	0,	0),
(1163,	53,	'',	'ইব্রাহিমপুর',	0,	0),
(1164,	53,	'',	'সাতমোড়া',	0,	0),
(1165,	53,	'',	'শ্যামগ্রাম',	0,	0),
(1166,	53,	'',	'রসুল্লাবাদ',	0,	0),
(1167,	53,	'',	'বড়িকান্দি',	0,	0),
(1168,	53,	'',	'ছলিমগঞ্জ',	0,	0),
(1169,	53,	'',	'রতনপুর',	0,	0),
(1170,	53,	'',	'কাইতলা (উঃ)',	0,	0),
(1171,	53,	'',	'কাইতলা',	0,	0),
(1172,	58,	'',	'তেজখালী',	0,	0),
(1173,	58,	'',	'পাহাড়িয়া কান্দি',	0,	0),
(1174,	58,	'',	'দরিয়াদৌলত',	0,	0),
(1175,	58,	'',	'সোনারামপুর',	0,	0),
(1176,	58,	'',	'দড়িকান্দি',	0,	0),
(1177,	58,	'',	'ছয়ফুল্লাকান্দি',	0,	0),
(1178,	58,	'',	'বাঞ্ছারামপুর',	0,	0),
(1179,	58,	'',	'আইয়ুবপুর',	0,	0),
(1180,	58,	'',	'ফরদাবাদ',	0,	0),
(1181,	58,	'',	'রুপসদী পশ্চিম',	0,	0),
(1182,	58,	'',	'ছলিমাবাদ',	0,	0),
(1183,	58,	'',	'উজানচর পূর্ব',	0,	0),
(1184,	58,	'',	'মানিকপুর',	0,	0),
(1185,	59,	'',	'বুধন্তি',	0,	0),
(1186,	59,	'',	'চান্দুরা',	0,	0),
(1187,	59,	'',	'ইছাপুরা',	0,	0),
(1188,	59,	'',	'চম্পকনগর',	0,	0),
(1189,	59,	'',	'হরষপুর',	0,	0),
(1190,	59,	'',	'পত্তন',	0,	0),
(1191,	59,	'',	'সিংগারবিল',	0,	0),
(1192,	59,	'',	'বিষ্ণুপুর',	0,	0),
(1193,	59,	'',	'চর-ইসলামপুর',	0,	0),
(1194,	59,	'',	'পাহাড়পুর',	0,	0),
(1195,	135,	'',	'১ নং জীবতলি',	0,	0),
(1196,	135,	'',	'৩ নং সাপছড়ি',	0,	0),
(1197,	135,	'',	'৪ নং কুতুকছড়ি',	0,	0),
(1198,	135,	'',	'৫ নং বন্দুকভাঙ্গা',	0,	0),
(1199,	135,	'',	'৬ নং বালুখালী',	0,	0),
(1200,	135,	'',	'২ নং মগবান',	0,	0),
(1201,	141,	'',	'২ নং রাইখালী',	0,	0),
(1202,	141,	'',	'৪ নং কাপ্তাই',	0,	0),
(1203,	141,	'',	'৫ নং ওয়াজ্ঞা',	0,	0),
(1204,	141,	'',	'১ নং চন্দ্রঘোনা',	0,	0),
(1205,	141,	'',	'৩ নং চিৎমরম',	0,	0),
(1206,	144,	'',	'৩ নং ঘাগড়া',	0,	0),
(1207,	144,	'',	'২ নং ফটিকছড়ি',	0,	0),
(1208,	144,	'',	'১ নং বেতবুনিয়া',	0,	0),
(1209,	144,	'',	'৪ নং কলমপতি',	0,	0),
(1210,	137,	'',	'৩৬ নং সাজেক',	0,	0),
(1211,	137,	'',	'৩৭ নং আমতলী',	0,	0),
(1212,	137,	'',	'৩৫ নং বঙ্গলতলী',	0,	0),
(1213,	137,	'',	'৩৪ নং রুপকারী',	0,	0),
(1214,	137,	'',	'৩৩ নং মারিশ্যা',	0,	0),
(1215,	137,	'',	'৩১ নং খেদারমারা',	0,	0),
(1216,	137,	'',	'৩০ নং সারোয়াতলী',	0,	0),
(1217,	137,	'',	'৩২ নং বাঘাইছড়ি',	0,	0),
(1218,	138,	'',	'১ নং সুবলং',	0,	0),
(1219,	138,	'',	'২ নং বরকল',	0,	0),
(1220,	138,	'',	'৪ নং ভূষনছড়া',	0,	0),
(1221,	138,	'',	'৩ নং আইমাছড়া',	0,	0),
(1222,	138,	'',	'৫ নং বড় হরিণা',	0,	0),
(1223,	142,	'',	'লংগদু',	0,	0),
(1224,	142,	'',	'মাইনীমুখ',	0,	0),
(1225,	142,	'',	'ভাসান্যাদম',	0,	0),
(1226,	142,	'',	'বগাচতর',	0,	0),
(1227,	142,	'',	'গুলশাখালী',	0,	0),
(1228,	142,	'',	'কালাপাকুজ্যা',	0,	0),
(1229,	142,	'',	'আটারকছড়া',	0,	0),
(1230,	140,	'',	'১ নং ঘিলাছড়ি',	0,	0),
(1231,	140,	'',	'২ নং গাইন্দ্যা',	0,	0),
(1232,	140,	'',	'৩ নং বাঙ্গালহালিয়া',	0,	0),
(1233,	136,	'',	'২ নং কেংড়াছড়ি',	0,	0),
(1234,	136,	'',	'১ নং বিলাইছড়ি',	0,	0),
(1235,	136,	'',	'৩ নং ফারুয়া',	0,	0),
(1236,	139,	'',	'জুরাছড়ি',	0,	0),
(1237,	139,	'',	'বনযোগীছড়া',	0,	0),
(1238,	139,	'',	'মৈদং',	0,	0),
(1239,	139,	'',	'দুমদুম্যা',	0,	0),
(1240,	143,	'',	'সাবেক্ষ্যং',	0,	0),
(1241,	143,	'',	'নানিয়ারচর',	0,	0),
(1242,	143,	'',	'বুড়িঘাট',	0,	0),
(1243,	143,	'',	'ঘিলাছড়ি',	0,	0),
(1244,	126,	'',	'চরমটুয়া',	0,	0),
(1245,	126,	'',	'দাদপুর',	0,	0),
(1246,	126,	'',	'নোয়ান্নই',	0,	0),
(1247,	126,	'',	'কাদির হানিফ',	0,	0),
(1248,	126,	'',	'বিনোদপুর',	0,	0),
(1249,	126,	'',	'ধর্মপুর',	0,	0),
(1250,	126,	'',	'এওজবালিয়া',	0,	0),
(1251,	126,	'',	'কালাদরপ',	0,	0),
(1252,	126,	'',	'অশ্বদিয়া',	0,	0),
(1253,	126,	'',	'নিয়াজপুর',	0,	0),
(1254,	126,	'',	'পূর্ব চরমটুয়া',	0,	0),
(1255,	126,	'',	'আন্ডারচর',	0,	0),
(1256,	126,	'',	'নোয়াখালী',	0,	0),
(1257,	129,	'',	'সিরাজপুর',	0,	0),
(1258,	129,	'',	'চরপার্বতী',	0,	0),
(1259,	129,	'',	'চরহাজারী',	0,	0),
(1260,	129,	'',	'চরকাঁকড়া',	0,	0),
(1261,	129,	'',	'চরফকিরা',	0,	0),
(1262,	129,	'',	'মুসাপুর',	0,	0),
(1263,	129,	'',	'চরএলাহী',	0,	0),
(1264,	129,	'',	'রামপুর',	0,	0),
(1265,	127,	'',	'আমানউল্ল্যাপুর',	0,	0),
(1266,	127,	'',	'গোপালপুর',	0,	0),
(1267,	127,	'',	'জিরতলী',	0,	0),
(1268,	127,	'',	'কুতবপুর',	0,	0),
(1269,	127,	'',	'আলাইয়ারপুর',	0,	0),
(1270,	127,	'',	'ছয়ানী',	0,	0),
(1271,	127,	'',	'রাজগঞ্জ',	0,	0),
(1272,	127,	'',	'একলাশপুর',	0,	0),
(1273,	127,	'',	'বেগমগঞ্জ',	0,	0),
(1274,	127,	'',	'মিরওয়ারিশপুর',	0,	0),
(1275,	127,	'',	'নরোত্তমপুর',	0,	0),
(1276,	127,	'',	'দূর্গাপুর',	0,	0),
(1277,	127,	'',	'রসুলপুর',	0,	0),
(1278,	127,	'',	'হাজীপুর',	0,	0),
(1279,	127,	'',	'শরীফপুর',	0,	0),
(1280,	127,	'',	'কাদিরপুর',	0,	0),
(1281,	131,	'',	'সুখচর',	0,	0),
(1282,	131,	'',	'নলচিরা',	0,	0),
(1283,	131,	'',	'চরঈশ্বর',	0,	0),
(1284,	131,	'',	'চরকিং',	0,	0),
(1285,	131,	'',	'তমরদ্দি',	0,	0),
(1286,	131,	'',	'সোনাদিয়া',	0,	0),
(1287,	131,	'',	'বুড়িরচর',	0,	0),
(1288,	131,	'',	'জাহাজমারা',	0,	0),
(1289,	131,	'',	'নিঝুমদ্বীপ',	0,	0),
(1290,	134,	'',	'চরজাব্বার',	0,	0),
(1291,	134,	'',	'চরবাটা',	0,	0),
(1292,	134,	'',	'চরক্লার্ক',	0,	0),
(1293,	134,	'',	'চরওয়াপদা',	0,	0),
(1294,	134,	'',	'চরজুবলী',	0,	0),
(1295,	134,	'',	'চরআমান',	0,	0),
(1296,	134,	'',	'পূর্ব চরবাটা',	0,	0),
(1297,	134,	'',	'মোহাম্মদপুর',	0,	0),
(1298,	132,	'',	'নরোত্তমপুর',	0,	0),
(1299,	132,	'',	'ধানসিঁড়ি',	0,	0),
(1300,	132,	'',	'সুন্দলপুর',	0,	0),
(1301,	132,	'',	'ঘোষবাগ',	0,	0),
(1302,	132,	'',	'চাপরাশিরহাট',	0,	0),
(1303,	132,	'',	'ধানশালিক',	0,	0),
(1304,	132,	'',	'বাটইয়া',	0,	0),
(1305,	130,	'',	'ছাতারপাইয়া',	0,	0),
(1306,	130,	'',	'কেশরপাড়া',	0,	0),
(1307,	130,	'',	'ডুমুরুয়া',	0,	0),
(1308,	130,	'',	'কাদরা',	0,	0),
(1309,	130,	'',	'অর্জুনতলা',	0,	0),
(1310,	130,	'',	'কাবিলপুর',	0,	0),
(1311,	130,	'',	'মোহাম্মদপুর',	0,	0),
(1312,	130,	'',	'নবীপুর',	0,	0),
(1313,	130,	'',	'বিজবাগ',	0,	0),
(1314,	128,	'',	'সাহাপুর',	0,	0),
(1315,	128,	'',	'রামনারায়নপুর',	0,	0),
(1316,	128,	'',	'পরকোট',	0,	0),
(1317,	128,	'',	'বাদলকোট',	0,	0),
(1318,	128,	'',	'পাঁচগাঁও',	0,	0),
(1319,	128,	'',	'হাট-পুকুরিয়া',	0,	0),
(1320,	128,	'',	'নোয়াখলা',	0,	0),
(1321,	128,	'',	'খিলপাড়া',	0,	0),
(1322,	128,	'',	'মোহাম্মদপুর',	0,	0),
(1323,	133,	'',	'জয়াগ',	0,	0),
(1324,	133,	'',	'নদনা',	0,	0),
(1325,	133,	'',	'চাষীরহাট',	0,	0),
(1326,	133,	'',	'বারগাঁও',	0,	0),
(1327,	133,	'',	'অম্বরনগর',	0,	0),
(1328,	133,	'',	'নাটেশ্বর',	0,	0),
(1329,	133,	'',	'বজরা',	0,	0),
(1330,	133,	'',	'সোনাপুর',	0,	0),
(1331,	133,	'',	'দেওটি',	0,	0),
(1332,	133,	'',	'আমিশাপাড়া',	0,	0),
(1333,	62,	'',	'গাজীপুর',	0,	0),
(1334,	62,	'',	'আলগী দুর্গাপুর',	0,	0),
(1335,	62,	'',	'আলগী দুর্গাপুরদক্ষিণ',	0,	0),
(1336,	62,	'',	'নীলকমল',	0,	0),
(1337,	62,	'',	'হাইমচর',	0,	0),
(1338,	64,	'',	'পাথৈর',	0,	0),
(1339,	64,	'',	'বিতারা',	0,	0),
(1340,	64,	'',	'সহদেবপুর',	0,	0),
(1341,	64,	'',	'সহদেবপুর',	0,	0),
(1342,	64,	'',	'কচুয়া',	0,	0),
(1343,	64,	'',	'কচুয়া',	0,	0),
(1344,	64,	'',	'গোহাট',	0,	0),
(1345,	64,	'',	'গোহাট',	0,	0),
(1346,	64,	'',	'সাচার',	0,	0),
(1347,	67,	'',	'টামটা দক্ষিণ',	0,	0),
(1348,	67,	'',	'টামটা উত্তর',	0,	0),
(1349,	67,	'',	'মেহের',	0,	0),
(1350,	67,	'',	'মেহের',	0,	0),
(1351,	67,	'',	'সুচিপাড়া',	0,	0),
(1352,	67,	'',	'সুচিপাড়া',	0,	0),
(1353,	67,	'',	'চিতষী',	0,	0),
(1354,	67,	'',	'রায়শ্রী',	0,	0),
(1355,	67,	'',	'রায়শ্রী',	0,	0),
(1356,	67,	'',	'চিতষী',	0,	0),
(1357,	60,	'',	'বিষ্ণপুর',	0,	0),
(1358,	60,	'',	'আশিকাটি',	0,	0),
(1359,	60,	'',	'শাহ্‌',	0,	0),
(1360,	60,	'',	'কল্যাণপুর',	0,	0),
(1361,	60,	'',	'রামপুর',	0,	0),
(1362,	60,	'',	'মৈশাদী',	0,	0),
(1363,	60,	'',	'তরপুচন্ডী',	0,	0),
(1364,	60,	'',	'বাগাদী',	0,	0),
(1365,	60,	'',	'লক্ষীপুর মডেল',	0,	0),
(1366,	60,	'',	'হানারচর',	0,	0),
(1367,	60,	'',	'চান্দ্রা',	0,	0),
(1368,	60,	'',	'রাজরাজেশ্বর',	0,	0),
(1369,	60,	'',	'ইব্রাহীমপুর',	0,	0),
(1370,	60,	'',	'বালিয়া',	0,	0),
(1371,	66,	'',	'নায়েরগাঁও উত্তর',	0,	0),
(1372,	66,	'',	'নায়েরগাঁও দক্ষিন',	0,	0),
(1373,	66,	'',	'খাদেরগাঁও',	0,	0),
(1374,	66,	'',	'নারায়নপুর',	0,	0),
(1375,	66,	'',	'উপাদী',	0,	0),
(1376,	66,	'',	'উপাদী',	0,	0),
(1377,	63,	'',	'রাজারগাঁও',	0,	0),
(1378,	63,	'',	'বাকিলা',	0,	0),
(1379,	63,	'',	'কালচোঁ উত্তর',	0,	0),
(1380,	63,	'',	'হাজীগঞ্জ সদর',	0,	0),
(1381,	63,	'',	'কালচোঁ',	0,	0),
(1382,	63,	'',	'বড়কুল',	0,	0),
(1383,	63,	'',	'বড়কুল',	0,	0),
(1384,	63,	'',	'হাটিলা',	0,	0),
(1385,	63,	'',	'হাটিলা',	0,	0),
(1386,	63,	'',	'গন্ধর্ব্যপুর',	0,	0),
(1387,	63,	'',	'গন্ধর্ব্যপুর',	0,	0),
(1388,	65,	'',	'ফতেহপুর',	0,	0),
(1389,	65,	'',	'ফতেহপুর',	0,	0),
(1390,	61,	'',	'বালিথুবা পশ্চিম ইউনিয়ন',	0,	0),
(1391,	61,	'',	'বালিথুবা পূর্ব ইউনিয়ন',	0,	0),
(1392,	61,	'',	'সুবিদপুর',	0,	0),
(1393,	61,	'',	'সুবিদপুর',	0,	0),
(1394,	61,	'',	'গুপ্তি',	0,	0),
(1395,	61,	'',	'গুপ্তি',	0,	0),
(1396,	61,	'',	'পাইকপাড়া',	0,	0),
(1397,	61,	'',	'পাইকপাড়া',	0,	0),
(1398,	61,	'',	'গবিন্দপুর',	0,	0),
(1399,	61,	'',	'গবিন্দপুর',	0,	0),
(1400,	61,	'',	'চরদুখিয়া',	0,	0),
(1401,	61,	'',	'চরদুঃখিয়া',	0,	0),
(1402,	61,	'',	'ফরিদ্গঞ্জ দক্ষিণ',	0,	0),
(1403,	61,	'',	'রুপসা',	0,	0),
(1404,	61,	'',	'রুপসা',	0,	0),
(1405,	121,	'',	'উত্তর হামছাদী',	0,	0),
(1406,	121,	'',	'দক্ষিন হামছাদী',	0,	0),
(1407,	121,	'',	'দালাল বাজার',	0,	0),
(1408,	121,	'',	'চররুহিতা',	0,	0),
(1409,	121,	'',	'পার্বতীনগর',	0,	0),
(1410,	121,	'',	'বাঙ্গাখাঁ',	0,	0),
(1411,	121,	'',	'দত্তপাড়া',	0,	0),
(1412,	121,	'',	'বশিকপুর',	0,	0),
(1413,	121,	'',	'চন্দ্রগঞ্জ',	0,	0),
(1414,	121,	'',	'উত্তর জয়পুর',	0,	0),
(1415,	121,	'',	'হাজিরপাড়া',	0,	0),
(1416,	121,	'',	'চরশাহী',	0,	0),
(1417,	121,	'',	'দিঘলী',	0,	0),
(1418,	121,	'',	'লাহারকান্দি',	0,	0),
(1419,	121,	'',	'ভবানীগঞ্জ',	0,	0),
(1420,	121,	'',	'কুশাখালী',	0,	0),
(1421,	121,	'',	'শাকচর',	0,	0),
(1422,	121,	'',	'তেয়ারীগঞ্জ',	0,	0),
(1423,	121,	'',	'টুমচর',	0,	0),
(1424,	121,	'',	'চররমনী মোহন',	0,	0),
(1425,	125,	'',	'চর কালকিনি',	0,	0),
(1426,	125,	'',	'সাহেবেরহাট',	0,	0),
(1427,	125,	'',	'চর মার্টিন',	0,	0),
(1428,	125,	'',	'চর ফলকন',	0,	0),
(1429,	125,	'',	'পাটারীরহাট',	0,	0),
(1430,	125,	'',	'হাজিরহাট',	0,	0),
(1431,	125,	'',	'চর কাদিরা',	0,	0),
(1432,	125,	'',	'তোরাবগঞ্জ',	0,	0),
(1433,	125,	'',	'চর লরেঞ্চ',	0,	0),
(1434,	122,	'',	'উত্তর চর আবাবিল',	0,	0),
(1435,	122,	'',	'উত্তর চর বংশী',	0,	0),
(1436,	122,	'',	'চর মোহনা',	0,	0),
(1437,	122,	'',	'সোনাপুর',	0,	0),
(1438,	122,	'',	'চর পাতা',	0,	0),
(1439,	122,	'',	'বামনী',	0,	0),
(1440,	122,	'',	'দক্ষিন চর বংশী',	0,	0),
(1441,	122,	'',	'দক্ষিন চর আবাবিল',	0,	0),
(1442,	122,	'',	'রায়পুর',	0,	0),
(1443,	122,	'',	'কেরোয়া',	0,	0),
(1444,	124,	'',	'চর পোড়াগাছা',	0,	0),
(1445,	124,	'',	'চর বাদাম',	0,	0),
(1446,	124,	'',	'চর আবদুল্যাহ',	0,	0),
(1447,	124,	'',	'আলেকজান্ডার',	0,	0),
(1448,	124,	'',	'চর আলগী',	0,	0),
(1449,	124,	'',	'চর রমিজ',	0,	0),
(1450,	124,	'',	'বড়খেড়ী',	0,	0),
(1451,	124,	'',	'চরগাজী',	0,	0),
(1452,	123,	'',	'কাঞ্চনপুর',	0,	0),
(1453,	123,	'',	'নোয়াগাঁও ইউনিয়ন',	0,	0),
(1454,	123,	'',	'ভাদুর',	0,	0),
(1455,	123,	'',	'ইছাপুর',	0,	0),
(1456,	123,	'',	'চন্ডিপুর',	0,	0),
(1457,	123,	'',	'লামচর',	0,	0),
(1458,	123,	'',	'দরবেশপুর',	0,	0),
(1459,	123,	'',	'করপাড়া',	0,	0),
(1460,	123,	'',	'ভোলাকোট',	0,	0),
(1461,	123,	'',	'ভাটরা',	0,	0),
(1462,	77,	'',	'রাজানগর',	0,	0),
(1463,	77,	'',	'হোছনাবাদ',	0,	0),
(1464,	77,	'',	'স্বনির্ভর রাঙ্গুনিয়া',	0,	0),
(1465,	77,	'',	'মরিয়মনগর',	0,	0),
(1466,	77,	'',	'পারুয়া',	0,	0),
(1467,	77,	'',	'পোমরা',	0,	0),
(1468,	77,	'',	'বেতাগী',	0,	0),
(1469,	77,	'',	'সরফভাটা',	0,	0),
(1470,	77,	'',	'শিলক',	0,	0),
(1471,	77,	'',	'চন্দ্রঘোনা',	0,	0),
(1472,	77,	'',	'কোদালা',	0,	0),
(1473,	77,	'',	'ইসলামপুর',	0,	0),
(1474,	77,	'',	'দক্ষিণ রাজানগর ইউনিয়ন',	0,	0),
(1475,	77,	'',	'লালানগর',	0,	0),
(1476,	81,	'',	'কুমিরা',	0,	0),
(1477,	81,	'',	'বাঁশবারীয়া',	0,	0),
(1478,	81,	'',	'বারবকুন্ড',	0,	0),
(1479,	81,	'',	'বাড়িয়াডিয়ালা',	0,	0),
(1480,	81,	'',	'মুরাদপুর',	0,	0),
(1481,	81,	'',	'সাঈদপুর',	0,	0),
(1482,	81,	'',	'সালিমপুর',	0,	0),
(1483,	81,	'',	'সোনাইছড়ি',	0,	0),
(1484,	81,	'',	'ভাটিয়ারী',	0,	0),
(1485,	75,	'',	'করেরহাট',	0,	0),
(1486,	75,	'',	'হিংগুলি',	0,	0),
(1487,	75,	'',	'জোরারগঞ্জ',	0,	0),
(1488,	75,	'',	'ধুম',	0,	0),
(1489,	75,	'',	'ওসমানপুর',	0,	0),
(1490,	75,	'',	'ইছাখালী',	0,	0),
(1491,	75,	'',	'কাটাছরা',	0,	0),
(1492,	75,	'',	'দূর্গাপুর',	0,	0),
(1493,	75,	'',	'মীরসরাই',	0,	0),
(1494,	75,	'',	'মিঠানালা',	0,	0),
(1495,	75,	'',	'মঘাদিয়া',	0,	0),
(1496,	75,	'',	'খৈয়াছরা',	0,	0),
(1497,	75,	'',	'মায়ানী',	0,	0),
(1498,	75,	'',	'হাইতকান্দি',	0,	0),
(1499,	75,	'',	'ওয়াহেদপুর',	0,	0),
(1500,	75,	'',	'সাহেরখালী',	0,	0),
(1501,	76,	'',	'আশিয়া',	0,	0),
(1502,	76,	'',	'কাচুয়াই',	0,	0),
(1503,	76,	'',	'কাশিয়াইশ',	0,	0),
(1504,	76,	'',	'কুসুমপুরা',	0,	0),
(1505,	76,	'',	'কেলিশহর',	0,	0),
(1506,	76,	'',	'কোলাগাঁও',	0,	0),
(1507,	76,	'',	'খরনা',	0,	0),
(1508,	76,	'',	'চরপাথরঘাটা',	0,	0),
(1509,	76,	'',	'চরলক্ষ্যা',	0,	0),
(1510,	76,	'',	'ছনহরা',	0,	0),
(1511,	76,	'',	'জঙ্গলখাইন',	0,	0),
(1512,	76,	'',	'জিরি',	0,	0),
(1513,	76,	'',	'জুলধা',	0,	0),
(1514,	76,	'',	'দক্ষিণ ভূর্ষি',	0,	0),
(1515,	76,	'',	'ধলঘাট',	0,	0),
(1516,	76,	'',	'বড় উঠান',	0,	0),
(1517,	76,	'',	'বরলিয়া',	0,	0),
(1518,	76,	'',	'ভাটিখাইন',	0,	0),
(1519,	76,	'',	'শিকলবাহা',	0,	0),
(1520,	76,	'',	'শোভনদন্ডী',	0,	0),
(1521,	76,	'',	'হাবিলাসদ্বীপ',	0,	0),
(1522,	76,	'',	'হাইদগাঁও',	0,	0),
(1523,	79,	'',	'রহমতপুর ইউনিয়ন',	0,	0),
(1524,	79,	'',	'হরিশপুর',	0,	0),
(1525,	79,	'',	'কালাপানিয়া',	0,	0),
(1526,	79,	'',	'আমানউল্যা',	0,	0),
(1527,	79,	'',	'সন্তোষপুর',	0,	0),
(1528,	79,	'',	'গাছুয়া',	0,	0),
(1529,	79,	'',	'বাউরিয়া',	0,	0),
(1530,	79,	'',	'হারামিয়া',	0,	0),
(1531,	79,	'',	'মগধরা',	0,	0),
(1532,	79,	'',	'মাইটভাঙ্গা',	0,	0),
(1533,	79,	'',	'সারিকাইত',	0,	0),
(1534,	79,	'',	'মুছাপুর',	0,	0),
(1535,	79,	'',	'আজিমপুর',	0,	0),
(1536,	79,	'',	'উড়িরচর',	0,	0),
(1537,	69,	'',	'পুকুরিয়া',	0,	0),
(1538,	69,	'',	'সাধনপুর',	0,	0),
(1539,	69,	'',	'খানখানাবাদ',	0,	0),
(1540,	69,	'',	'বাহারছড়া',	0,	0),
(1541,	69,	'',	'কালীপুর',	0,	0),
(1542,	69,	'',	'বৈলছড়ি',	0,	0),
(1543,	69,	'',	'কাথরিয়া',	0,	0),
(1544,	69,	'',	'সরল',	0,	0),
(1545,	69,	'',	'শীলকুপ',	0,	0),
(1546,	69,	'',	'চাম্বল',	0,	0),
(1547,	69,	'',	'গন্ডামারা',	0,	0),
(1548,	69,	'',	'শেখেরখীল',	0,	0),
(1549,	69,	'',	'পুঁইছড়ি',	0,	0),
(1550,	69,	'',	'ছনুয়া',	0,	0),
(1551,	70,	'',	'কধুরখীল',	0,	0),
(1552,	70,	'',	'পশ্চিম গোমদন্ডী',	0,	0),
(1553,	70,	'',	'পুর্ব গোমদন্ডী',	0,	0),
(1554,	70,	'',	'শাকপুরা ইউনিয়ন',	0,	0),
(1555,	70,	'',	'সারোয়াতলী',	0,	0),
(1556,	70,	'',	'পোপাদিয়া ইউনিয়ন',	0,	0),
(1557,	70,	'',	'চরনদ্বীপ',	0,	0),
(1558,	70,	'',	'শ্রীপুর-খরন্দীপ',	0,	0),
(1559,	70,	'',	'আমুচিয়া ইউনিয়ন',	0,	0),
(1560,	70,	'',	'আহল্লা করলডেঙ্গা',	0,	0),
(1561,	68,	'',	'বৈরাগ',	0,	0),
(1562,	68,	'',	'বারশত',	0,	0),
(1563,	68,	'',	'রায়পুর',	0,	0),
(1564,	68,	'',	'বটতলী',	0,	0),
(1565,	68,	'',	'বরম্নমচড়া',	0,	0),
(1566,	68,	'',	'বারখাইন',	0,	0),
(1567,	68,	'',	'আনোয়ারা',	0,	0),
(1568,	68,	'',	'চাতরী',	0,	0),
(1569,	68,	'',	'পরৈকোড়া',	0,	0),
(1570,	68,	'',	'হাইলধর',	0,	0),
(1571,	68,	'',	'জুঁইদন্ডী',	0,	0),
(1572,	71,	'',	'কাঞ্চনাবাদ',	0,	0),
(1573,	71,	'',	'জোয়ারা',	0,	0),
(1574,	71,	'',	'বরকল',	0,	0),
(1575,	71,	'',	'বরমা',	0,	0),
(1576,	71,	'',	'বৈলতলী',	0,	0),
(1577,	71,	'',	'সাতবাড়িয়া',	0,	0),
(1578,	71,	'',	'হাশিমপুর',	0,	0),
(1579,	71,	'',	'দোহাজারী',	0,	0),
(1580,	71,	'',	'ধোপাছড়ী',	0,	0),
(1581,	80,	'',	'চরতী',	0,	0),
(1582,	80,	'',	'খাগরিয়া',	0,	0),
(1583,	80,	'',	'নলুয়া',	0,	0),
(1584,	80,	'',	'কাঞ্চনা',	0,	0),
(1585,	80,	'',	'আমিলাইশ',	0,	0),
(1586,	80,	'',	'এওচিয়া',	0,	0),
(1587,	80,	'',	'মাদার্শা',	0,	0),
(1588,	80,	'',	'ঢেমশা',	0,	0),
(1589,	80,	'',	'পশ্চিম ঢেমশা',	0,	0),
(1590,	80,	'',	'কেঁওচিয়া',	0,	0),
(1591,	80,	'',	'কালিয়াইশ',	0,	0),
(1592,	80,	'',	'বাজালিয়া',	0,	0),
(1593,	80,	'',	'পুরানগড়',	0,	0),
(1594,	80,	'',	'ছদাহা',	0,	0),
(1595,	80,	'',	'সাতকানিয়া',	0,	0),
(1596,	80,	'',	'সোনাকানিয়া',	0,	0),
(1597,	74,	'',	'পদুয়া',	0,	0),
(1598,	74,	'',	'বড়হাতিয়া',	0,	0),
(1599,	74,	'',	'আমিরাবাদ',	0,	0),
(1600,	74,	'',	'চরম্বা',	0,	0),
(1601,	74,	'',	'কলাউজান',	0,	0),
(1602,	74,	'',	'লোহাগাড়া',	0,	0),
(1603,	74,	'',	'পুটিবিলা',	0,	0),
(1604,	74,	'',	'চুনতি',	0,	0),
(1605,	74,	'',	'আধুনগর',	0,	0),
(1606,	73,	'',	'ফরহাদাবাদ',	0,	0),
(1607,	73,	'',	'ধলই',	0,	0),
(1608,	73,	'',	'মির্জাপুর',	0,	0),
(1609,	73,	'',	'নাঙ্গলমোরা',	0,	0),
(1610,	73,	'',	'গুমানমর্দ্দন',	0,	0),
(1611,	73,	'',	'ছিপাতলী',	0,	0),
(1612,	73,	'',	'মেখল',	0,	0),
(1613,	73,	'',	'গড়দুয়ারা',	0,	0),
(1614,	73,	'',	'ফতেপুর',	0,	0),
(1615,	73,	'',	'চিকনদন্ডী',	0,	0),
(1616,	73,	'',	'উত্তর মাদার্শা',	0,	0),
(1617,	73,	'',	'দক্ষিন মাদার্শা',	0,	0),
(1618,	73,	'',	'শিকারপুর',	0,	0),
(1619,	73,	'',	'বুডিরশ্চর',	0,	0),
(1620,	73,	'',	'হাটহাজারী',	0,	0),
(1621,	72,	'',	'ধর্মপুর',	0,	0),
(1622,	72,	'',	'বাগান বাজার',	0,	0),
(1623,	72,	'',	'দাঁতমারা',	0,	0),
(1624,	72,	'',	'নারায়নহাট ইউনিয়ন',	0,	0),
(1625,	72,	'',	'ভূজপুর ইউনিয়ন',	0,	0),
(1626,	72,	'',	'হারুয়ালছড়ি ইউনিয়ন',	0,	0),
(1627,	72,	'',	'পাইনদং ইউনিয়ন',	0,	0),
(1628,	72,	'',	'কাঞ্চনগর ইউনিয়ন',	0,	0),
(1629,	72,	'',	'সুনদরপুর ইউনিয়ন',	0,	0),
(1630,	72,	'',	'সুয়াবিল ইউনিয়ন',	0,	0),
(1631,	72,	'',	'আবদুল্লাপুর ইউনিয়ন',	0,	0),
(1632,	72,	'',	'সমিতির হাট ইউনিয়ন',	0,	0),
(1633,	72,	'',	'জাফতনগর ইউনিয়ন',	0,	0),
(1634,	72,	'',	'বক্তপুর ইউনিয়ন',	0,	0),
(1635,	72,	'',	'রোসাংগিরী ইউনিয়ন',	0,	0),
(1636,	72,	'',	'নানুপুর ইউনিয়ন',	0,	0),
(1637,	72,	'',	'লেলাং ইউনিয়ন',	0,	0),
(1638,	72,	'',	'দৌলতপুর ইউনিয়ন',	0,	0),
(1639,	78,	'',	'রাউজান',	0,	0),
(1640,	78,	'',	'বাগোয়ান',	0,	0),
(1641,	78,	'',	'বিনাজুরী',	0,	0),
(1642,	78,	'',	'চিকদাইর',	0,	0),
(1643,	78,	'',	'ডাবুয়া',	0,	0),
(1644,	78,	'',	'পূর্ব গুজরা',	0,	0),
(1645,	78,	'',	'পশ্চিম গুজরা',	0,	0),
(1646,	78,	'',	'গহিরা',	0,	0),
(1647,	78,	'',	'হলদিয়া',	0,	0),
(1648,	78,	'',	'কদলপূর',	0,	0),
(1649,	78,	'',	'নোয়াপাড়া',	0,	0),
(1650,	78,	'',	'পাহাড়তলী',	0,	0),
(1651,	78,	'',	'উড়কিরচর',	0,	0),
(1652,	78,	'',	'নওয়াজিশপুর',	0,	0),
(1653,	100,	'',	'ইসলামাবাদ',	0,	0),
(1654,	100,	'',	'ইসলামপুর',	0,	0),
(1655,	100,	'',	'পোকখালী',	0,	0),
(1656,	100,	'',	'ঈদগাঁও',	0,	0),
(1657,	100,	'',	'জালালাবাদ',	0,	0),
(1658,	100,	'',	'চৌফলদন্ডী',	0,	0),
(1659,	100,	'',	'ভারুয়াখালী',	0,	0),
(1660,	100,	'',	'পিএমখালী',	0,	0),
(1661,	100,	'',	'খুরুশকুল',	0,	0),
(1662,	100,	'',	'ঝিলংঝা',	0,	0),
(1663,	98,	'',	'কাকারা',	0,	0),
(1664,	98,	'',	'কাইয়ার বিল',	0,	0),
(1665,	98,	'',	'কোনাখালী',	0,	0),
(1666,	98,	'',	'খুটাখালী',	0,	0),
(1667,	98,	'',	'চিরিঙ্গা',	0,	0),
(1668,	98,	'',	'ঢেমুশিয়া',	0,	0),
(1669,	98,	'',	'ডুলাহাজারা',	0,	0),
(1670,	98,	'',	'পশ্চিম বড় ভেওলা',	0,	0),
(1671,	98,	'',	'বদরখালী',	0,	0),
(1672,	98,	'',	'বামু বিলছড়ি',	0,	0),
(1673,	98,	'',	'বড়ইতলী',	0,	0),
(1674,	98,	'',	'ভেওলা মানিকচর',	0,	0),
(1675,	98,	'',	'শাহারবিল',	0,	0),
(1676,	98,	'',	'সুরজপুর মানিকপুর',	0,	0),
(1677,	98,	'',	'হারবাঙ্গ',	0,	0),
(1678,	98,	'',	'ফাঁসিয়াখালী',	0,	0),
(1679,	101,	'',	'আলি আকবর ডেইল',	0,	0),
(1680,	101,	'',	'উত্তর ধুরুং',	0,	0),
(1681,	101,	'',	'কৈয়ারবিল',	0,	0),
(1682,	101,	'',	'দক্ষিণ ধুরুং',	0,	0),
(1683,	101,	'',	'বড়ঘোপ',	0,	0),
(1684,	101,	'',	'লেমসিখালী',	0,	0),
(1685,	105,	'',	'রাজাপালং',	0,	0),
(1686,	105,	'',	'জালিয়াপালং',	0,	0),
(1687,	105,	'',	'হলদিয়াপালং',	0,	0),
(1688,	105,	'',	'রত্নাপালং',	0,	0),
(1689,	105,	'',	'পালংখালী',	0,	0),
(1690,	102,	'',	'বড় মহেশখালী',	0,	0),
(1691,	102,	'',	'ছোট মহেশখালী',	0,	0),
(1692,	102,	'',	'শাপলাপুর',	0,	0),
(1693,	102,	'',	'কুতুবজোম',	0,	0),
(1694,	102,	'',	'হোয়ানক',	0,	0),
(1695,	102,	'',	'কালারমারছড়া',	0,	0),
(1696,	102,	'',	'মাতারবাড়ী',	0,	0),
(1697,	102,	'',	'ধলঘাটা',	0,	0),
(1698,	106,	'',	'উজানটিয়া',	0,	0),
(1699,	106,	'',	'টাইটং',	0,	0),
(1700,	106,	'',	'পেকুয়া',	0,	0),
(1701,	106,	'',	'বড় বাকিয়া',	0,	0),
(1702,	106,	'',	'মগনামা',	0,	0),
(1703,	106,	'',	'রাজাখালী',	0,	0),
(1704,	106,	'',	'শীলখালী',	0,	0),
(1705,	103,	'',	'ফতেখাঁরকুল',	0,	0),
(1706,	103,	'',	'রাজারকুল',	0,	0),
(1707,	103,	'',	'রশীদনগর',	0,	0),
(1708,	103,	'',	'খুনিয়াপালং',	0,	0),
(1709,	103,	'',	'ঈদগড়',	0,	0),
(1710,	103,	'',	'চাকমারকুল',	0,	0),
(1711,	103,	'',	'কচ্ছপিয়া',	0,	0),
(1712,	103,	'',	'কাউয়ারখোপ',	0,	0),
(1713,	103,	'',	'দক্ষিণ মিঠাছড়ি',	0,	0),
(1714,	103,	'',	'জোয়ারিয়া নালা',	0,	0),
(1715,	103,	'',	'গর্জনিয়া',	0,	0),
(1716,	104,	'',	'সাবরাং',	0,	0),
(1717,	104,	'',	'বাহারছড়া',	0,	0),
(1718,	104,	'',	'হ্নীলা',	0,	0),
(1719,	104,	'',	'হোয়াইক্যং',	0,	0),
(1720,	104,	'',	'সেন্ট মার্টিন',	0,	0),
(1721,	104,	'',	'টেকনাফ সদর',	0,	0),
(1722,	114,	'',	'খাগরাছড়ি সদর',	0,	0),
(1723,	114,	'',	'গোলাবাড়ী',	0,	0),
(1724,	114,	'',	'পেরাছড়া',	0,	0),
(1725,	114,	'',	'কমলছড়ি',	0,	0),
(1726,	113,	'',	'মেরুং',	0,	0),
(1727,	113,	'',	'বোয়ালখালী',	0,	0),
(1728,	113,	'',	'কবাখালী',	0,	0),
(1729,	113,	'',	'দিঘীনালা',	0,	0),
(1730,	113,	'',	'বাবুছড়া',	0,	0),
(1731,	119,	'',	'লোগাং',	0,	0),
(1732,	119,	'',	'চেংগী',	0,	0),
(1733,	119,	'',	'পানছড়ি',	0,	0),
(1734,	119,	'',	'লতিবান',	0,	0),
(1735,	115,	'',	'দুল্যাতলী',	0,	0),
(1736,	115,	'',	'বর্মাছড়ি',	0,	0),
(1737,	115,	'',	'লক্ষীছড়ি',	0,	0),
(1738,	116,	'',	'ভাইবোনছড়া',	0,	0),
(1739,	116,	'',	'মহালছড়ি',	0,	0),
(1740,	116,	'',	'মুবাছড়ি',	0,	0),
(1741,	116,	'',	'ক্যায়াংঘাট',	0,	0),
(1742,	116,	'',	'মাইসছড়ি',	0,	0),
(1743,	117,	'',	'মানিকছড়ি',	0,	0),
(1744,	117,	'',	'বাটনাতলী',	0,	0),
(1745,	117,	'',	'যোগ্যছোলা',	0,	0),
(1746,	117,	'',	'তিনটহরী',	0,	0),
(1747,	120,	'',	'রামগড়',	0,	0),
(1748,	120,	'',	'পাতাছড়া',	0,	0),
(1749,	120,	'',	'হাফছড়ি',	0,	0),
(1750,	118,	'',	'তাইন্দং',	0,	0),
(1751,	118,	'',	'তবলছড়ি',	0,	0),
(1752,	118,	'',	'বর্ণাল',	0,	0),
(1753,	118,	'',	'গোমতি',	0,	0),
(1754,	118,	'',	'বেলছড়ি',	0,	0),
(1755,	118,	'',	'মাটিরাঙ্গা',	0,	0),
(1756,	118,	'',	'গুইমারা',	0,	0),
(1757,	118,	'',	'আমতলি',	0,	0),
(1758,	43,	'',	'রাজবিলা',	0,	0),
(1759,	43,	'',	'টংকাবতী ইউনিয়ন',	0,	0),
(1760,	43,	'',	'সুয়ালক ইউনিয়ন',	0,	0),
(1761,	43,	'',	'বান্দরবান সদর',	0,	0),
(1762,	43,	'',	'কুহালং',	0,	0),
(1763,	47,	'',	'আলীকদম সদর ইউনিয়ন',	0,	0),
(1764,	47,	'',	'চৈক্ষ্যং ইউনিয়ন',	0,	0),
(1765,	46,	'',	'নাইক্ষ্যংছড়ি সদর ইউনিয়ন',	0,	0),
(1766,	46,	'',	'ঘুমধুম ইউনিয়ন',	0,	0),
(1767,	46,	'',	'বাইশারী',	0,	0),
(1768,	46,	'',	'সোনাইছড়ি',	0,	0),
(1769,	46,	'',	'দোছড়ি',	0,	0),
(1770,	48,	'',	'রোয়াংছড়ি সদর',	0,	0),
(1771,	48,	'',	'তারাছা',	0,	0),
(1772,	48,	'',	'আলেক্ষ্যং',	0,	0),
(1773,	48,	'',	'নোয়াপতং',	0,	0),
(1774,	45,	'',	'গজালিয়া',	0,	0),
(1775,	45,	'',	'লামা সদর',	0,	0),
(1776,	45,	'',	'ফাসিয়াখালী',	0,	0),
(1777,	45,	'',	'ফাইতং',	0,	0),
(1778,	45,	'',	'রূপসীপাড়া',	0,	0),
(1779,	45,	'',	'সরই ইউনিয়ন',	0,	0),
(1780,	45,	'',	'আজিজনগর ইউনিয়ন',	0,	0),
(1781,	49,	'',	'পাইন্দু ইউনিয়ন',	0,	0),
(1782,	49,	'',	'রুমা সদর ইউনিয়ন',	0,	0),
(1783,	49,	'',	'রেমাক্রীপ্রাংসা ইউনিয়ন',	0,	0),
(1784,	49,	'',	'গ্যালেংগ্যা ইউনিয়ন',	0,	0),
(1785,	44,	'',	'রেমাক্রী ইউনিয়ন',	0,	0),
(1786,	44,	'',	'তিন্দু ইউনিয়ন',	0,	0),
(1787,	44,	'',	'থানচি সদর ইউনিয়ন',	0,	0),
(1788,	44,	'',	'বলিপাড়া ইউনিয়ন',	0,	0),
(1789,	387,	'',	'রাজাপুর',	0,	0),
(1790,	387,	'',	'বড়ধুল',	0,	0),
(1791,	387,	'',	'বেলকুচি সদর',	0,	0),
(1792,	387,	'',	'ধুকুরিয়া বেড়া',	0,	0),
(1793,	387,	'',	'দৌলতপুর',	0,	0),
(1794,	387,	'',	'ভাঙ্গাবাড়ী',	0,	0),
(1795,	388,	'',	'বাঘুটিয়া',	0,	0),
(1796,	388,	'',	'ঘোরজান',	0,	0),
(1797,	388,	'',	'খাসকাউলিয়া',	0,	0),
(1798,	388,	'',	'খাসপুকুরিয়া',	0,	0),
(1799,	388,	'',	'উমারপুর',	0,	0),
(1800,	388,	'',	'সদিয়া চাঁদপুর',	0,	0),
(1801,	388,	'',	'স্থল',	0,	0),
(1802,	389,	'',	'ভদ্রঘাট',	0,	0),
(1803,	389,	'',	'জামতৈল',	0,	0),
(1804,	389,	'',	'ঝাঐল',	0,	0),
(1805,	389,	'',	'রায়দৌলতপুর',	0,	0),
(1806,	390,	'',	'চালিতাডাঙ্গা',	0,	0),
(1807,	390,	'',	'চরগিরিশ',	0,	0),
(1808,	390,	'',	'গান্ধাইল',	0,	0),
(1809,	390,	'',	'কাজিপুর সদর',	0,	0),
(1810,	390,	'',	'খাসরাজবাড়ী',	0,	0),
(1811,	390,	'',	'মাইজবাড়ী',	0,	0),
(1812,	390,	'',	'মনসুর নগর',	0,	0),
(1813,	390,	'',	'নাটুয়ারপাড়া',	0,	0),
(1814,	390,	'',	'নিশ্চিন্তপুর',	0,	0),
(1815,	390,	'',	'সোনামুখী',	0,	0),
(1816,	390,	'',	'শুভগাছা',	0,	0),
(1817,	390,	'',	'তেকানী',	0,	0),
(1818,	391,	'',	'ব্রহ্মগাছা',	0,	0),
(1819,	391,	'',	'চান্দাইকোনা',	0,	0),
(1820,	391,	'',	'ধামাইনগর',	0,	0),
(1821,	391,	'',	'ধানগড়া',	0,	0),
(1822,	391,	'',	'ধুবিল',	0,	0),
(1823,	391,	'',	'ঘুড়কা',	0,	0),
(1824,	391,	'',	'নলকা',	0,	0),
(1825,	391,	'',	'পাঙ্গাসী',	0,	0),
(1826,	391,	'',	'সোনাখাড়া',	0,	0),
(1827,	392,	'',	'বেলতৈল',	0,	0),
(1828,	392,	'',	'জালালপুর',	0,	0),
(1829,	392,	'',	'কায়েমপুর',	0,	0),
(1830,	392,	'',	'গাড়াদহ',	0,	0),
(1831,	392,	'',	'পোতাজিয়া',	0,	0),
(1832,	392,	'',	'রূপবাটি',	0,	0),
(1833,	392,	'',	'গালা',	0,	0),
(1834,	392,	'',	'পোরজনা',	0,	0),
(1835,	392,	'',	'হাবিবুল্লাহ নগর',	0,	0),
(1836,	392,	'',	'খুকনী',	0,	0),
(1837,	392,	'',	'কৈজুরী',	0,	0),
(1838,	392,	'',	'সোনাতনী',	0,	0),
(1839,	392,	'',	'নরিনা',	0,	0),
(1840,	386,	'',	'বাগবাটি',	0,	0),
(1841,	386,	'',	'রতনকান্দি',	0,	0),
(1842,	386,	'',	'বহুলী',	0,	0),
(1843,	386,	'',	'শিয়ালকোল',	0,	0),
(1844,	386,	'',	'খোকশাবাড়ী',	0,	0),
(1845,	386,	'',	'ছোনগাছা',	0,	0),
(1846,	386,	'',	'মেছড়া',	0,	0),
(1847,	386,	'',	'কাওয়াখোলা',	0,	0),
(1848,	386,	'',	'কালিয়াহরিপুর',	0,	0),
(1849,	386,	'',	'সয়দাবাদ',	0,	0),
(1850,	393,	'',	'বারুহাস',	0,	0),
(1851,	393,	'',	'তালম',	0,	0),
(1852,	393,	'',	'সগুনা',	0,	0),
(1853,	393,	'',	'মাগুড়া বিনোদ',	0,	0),
(1854,	393,	'',	'নওগাঁ',	0,	0),
(1855,	393,	'',	'তাড়াশ সদর',	0,	0),
(1856,	393,	'',	'মাধাইনগর',	0,	0),
(1857,	393,	'',	'দেশীগ্রাম',	0,	0),
(1858,	394,	'',	'উল্লাপাড়া সদর',	0,	0),
(1859,	394,	'',	'রামকৃষ্ণপুর',	0,	0),
(1860,	394,	'',	'বাঙ্গালা',	0,	0),
(1861,	394,	'',	'উধুনিয়া',	0,	0),
(1862,	394,	'',	'বড়পাঙ্গাসী',	0,	0),
(1863,	394,	'',	'দুর্গা নগর',	0,	0),
(1864,	394,	'',	'পূর্ণিমাগাতী',	0,	0),
(1865,	394,	'',	'সলঙ্গা',	0,	0),
(1866,	394,	'',	'হটিকুমরুল',	0,	0),
(1867,	394,	'',	'বড়হর',	0,	0),
(1868,	394,	'',	'পঞ্চক্রোশী',	0,	0),
(1869,	394,	'',	'সলপ',	0,	0),
(1870,	394,	'',	'মোহনপুর',	0,	0),
(1871,	376,	'',	'ভায়না',	0,	0),
(1872,	376,	'',	'তাঁতিবন্দ',	0,	0),
(1873,	376,	'',	'মানিকহাট',	0,	0),
(1874,	376,	'',	'দুলাই',	0,	0),
(1875,	376,	'',	'আহম্মদপুর',	0,	0),
(1876,	376,	'',	'রাণীনগর',	0,	0),
(1877,	376,	'',	'সাতবাড়ীয়া',	0,	0),
(1878,	376,	'',	'হাটখালী',	0,	0),
(1879,	376,	'',	'নাজিরগঞ্জ',	0,	0),
(1880,	376,	'',	'সাগরকান্দি',	0,	0),
(1881,	373,	'',	'সাঁড়া',	0,	0),
(1882,	373,	'',	'পাকশী',	0,	0),
(1883,	373,	'',	'মুলাডুলি',	0,	0),
(1884,	373,	'',	'দাশুরিয়া',	0,	0),
(1885,	373,	'',	'ছলিমপুর',	0,	0),
(1886,	373,	'',	'সাহাপুর',	0,	0),
(1887,	373,	'',	'লক্ষীকুন্ডা',	0,	0),
(1888,	370,	'',	'ভাঙ্গুড়া',	0,	0),
(1889,	370,	'',	'খানমরিচ',	0,	0),
(1890,	370,	'',	'অষ্টমণিষা',	0,	0),
(1891,	370,	'',	'দিলপাশার',	0,	0),
(1892,	370,	'',	'পারভাঙ্গুড়া',	0,	0),
(1893,	374,	'',	'মালিগাছা',	0,	0),
(1894,	374,	'',	'মালঞ্চি',	0,	0),
(1895,	374,	'',	'গয়েশপুর',	0,	0),
(1896,	374,	'',	'আতাইকুলা',	0,	0),
(1897,	374,	'',	'চরতারাপুর',	0,	0),
(1898,	374,	'',	'সাদুল্লাপুর',	0,	0),
(1899,	374,	'',	'ভাঁড়ারা',	0,	0),
(1900,	374,	'',	'দোগাছী',	0,	0),
(1901,	374,	'',	'হেমায়েতপুর',	0,	0),
(1902,	374,	'',	'দাপুনিয়া',	0,	0),
(1903,	369,	'',	'হাটুরিয়া নাকালিয়া',	0,	0),
(1904,	369,	'',	'নতুন ভারেঙ্গা',	0,	0),
(1905,	369,	'',	'কৈটোলা',	0,	0),
(1906,	369,	'',	'চাকলা',	0,	0),
(1907,	369,	'',	'জাতসাখিনি',	0,	0),
(1908,	369,	'',	'পুরান ভারেঙ্গা',	0,	0),
(1909,	369,	'',	'রূপপুর',	0,	0),
(1910,	369,	'',	'মাসুমদিয়া',	0,	0),
(1911,	369,	'',	'ঢালার চর',	0,	0),
(1912,	368,	'',	'মাজপাড়া',	0,	0),
(1913,	368,	'',	'চাঁদভা',	0,	0),
(1914,	368,	'',	'দেবোত্তর',	0,	0),
(1915,	368,	'',	'একদন্ত',	0,	0),
(1916,	368,	'',	'লক্ষীপুর',	0,	0),
(1917,	371,	'',	'হান্ডিয়াল',	0,	0),
(1918,	371,	'',	'ছাইকোলা',	0,	0),
(1919,	371,	'',	'নিমাইচড়া',	0,	0),
(1920,	371,	'',	'গুনাইগাছা',	0,	0),
(1921,	371,	'',	'পার্শ্বডাঙ্গা',	0,	0),
(1922,	371,	'',	'ফৈলজানা',	0,	0),
(1923,	371,	'',	'মুলগ্রাম',	0,	0),
(1924,	371,	'',	'হরিপুর',	0,	0),
(1925,	371,	'',	'মথুরাপুর',	0,	0),
(1926,	371,	'',	'বিলচলন',	0,	0),
(1927,	371,	'',	'দাতিয়া বামনগ্রাম',	0,	0),
(1928,	375,	'',	'নাগডেমড়া',	0,	0),
(1929,	375,	'',	'ধুলাউড়ি',	0,	0),
(1930,	375,	'',	'ভুলবাড়ীয়া',	0,	0),
(1931,	375,	'',	'ধোপাদহ',	0,	0),
(1932,	375,	'',	'করমজা',	0,	0),
(1933,	375,	'',	'কাশিনাথপুর',	0,	0),
(1934,	375,	'',	'গৌরীগ্রাম',	0,	0),
(1935,	375,	'',	'নন্দনপুর',	0,	0),
(1936,	375,	'',	'ক্ষেতুপাড়া',	0,	0),
(1937,	375,	'',	'আর-আতাইকুলা',	0,	0),
(1938,	372,	'',	'বৃলাহিড়ীবাড়ী',	0,	0),
(1939,	372,	'',	'পুঙ্গুলি',	0,	0),
(1940,	372,	'',	'ফরিদপুর',	0,	0),
(1941,	372,	'',	'হাদল',	0,	0),
(1942,	372,	'',	'বনওয়ারীনগর',	0,	0),
(1943,	372,	'',	'ডেমড়া',	0,	0),
(1944,	335,	'',	'বীরকেদার',	0,	0),
(1945,	335,	'',	'কালাই',	0,	0),
(1946,	335,	'',	'পাইকড়',	0,	0),
(1947,	335,	'',	'নারহট্ট',	0,	0),
(1948,	335,	'',	'মুরইল',	0,	0),
(1949,	335,	'',	'কাহালু',	0,	0),
(1950,	335,	'',	'দূর্গাপুর',	0,	0),
(1951,	335,	'',	'জামগ্রাম',	0,	0),
(1952,	335,	'',	'মালঞ্চা',	0,	0),
(1953,	330,	'',	'ফাঁপোর',	0,	0),
(1954,	330,	'',	'সাবগ্রাম',	0,	0),
(1955,	330,	'',	'নিশিন্দারা',	0,	0),
(1956,	330,	'',	'এরুলিয়া',	0,	0),
(1957,	330,	'',	'রাজাপুর',	0,	0),
(1958,	330,	'',	'শাখারিয়া',	0,	0),
(1959,	330,	'',	'শেখেরকোলা',	0,	0),
(1960,	330,	'',	'গোকুল',	0,	0),
(1961,	330,	'',	'নুনগোলা',	0,	0),
(1962,	330,	'',	'লাহিড়ীপাড়া',	0,	0),
(1963,	330,	'',	'নামুজা',	0,	0),
(1964,	338,	'',	'সারিয়াকান্দি সদর',	0,	0),
(1965,	338,	'',	'নারচী',	0,	0),
(1966,	338,	'',	'বোহাইল',	0,	0),
(1967,	338,	'',	'চালুয়াবাড়ী',	0,	0),
(1968,	338,	'',	'চন্দনবাইশা',	0,	0),
(1969,	338,	'',	'হাটফুলবাড়ী',	0,	0),
(1970,	338,	'',	'হাটশেরপুর',	0,	0),
(1971,	338,	'',	'কর্ণিবাড়ী',	0,	0),
(1972,	338,	'',	'কাজলা',	0,	0),
(1973,	338,	'',	'কুতুবপুর',	0,	0),
(1974,	338,	'',	'কামালপুর',	0,	0),
(1975,	338,	'',	'ভেলাবাড়ী',	0,	0),
(1976,	337,	'',	'আশেকপুর',	0,	0),
(1977,	337,	'',	'মাদলা',	0,	0),
(1978,	337,	'',	'মাঝিড়া',	0,	0),
(1979,	337,	'',	'আড়িয়া',	0,	0),
(1980,	337,	'',	'খরনা',	0,	0),
(1981,	337,	'',	'খোট্টাপাড়া',	0,	0),
(1982,	337,	'',	'চোপিনগর',	0,	0),
(1983,	337,	'',	'আমরুল',	0,	0),
(1984,	337,	'',	'গোহাইল',	0,	0),
(1985,	333,	'',	'জিয়ানগর',	0,	0),
(1986,	333,	'',	'চামরুল',	0,	0),
(1987,	333,	'',	'দুপচাঁচিয়া',	0,	0),
(1988,	333,	'',	'গুনাহার',	0,	0),
(1989,	333,	'',	'গোবিন্দপুর',	0,	0),
(1990,	333,	'',	'তালোড়া',	0,	0),
(1991,	329,	'',	'ছাতিয়ানগ্রাম',	0,	0),
(1992,	329,	'',	'নশরতপুর',	0,	0),
(1993,	329,	'',	'আদমদিঘি',	0,	0),
(1994,	329,	'',	'কুন্দগ্রাম',	0,	0),
(1995,	329,	'',	'চাঁপাপুর',	0,	0),
(1996,	329,	'',	'সান্তাহার',	0,	0),
(1997,	336,	'',	'১নং বুড়ইল',	0,	0),
(1998,	336,	'',	'২নং নন্দিগ্রাম',	0,	0),
(1999,	336,	'',	'৩নং ভাটরা',	0,	0),
(2000,	336,	'',	'৪নং থালতা মাঝগ্রাম',	0,	0),
(2001,	336,	'',	'৫নং ভাটগ্রাম',	0,	0),
(2002,	340,	'',	'সোনাতলা',	0,	0),
(2003,	340,	'',	'বালুয়া',	0,	0),
(2004,	340,	'',	'জোড়গাছা',	0,	0),
(2005,	340,	'',	'দিগদাইড়',	0,	0),
(2006,	340,	'',	'মধুপুর',	0,	0),
(2007,	340,	'',	'পাকুল্ল্যা',	0,	0),
(2008,	340,	'',	'তেকানী চুকাইনগর',	0,	0),
(2009,	332,	'',	'১নং নিমগাছি',	0,	0),
(2010,	332,	'',	'২নং কালেরপাড়া',	0,	0),
(2011,	332,	'',	'৩নং চিকাশী',	0,	0),
(2012,	332,	'',	'৪নং গোসাইবাড়ী',	0,	0),
(2013,	332,	'',	'৫নং ভান্ডারবাড়ী',	0,	0),
(2014,	332,	'',	'১০নং গোপালনগর',	0,	0),
(2015,	332,	'',	'৯নং মথুরাপুর',	0,	0),
(2016,	332,	'',	'৮নং চৌকিবাড়ী',	0,	0),
(2017,	332,	'',	'৭নং এলাঙ্গী',	0,	0),
(2018,	332,	'',	'৬নং ধুনট সদর',	0,	0),
(2019,	334,	'',	'বালিয়া দিঘী',	0,	0),
(2020,	334,	'',	'দক্ষিণপাড়া',	0,	0),
(2021,	334,	'',	'দুর্গাহাটা',	0,	0),
(2022,	334,	'',	'কাগইল',	0,	0),
(2023,	334,	'',	'সোনারায়',	0,	0),
(2024,	334,	'',	'রামেশ্বরপুর',	0,	0),
(2025,	334,	'',	'নাড়ুয়ামালা',	0,	0),
(2026,	334,	'',	'নেপালতলী',	0,	0),
(2027,	334,	'',	'গাবতলি',	0,	0),
(2028,	334,	'',	'মহিষাবান',	0,	0),
(2029,	334,	'',	'নশিপুর',	0,	0),
(2030,	331,	'',	'৫নং মির্জাপুর',	0,	0),
(2031,	331,	'',	'৩নং খামারকান্দি',	0,	0),
(2032,	331,	'',	'২নং গাড়িদহ',	0,	0),
(2033,	331,	'',	'১নং কুসুম্বী',	0,	0),
(2034,	331,	'',	'৬নং বিশালপুর',	0,	0),
(2035,	331,	'',	'৯নং সীমাবাড়ি',	0,	0),
(2036,	331,	'',	'১০নং শাহবন্দেগী',	0,	0),
(2037,	331,	'',	'৮নং সুঘাট',	0,	0),
(2038,	331,	'',	'৪নং খানপুর',	0,	0),
(2039,	331,	'',	'৭নং ভবানীপুর',	0,	0),
(2040,	339,	'',	'১নং ময়দানহাট্টা',	0,	0),
(2041,	339,	'',	'২নং কিচক ইউনিয়ন',	0,	0),
(2042,	339,	'',	'৩নং আটমূল',	0,	0),
(2043,	339,	'',	'৪নং পিরব',	0,	0),
(2044,	339,	'',	'৫নং মাঝিহট্ট',	0,	0),
(2045,	339,	'',	'৬নং বুড়িগঞ্জ',	0,	0),
(2046,	339,	'',	'৭নং বিহার',	0,	0),
(2047,	339,	'',	'৮নং শিবগঞ্জ',	0,	0),
(2048,	339,	'',	'৯নং দেউলি',	0,	0),
(2049,	339,	'',	'১০নং সৈয়দপুর',	0,	0),
(2050,	339,	'',	'১১নং মোকামতলা ইউনিয়ন',	0,	0),
(2051,	339,	'',	'১২নং রায়নগর',	0,	0),
(2052,	383,	'',	'০১ নং দর্শনপাড়া ইউনিয়ন',	0,	0),
(2053,	383,	'',	'০২ নং হুজুরী পাড়া ইউনিয়ন',	0,	0),
(2054,	383,	'',	'০৩ নং দামকুড়া ইউনিয়ন',	0,	0),
(2055,	383,	'',	'০৪ নং হরিপুর ইউনিয়ন',	0,	0),
(2056,	383,	'',	'০৫ নং হড়গ্রাম ইউনিয়ন',	0,	0),
(2057,	383,	'',	'০৬ নং হরিয়ান ইউনিয়ন',	0,	0),
(2058,	383,	'',	'০৭ নং বড়্গাছি ইউনিয়ন',	0,	0),
(2059,	383,	'',	'০৮ নং পারিলা ইউনিয়ন',	0,	0),
(2060,	380,	'',	'০১ নং নওপাড়া ইউনিয়ন',	0,	0),
(2061,	380,	'',	'০২ নং কিসমতগণকৈড় ইউনিয়ন',	0,	0),
(2062,	380,	'',	'০৩ নং পানানগর ইউনিয়ন',	0,	0),
(2063,	380,	'',	'০৪ নং দেলুয়াবাড়ী ইউনিয়ন',	0,	0),
(2064,	380,	'',	'০৫ নং ঝালুকা ইউনিয়ন',	0,	0),
(2065,	380,	'',	'০৬ নং মাড়িয়া ইউনিয়ন',	0,	0),
(2066,	380,	'',	'০৭ নং জয়নগর ইউনিয়ন',	0,	0),
(2067,	382,	'',	'০১ নং ধুরইল ইউনিয়ন',	0,	0),
(2068,	382,	'',	'০২ নং ঘষিগ্রাম ইউনিয়ন',	0,	0),
(2069,	382,	'',	'০৩ নং রায়ঘাটি ইউনিয়ন',	0,	0),
(2070,	382,	'',	'০৪ নং মৌগাছি ইউনিয়ন',	0,	0),
(2071,	382,	'',	'০৫ নং বাকশিমইল ইউনিয়ন',	0,	0),
(2072,	382,	'',	'০৬ নং জাহানাবাদ ইউনিয়ন',	0,	0),
(2073,	379,	'',	'০১ নং ইউসুফপুর ইউনিয়ন',	0,	0),
(2074,	379,	'',	'০২ নং শলুয়া ইউনিয়ন',	0,	0),
(2075,	379,	'',	'০৩ নং সরদহ ইউনিয়ন',	0,	0),
(2076,	379,	'',	'০৪ নং নিমপাড়া ইউনিয়ন',	0,	0),
(2077,	379,	'',	'০৫ নং চারঘাট ইউনিয়ন',	0,	0),
(2078,	379,	'',	'০৬ নং ভায়ালক্ষ্মীপুর ইউনিয়ন',	0,	0),
(2079,	384,	'',	'০১ নং পুঠিয়া ইউনিয়ন',	0,	0),
(2080,	384,	'',	'০২ নং বেলপুকুরিয়া ইউনিয়ন',	0,	0),
(2081,	384,	'',	'০৩ নং বানেশ্বর ইউনিয়ন',	0,	0),
(2082,	384,	'',	'০৪ নং ভালুক গাছি ইউনিয়ন',	0,	0),
(2083,	384,	'',	'০৫ নং শিলমাড়িয়া ইউনিয়ন',	0,	0),
(2084,	384,	'',	'০৬ নং জিউপাড়া ইউনিয়ন',	0,	0),
(2085,	377,	'',	'০১ নং বাজুবাঘা ইউনিয়ন',	0,	0),
(2086,	377,	'',	'০২ নং গড়গড়ি ইউনিয়ন',	0,	0),
(2087,	377,	'',	'০৩ নং পাকুড়িয়া ইউনিয়ন',	0,	0),
(2088,	377,	'',	'০৪ নং মনিগ্রাম ইউনিয়ন',	0,	0),
(2089,	377,	'',	'০৫ নং বাউসা ইউনিয়ন',	0,	0),
(2090,	377,	'',	'০৬ নং আড়ানী',	0,	0),
(2091,	381,	'',	'০১ নং গোদাগাড়ী ইউনিয়ন',	0,	0),
(2092,	381,	'',	'০২ নং মোহনপুর ইউনিয়ন',	0,	0),
(2093,	381,	'',	'০৩ নং পাকড়ী ইউনিয়ন',	0,	0),
(2094,	381,	'',	'০৪ নং রিশিকুল ইউনিয়ন',	0,	0),
(2095,	381,	'',	'০৫ নং গোগ্রাম ইউনিয়ন',	0,	0),
(2096,	381,	'',	'০৬ নং মাটিকাটা ইউনিয়ন',	0,	0),
(2097,	381,	'',	'০৭ নং দেওপাড়া ইউনিয়ন',	0,	0),
(2098,	381,	'',	'০৮ নং বাসুদেবপুর ইউনিয়ন',	0,	0),
(2099,	381,	'',	'০৯ নং আষাড়িয়াদহ ইউনিয়ন',	0,	0),
(2100,	385,	'',	'০১ নং কলমা ইউনিয়ন',	0,	0),
(2101,	385,	'',	'০২ নং বাধাইড় ইউনিয়ন',	0,	0),
(2102,	385,	'',	'০৩ নং পাঁচন্দর ইউনিয়ন',	0,	0),
(2103,	385,	'',	'০৪ নং সরঞ্জাই ইউনিয়ন',	0,	0),
(2104,	385,	'',	'০৫ নং তালন্দ ইউনিয়ন',	0,	0),
(2105,	385,	'',	'০৬ নং কামারগাঁ ইউনিয়ন',	0,	0),
(2106,	385,	'',	'০৭ নং চান্দুড়িয়া ইউনিয়ন',	0,	0),
(2107,	378,	'',	'০১ নং গোবিন্দপাড়া ইউনিয়ন',	0,	0),
(2108,	378,	'',	'০২ নং নরদাস ইউনিয়ন',	0,	0),
(2109,	378,	'',	'০৩ নং দ্বীপপুর ইউনিয়ন',	0,	0),
(2110,	378,	'',	'০৪ নং বড়বিহানলী ইউনিয়ন',	0,	0),
(2111,	378,	'',	'০৫ নং আউচপাড়া ইউনিয়ন',	0,	0),
(2112,	378,	'',	'০৬ নং শ্রীপুর ইউনিয়ন',	0,	0),
(2113,	378,	'',	'০৭ নং বাসুপাড়া ইউনিয়ন',	0,	0),
(2114,	378,	'',	'০৮ নং কাচাড়ী কোয়লিপাড়া ইউনিয়ন',	0,	0),
(2115,	378,	'',	'০৯ নং শুভডাঙ্গা ইউনিয়ন',	0,	0),
(2116,	378,	'',	'১০ নং মাড়িয়া ইউনিয়ন',	0,	0),
(2117,	378,	'',	'১১ নং গণিপুর ইউনিয়ন',	0,	0),
(2118,	378,	'',	'১২ নং ঝিকড়া ইউনিয়ন',	0,	0),
(2119,	378,	'',	'১৩ নং গোয়ালকান্দি ইউনিয়ন',	0,	0),
(2120,	378,	'',	'১৪ নং হামিরকুৎসা ইউনিয়ন',	0,	0),
(2121,	378,	'',	'১৫ নং যোগিপাড়া ইউনিয়ন',	0,	0),
(2122,	378,	'',	'১৬ নং সোনাডাঙ্গা ইউনিয়ন',	0,	0),
(2123,	357,	'',	'১ নং ব্রহ্মপুর ইউনিয়ন',	0,	0),
(2124,	357,	'',	'০২ নং মাধনগর ইউনিয়ন',	0,	0),
(2125,	357,	'',	'০৩ নং খাজুরা ইউনিয়ন',	0,	0),
(2126,	357,	'',	'০৪ নং পিপরুল ইউনিয়ন',	0,	0),
(2127,	357,	'',	'০৫ নং বিপ্রবেলঘড়িয়া ইউনিয়ন',	0,	0),
(2128,	357,	'',	'০৬ নং ছাতনী ইউনিয়ন',	0,	0),
(2129,	357,	'',	'০৭ নং তেবাড়িয়া ইউনিয়ন',	0,	0),
(2130,	357,	'',	'০৮ নং দিঘাপতিয়া ইউনিয়ন',	0,	0),
(2131,	357,	'',	'০৯ নং লক্ষীপুর খোলাবাড়িয়া ইউনিয়ন',	0,	0),
(2132,	357,	'',	'১০ নং বড়হরিশপুর ইউনিয়ন',	0,	0),
(2133,	357,	'',	'১১ নং কাফুরিয়া ইউনিয়ন',	0,	0),
(2134,	357,	'',	'১২ নং হালসা ইউনিয়ন',	0,	0),
(2135,	361,	'',	'০১ নং শুকাশ ইউনিয়ন',	0,	0),
(2136,	361,	'',	'০২ নং ডাহিয়া ইউনিয়ন',	0,	0),
(2137,	361,	'',	'০৩ নং ইটালী ইউনিয়ন',	0,	0),
(2138,	361,	'',	'০৪ নং কলম ইউনিয়ন',	0,	0),
(2139,	361,	'',	'০৫ নং চামারী ইউনিয়ন',	0,	0),
(2140,	361,	'',	'০৬ নং হাতিয়ানদহ ইউনিয়ন',	0,	0),
(2141,	361,	'',	'০৭ নং লালোর ইউনিয়ন',	0,	0),
(2142,	361,	'',	'০৮ নং শেরকোল ইউনিয়ন',	0,	0),
(2143,	361,	'',	'০৯ নং তাজপুর ইউনিয়ন',	0,	0),
(2144,	361,	'',	'১০ নং চৌগ্রাম ইউনিয়ন',	0,	0),
(2145,	361,	'',	'১১ নং ছাতারদিঘী ইউনিয়ন',	0,	0),
(2146,	361,	'',	'১২ নং রামান্দখাজুরা ইউনিয়ন',	0,	0),
(2147,	362,	'',	'০১ নং জোয়াড়ী ইউনিয়ন',	0,	0),
(2148,	362,	'',	'০২ নং বড়াইগ্রাম ইউনিয়ন',	0,	0),
(2149,	362,	'',	'০৩ নং জোনাইল ইউনিয়ন',	0,	0),
(2150,	362,	'',	'০৪ নং নগর ইউনিয়ন',	0,	0),
(2151,	362,	'',	'০৫ নং মাঝগাও ইউনিয়ন',	0,	0),
(2152,	362,	'',	'০৬ নং গোপালপুর ইউনিয়ন',	0,	0),
(2153,	362,	'',	'০৭ নং চান্দাই ইউনিয়ন',	0,	0),
(2154,	359,	'',	'০১ নং পাঁকা ইউনিয়ন',	0,	0),
(2155,	359,	'',	'০২ নং জামনগর ইউনিয়ন',	0,	0),
(2156,	359,	'',	'০৩ নং বাগাতিপাড়া ইউনিয়ন',	0,	0),
(2157,	359,	'',	'০৪ নং দয়ারামপুর ইউনিয়ন',	0,	0),
(2158,	359,	'',	'০৫ নং ফাগুয়ারদিয়াড় ইউনিয়ন',	0,	0),
(2159,	360,	'',	'০১ নং লালপুর ইউনিয়ন',	0,	0),
(2160,	360,	'',	'০২ নং ঈশ্বরদী ইউনিয়ন',	0,	0),
(2161,	360,	'',	'০৩ নং চংধুপইল ইউনিয়ন',	0,	0),
(2162,	360,	'',	'০৪ নং আড়বাব ইউনিয়ন',	0,	0),
(2163,	360,	'',	'০৫ নং বিলমাড়িয়া ইউনিয়ন',	0,	0),
(2164,	360,	'',	'০৬ নং দুয়ারিয়া ইউনিয়ন',	0,	0),
(2165,	360,	'',	'০৭ নং ওয়ালিয়া ইউনিয়ন',	0,	0),
(2166,	360,	'',	'০৮ নং দুড়দুরিয়া ইউনিয়ন',	0,	0),
(2167,	360,	'',	'০৯ নং অর্জুনপুর বরমহাটী ইউনিয়ন',	0,	0),
(2168,	360,	'',	'১০ নং কদিমচিলান ইউনিয়ন',	0,	0),
(2169,	362,	'',	'০১ নং নাজিরপুর ইউনিয়ন',	0,	0),
(2170,	362,	'',	'০২ নং বিয়াঘাট ইউনিয়ন',	0,	0),
(2171,	362,	'',	'০৩ নং খুবজীপুর ইউনিয়ন',	0,	0),
(2172,	362,	'',	'০৫ নং ধারাবারিষা ইউনিয়ন',	0,	0),
(2173,	362,	'',	'০৪ নং মসিন্দা ইউনিয়ন',	0,	0),
(2174,	362,	'',	'০৬ নং চাপিলা ইউনিয়ন',	0,	0),
(2175,	342,	'',	'রুকিন্দীপুর ইউনিয়ন',	0,	0),
(2176,	342,	'',	'সোনামূখী ইউনিয়ন',	0,	0),
(2177,	342,	'',	'তিলকপুর ইউনিয়ন',	0,	0),
(2178,	342,	'',	'রায়কালী ইউনিয়ন',	0,	0),
(2179,	342,	'',	'গোপীনাথপুর ইউনিয়ন',	0,	0),
(2180,	343,	'',	'মাত্রাই ইউনিয়ন',	0,	0),
(2181,	343,	'',	'আহম্মেদাবাদ ইউনিয়ন',	0,	0),
(2182,	343,	'',	'পুনট ইউনিয়ন',	0,	0),
(2183,	343,	'',	'জিন্দারপুর',	0,	0),
(2184,	343,	'',	'উদয়পুর',	0,	0),
(2185,	344,	'',	'আলমপুর ইউনিয়ন',	0,	0),
(2186,	344,	'',	'বড়াইল ইউনিয়ন',	0,	0),
(2187,	344,	'',	'তুলশীগংগা ইউনিয়ন',	0,	0),
(2188,	344,	'',	'মামুদপুর ইউনিয়ন',	0,	0),
(2189,	344,	'',	'বড়তারা ইউনিয়ন',	0,	0),
(2190,	345,	'',	'বাগজানা ইউনিয়ন',	0,	0),
(2191,	345,	'',	'ধরঞ্জি',	0,	0),
(2192,	345,	'',	'আয়মারসুলপুর ইউনিয়ন',	0,	0),
(2193,	345,	'',	'বালিঘাটা ইউনিয়ন',	0,	0),
(2194,	345,	'',	'আটাপুর ইউনিয়ন',	0,	0),
(2195,	345,	'',	'মোহাম্মদপুর ইউনিয়ন',	0,	0),
(2196,	345,	'',	'আওলাই',	0,	0),
(2197,	345,	'',	'কুসুম্বা',	0,	0),
(2198,	341,	'',	'আমদই ইউনিয়ন',	0,	0),
(2199,	341,	'',	'বম্বু ইউনিয়ন',	0,	0),
(2200,	341,	'',	'দোগাছি ইউনিয়ন',	0,	0),
(2201,	341,	'',	'পুরানাপৈল ইউনিয়ন',	0,	0),
(2202,	341,	'',	'জামালপুর ইউনিয়ন',	0,	0),
(2203,	341,	'',	'চকবরকত ইউনিয়ন',	0,	0),
(2204,	341,	'',	'মোহাম্মদাবাদ ইউনিয়ন',	0,	0),
(2205,	341,	'',	'ধলাহার ইউনিয়ন',	0,	0),
(2206,	341,	'',	'ভাদসা',	0,	0),
(2207,	366,	'',	'আলাতুলী',	0,	0),
(2208,	366,	'',	'বারঘরিয়া',	0,	0),
(2209,	366,	'',	'মহারাজপুর',	0,	0),
(2210,	366,	'',	'রানীহাটি',	0,	0),
(2211,	366,	'',	'বালিয়াডাঙ্গা',	0,	0),
(2212,	366,	'',	'গোবরাতলা',	0,	0),
(2213,	366,	'',	'ঝিলিম',	0,	0),
(2214,	366,	'',	'চরঅনুপনগর',	0,	0),
(2215,	366,	'',	'দেবীনগর',	0,	0),
(2216,	366,	'',	'শাহজাহানপুর',	0,	0),
(2217,	366,	'',	'ইসলামপুর',	0,	0),
(2218,	366,	'',	'চরবাগডাঙ্গা',	0,	0),
(2219,	366,	'',	'নারায়নপুর',	0,	0),
(2220,	366,	'',	'সুন্দরপুর',	0,	0),
(2221,	364,	'',	'রাধানগর',	0,	0),
(2222,	364,	'',	'রহনপুর',	0,	0),
(2223,	364,	'',	'বোয়ালিয়া',	0,	0),
(2224,	364,	'',	'বাঙ্গাবাড়ী',	0,	0),
(2225,	364,	'',	'পার্বতীপুর',	0,	0),
(2226,	364,	'',	'চৌডালা',	0,	0),
(2227,	364,	'',	'গোমস্তাপুর',	0,	0),
(2228,	364,	'',	'আলীনগর',	0,	0),
(2229,	365,	'',	'ফতেপুর',	0,	0),
(2230,	365,	'',	'কসবা',	0,	0),
(2231,	365,	'',	'নেজামপুর',	0,	0),
(2232,	365,	'',	'নাচোল',	0,	0),
(2233,	363,	'',	'ভোলাহাট',	0,	0),
(2234,	363,	'',	'জামবাড়িয়া',	0,	0),
(2235,	363,	'',	'গোহালবাড়ী',	0,	0),
(2236,	363,	'',	'দলদলী',	0,	0),
(2237,	367,	'',	'বিনোদপুর',	0,	0),
(2238,	367,	'',	'চককির্তী',	0,	0),
(2239,	367,	'',	'দাইপুকুরিয়া',	0,	0),
(2240,	367,	'',	'ধাইনগর',	0,	0),
(2241,	367,	'',	'দুর্লভপুর',	0,	0),
(2242,	367,	'',	'ঘোড়াপাখিয়া',	0,	0),
(2243,	367,	'',	'মোবারকপুর',	0,	0),
(2244,	367,	'',	'মনাকষা',	0,	0),
(2245,	367,	'',	'নয়ালাভাঙ্গা',	0,	0),
(2246,	367,	'',	'পাঁকা',	0,	0),
(2247,	367,	'',	'ছত্রাজিতপুর',	0,	0),
(2248,	367,	'',	'শাহাবাজপুর',	0,	0),
(2249,	367,	'',	'শ্যামপুর',	0,	0),
(2250,	367,	'',	'কানসাট',	0,	0),
(2251,	367,	'',	'উজিরপুর',	0,	0),
(2252,	347,	'',	'মহাদেবপুর ইউনিয়ন',	0,	0),
(2253,	347,	'',	'হাতুড়',	0,	0),
(2254,	347,	'',	'খাজুর ইউনিয়ন',	0,	0),
(2255,	347,	'',	'চাঁন্দাশ',	0,	0),
(2256,	347,	'',	'এনায়েতপুর',	0,	0),
(2257,	347,	'',	'সফাপুর',	0,	0),
(2258,	347,	'',	'উত্তরগ্রাম',	0,	0),
(2259,	347,	'',	'চেরাগপুর',	0,	0),
(2260,	347,	'',	'ভীমপুর',	0,	0),
(2261,	347,	'',	'রাইগাঁ',	0,	0),
(2262,	356,	'',	'বদলগাছী ইউনিয়ন',	0,	0),
(2263,	356,	'',	'মথুরাপুর ইউনিয়ন',	0,	0),
(2264,	356,	'',	'পাহারপুর ইউনিয়ন',	0,	0),
(2265,	356,	'',	'মিঠাপুর ইউনিয়ন',	0,	0),
(2266,	356,	'',	'কোলা ইউনিয়ন',	0,	0),
(2267,	356,	'',	'বিলাশবাড়ী ইউনিয়ন',	0,	0),
(2268,	356,	'',	'আধাইপুর ইউনিয়ন',	0,	0),
(2269,	356,	'',	'বালুভরা ইউনিয়ন',	0,	0),
(2270,	352,	'',	'পত্নীতলা ইউনিয়ন',	0,	0),
(2271,	352,	'',	'নিমইল ইউনিয়ন',	0,	0),
(2272,	352,	'',	'দিবর ইউনিয়ন',	0,	0),
(2273,	352,	'',	'আকবরপুর ইউনিয়ন',	0,	0),
(2274,	352,	'',	'মাটিন্দর ইউনিয়ন',	0,	0),
(2275,	352,	'',	'কৃষ্ণপুর ইউনিয়ন',	0,	0),
(2276,	352,	'',	'পাটিচড়া ইউনিয়ন',	0,	0),
(2277,	352,	'',	'নজিপুর ইউনিয়ন',	0,	0),
(2278,	352,	'',	'ঘষনগর ইউনিয়ন',	0,	0),
(2279,	352,	'',	'আমাইড় ইউনিয়ন',	0,	0),
(2280,	352,	'',	'শিহারা ইউনিয়ন',	0,	0),
(2281,	353,	'',	'ধামইরহাট',	0,	0),
(2282,	353,	'',	'আলমপুর',	0,	0),
(2283,	353,	'',	'উমার ইউনিয়ন',	0,	0),
(2284,	353,	'',	'আড়ানগর',	0,	0),
(2285,	353,	'',	'জাহানপুর',	0,	0),
(2286,	353,	'',	'ইসবপুর',	0,	0),
(2287,	353,	'',	'খেলনা',	0,	0),
(2288,	353,	'',	'আগ্রাদ্বিগুন',	0,	0),
(2289,	349,	'',	'হাজীনগর ইউনিয়ন',	0,	0),
(2290,	349,	'',	'চন্দননগর ইউনিয়ন',	0,	0),
(2291,	349,	'',	'ভাবিচা ইউনিয়ন',	0,	0),
(2292,	349,	'',	'নিয়ামতপুর ইউনিয়ন',	0,	0),
(2293,	349,	'',	'রসুলপুর ইউনিয়ন',	0,	0),
(2294,	349,	'',	'পাড়ইল ইউনিয়ন',	0,	0),
(2295,	349,	'',	'শ্রীমন্তপুর',	0,	0),
(2296,	349,	'',	'বাহাদুরপুর',	0,	0),
(2297,	348,	'',	'ভারশো',	0,	0),
(2298,	348,	'',	'ভালাইন',	0,	0),
(2299,	348,	'',	'পরানপুর',	0,	0),
(2300,	348,	'',	'মান্দা',	0,	0),
(2301,	348,	'',	'গনেশপুর',	0,	0),
(2302,	348,	'',	'মৈনম',	0,	0),
(2303,	348,	'',	'প্রসাদপুর ইউনিয়ন',	0,	0),
(2304,	348,	'',	'কুসুম্বা',	0,	0),
(2305,	348,	'',	'তেঁতুলিয়া',	0,	0),
(2306,	348,	'',	'নূরুল্যাবাদ',	0,	0),
(2307,	348,	'',	'কালিকাপুর',	0,	0),
(2308,	348,	'',	'কাঁশোকাপুর',	0,	0),
(2309,	348,	'',	'কশব ইউনিয়ন',	0,	0),
(2310,	348,	'',	'বিষ্ণপুর',	0,	0),
(2311,	350,	'',	'শাহাগোলা',	0,	0),
(2312,	350,	'',	'ভোঁপড়া',	0,	0),
(2313,	350,	'',	'আহসানগঞ্জ',	0,	0),
(2314,	350,	'',	'পাঁচুপুর',	0,	0),
(2315,	350,	'',	'বিশা',	0,	0),
(2316,	350,	'',	'মনিয়ারী',	0,	0),
(2317,	350,	'',	'কালিকাপুর',	0,	0),
(2318,	350,	'',	'হাটকালুপাড়া',	0,	0),
(2319,	351,	'',	'খট্টেশ্বর রাণীনগর',	0,	0),
(2320,	351,	'',	'কাশিমপুর',	0,	0),
(2321,	351,	'',	'গোনা',	0,	0),
(2322,	351,	'',	'পারইল',	0,	0),
(2323,	351,	'',	'বরগাছা',	0,	0),
(2324,	351,	'',	'কালিগ্রাম',	0,	0),
(2325,	351,	'',	'একডালা',	0,	0),
(2326,	351,	'',	'মিরাট',	0,	0),
(2327,	346,	'',	'বর্ষাইল',	0,	0),
(2328,	346,	'',	'কির্ত্তিপুর',	0,	0),
(2329,	346,	'',	'বক্তারপুর ইউনিয়ন',	0,	0),
(2330,	346,	'',	'তিলোকপুর',	0,	0),
(2331,	346,	'',	'হাপানিয়া',	0,	0),
(2332,	346,	'',	'দুবলহাটী ইউনিয়ন',	0,	0),
(2333,	346,	'',	'বোয়ালিয়া ইউনিয়ন',	0,	0),
(2334,	346,	'',	'হাঁসাইগাড়ী',	0,	0),
(2335,	346,	'',	'চন্ডিপুর',	0,	0),
(2336,	346,	'',	'বলিহার',	0,	0),
(2337,	346,	'',	'শিকারপুর',	0,	0),
(2338,	346,	'',	'শৈলগাছী',	0,	0),
(2339,	355,	'',	'নিতপুর ইউনিয়ন',	0,	0),
(2340,	355,	'',	'তেঁতুলিয়া',	0,	0),
(2341,	355,	'',	'ছাওড়',	0,	0),
(2342,	355,	'',	'গাঙ্গুরিয়া',	0,	0),
(2343,	355,	'',	'ঘাটনগর ইউনিয়ন',	0,	0),
(2344,	355,	'',	'মশিদপুর',	0,	0),
(2345,	354,	'',	'সাপাহার',	0,	0),
(2346,	354,	'',	'তিলনা',	0,	0),
(2347,	354,	'',	'আইহাই',	0,	0),
(2348,	354,	'',	'শিরন্টী',	0,	0),
(2349,	354,	'',	'গোয়ালা',	0,	0),
(2350,	354,	'',	'পাতাড়ী',	0,	0);

DROP TABLE IF EXISTS `upazilas`;
CREATE TABLE `upazilas` (
  `id` int(2) unsigned NOT NULL AUTO_INCREMENT,
  `district_id` int(2) unsigned NOT NULL,
  `name` varchar(30) NOT NULL,
  `bn_name` varchar(50) NOT NULL,
  PRIMARY KEY (`id`),
  KEY `district_id` (`district_id`),
  CONSTRAINT `upazilas_ibfk_1` FOREIGN KEY (`district_id`) REFERENCES `districts` (`id`) ON DELETE CASCADE ON UPDATE CASCADE
) ENGINE=InnoDB AUTO_INCREMENT=493 DEFAULT CHARSET=utf8;

INSERT INTO `upazilas` (`id`, `district_id`, `name`, `bn_name`) VALUES
(1,	34,	'Amtali Upazila',	'আমতলী'),
(2,	34,	'Bamna Upazila',	'বামনা'),
(3,	34,	'Barguna Sadar Upazila',	'বরগুনা সদর'),
(4,	34,	'Betagi Upazila',	'বেতাগি'),
(5,	34,	'Patharghata Upazila',	'পাথরঘাটা'),
(6,	34,	'Taltali Upazila',	'তালতলী'),
(7,	35,	'Muladi Upazila',	'মুলাদি'),
(8,	35,	'Babuganj Upazila',	'বাবুগঞ্জ'),
(9,	35,	'Agailjhara Upazila',	'আগাইলঝরা'),
(10,	35,	'Barisal Sadar Upazila',	'বরিশাল সদর'),
(11,	35,	'Bakerganj Upazila',	'বাকেরগঞ্জ'),
(12,	35,	'Banaripara Upazila',	'বানাড়িপারা'),
(13,	35,	'Gaurnadi Upazila',	'গৌরনদী'),
(14,	35,	'Hizla Upazila',	'হিজলা'),
(15,	35,	'Mehendiganj Upazila',	'মেহেদিগঞ্জ '),
(16,	35,	'Wazirpur Upazila',	'ওয়াজিরপুর'),
(17,	36,	'Bhola Sadar Upazila',	'ভোলা সদর'),
(18,	36,	'Burhanuddin Upazila',	'বুরহানউদ্দিন'),
(19,	36,	'Char Fasson Upazila',	'চর ফ্যাশন'),
(20,	36,	'Daulatkhan Upazila',	'দৌলতখান'),
(21,	36,	'Lalmohan Upazila',	'লালমোহন'),
(22,	36,	'Manpura Upazila',	'মনপুরা'),
(23,	36,	'Tazumuddin Upazila',	'তাজুমুদ্দিন'),
(24,	37,	'Jhalokati Sadar Upazila',	'ঝালকাঠি সদর'),
(25,	37,	'Kathalia Upazila',	'কাঁঠালিয়া'),
(26,	37,	'Nalchity Upazila',	'নালচিতি'),
(27,	37,	'Rajapur Upazila',	'রাজাপুর'),
(28,	38,	'Bauphal Upazila',	'বাউফল'),
(29,	38,	'Dashmina Upazila',	'দশমিনা'),
(30,	38,	'Galachipa Upazila',	'গলাচিপা'),
(31,	38,	'Kalapara Upazila',	'কালাপারা'),
(32,	38,	'Mirzaganj Upazila',	'মির্জাগঞ্জ '),
(33,	38,	'Patuakhali Sadar Upazila',	'পটুয়াখালী সদর'),
(34,	38,	'Dumki Upazila',	'ডুমকি'),
(35,	38,	'Rangabali Upazila',	'রাঙ্গাবালি'),
(36,	39,	'Bhandaria',	'ভ্যান্ডারিয়া'),
(37,	39,	'Kaukhali',	'কাউখালি'),
(38,	39,	'Mathbaria',	'মাঠবাড়িয়া'),
(39,	39,	'Nazirpur',	'নাজিরপুর'),
(40,	39,	'Nesarabad',	'নেসারাবাদ'),
(41,	39,	'Pirojpur Sadar',	'পিরোজপুর সদর'),
(42,	39,	'Zianagar',	'জিয়ানগর'),
(43,	40,	'Bandarban Sadar',	'বান্দরবন সদর'),
(44,	40,	'Thanchi',	'থানচি'),
(45,	40,	'Lama',	'লামা'),
(46,	40,	'Naikhongchhari',	'নাইখংছড়ি '),
(47,	40,	'Ali kadam',	'আলী কদম'),
(48,	40,	'Rowangchhari',	'রউয়াংছড়ি '),
(49,	40,	'Ruma',	'রুমা'),
(50,	41,	'Brahmanbaria Sadar Upazila',	'ব্রাহ্মণবাড়িয়া সদর'),
(51,	41,	'Ashuganj Upazila',	'আশুগঞ্জ'),
(52,	41,	'Nasirnagar Upazila',	'নাসির নগর'),
(53,	41,	'Nabinagar Upazila',	'নবীনগর'),
(54,	41,	'Sarail Upazila',	'সরাইল'),
(55,	41,	'Shahbazpur Town',	'শাহবাজপুর টাউন'),
(56,	41,	'Kasba Upazila',	'কসবা'),
(57,	41,	'Akhaura Upazila',	'আখাউরা'),
(58,	41,	'Bancharampur Upazila',	'বাঞ্ছারামপুর'),
(59,	41,	'Bijoynagar Upazila',	'বিজয় নগর'),
(60,	42,	'Chandpur Sadar',	'চাঁদপুর সদর'),
(61,	42,	'Faridganj',	'ফরিদগঞ্জ'),
(62,	42,	'Haimchar',	'হাইমচর'),
(63,	42,	'Haziganj',	'হাজীগঞ্জ'),
(64,	42,	'Kachua',	'কচুয়া'),
(65,	42,	'Matlab Uttar',	'মতলব উত্তর'),
(66,	42,	'Matlab Dakkhin',	'মতলব দক্ষিণ'),
(67,	42,	'Shahrasti',	'শাহরাস্তি'),
(68,	43,	'Anwara Upazila',	'আনোয়ারা'),
(69,	43,	'Banshkhali Upazila',	'বাশখালি'),
(70,	43,	'Boalkhali Upazila',	'বোয়ালখালি'),
(71,	43,	'Chandanaish Upazila',	'চন্দনাইশ'),
(72,	43,	'Fatikchhari Upazila',	'ফটিকছড়ি'),
(73,	43,	'Hathazari Upazila',	'হাঠহাজারী'),
(74,	43,	'Lohagara Upazila',	'লোহাগারা'),
(75,	43,	'Mirsharai Upazila',	'মিরসরাই'),
(76,	43,	'Patiya Upazila',	'পটিয়া'),
(77,	43,	'Rangunia Upazila',	'রাঙ্গুনিয়া'),
(78,	43,	'Raozan Upazila',	'রাউজান'),
(79,	43,	'Sandwip Upazila',	'সন্দ্বীপ'),
(80,	43,	'Satkania Upazila',	'সাতকানিয়া'),
(81,	43,	'Sitakunda Upazila',	'সীতাকুণ্ড'),
(82,	44,	'Barura Upazila',	'বড়ুরা'),
(83,	44,	'Brahmanpara Upazila',	'ব্রাহ্মণপাড়া'),
(84,	44,	'Burichong Upazila',	'বুড়িচং'),
(85,	44,	'Chandina Upazila',	'চান্দিনা'),
(86,	44,	'Chauddagram Upazila',	'চৌদ্দগ্রাম'),
(87,	44,	'Daudkandi Upazila',	'দাউদকান্দি'),
(88,	44,	'Debidwar Upazila',	'দেবীদ্বার'),
(89,	44,	'Homna Upazila',	'হোমনা'),
(90,	44,	'Comilla Sadar Upazila',	'কুমিল্লা সদর'),
(91,	44,	'Laksam Upazila',	'লাকসাম'),
(92,	44,	'Monohorgonj Upazila',	'মনোহরগঞ্জ'),
(93,	44,	'Meghna Upazila',	'মেঘনা'),
(94,	44,	'Muradnagar Upazila',	'মুরাদনগর'),
(95,	44,	'Nangalkot Upazila',	'নাঙ্গালকোট'),
(96,	44,	'Comilla Sadar South Upazila',	'কুমিল্লা সদর দক্ষিণ'),
(97,	44,	'Titas Upazila',	'তিতাস'),
(98,	45,	'Chakaria Upazila',	'চকরিয়া'),
(100,	45,	'Cox\'s Bazar Sadar Upazila',	'কক্স বাজার সদর'),
(101,	45,	'Kutubdia Upazila',	'কুতুবদিয়া'),
(102,	45,	'Maheshkhali Upazila',	'মহেশখালী'),
(103,	45,	'Ramu Upazila',	'রামু'),
(104,	45,	'Teknaf Upazila',	'টেকনাফ'),
(105,	45,	'Ukhia Upazila',	'উখিয়া'),
(106,	45,	'Pekua Upazila',	'পেকুয়া'),
(107,	46,	'Feni Sadar',	'ফেনী সদর'),
(108,	46,	'Chagalnaiya',	'ছাগল নাইয়া'),
(109,	46,	'Daganbhyan',	'দাগানভিয়া'),
(110,	46,	'Parshuram',	'পরশুরাম'),
(111,	46,	'Fhulgazi',	'ফুলগাজি'),
(112,	46,	'Sonagazi',	'সোনাগাজি'),
(113,	47,	'Dighinala Upazila',	'দিঘিনালা '),
(114,	47,	'Khagrachhari Upazila',	'খাগড়াছড়ি'),
(115,	47,	'Lakshmichhari Upazila',	'লক্ষ্মীছড়ি'),
(116,	47,	'Mahalchhari Upazila',	'মহলছড়ি'),
(117,	47,	'Manikchhari Upazila',	'মানিকছড়ি'),
(118,	47,	'Matiranga Upazila',	'মাটিরাঙ্গা'),
(119,	47,	'Panchhari Upazila',	'পানছড়ি'),
(120,	47,	'Ramgarh Upazila',	'রামগড়'),
(121,	48,	'Lakshmipur Sadar Upazila',	'লক্ষ্মীপুর সদর'),
(122,	48,	'Raipur Upazila',	'রায়পুর'),
(123,	48,	'Ramganj Upazila',	'রামগঞ্জ'),
(124,	48,	'Ramgati Upazila',	'রামগতি'),
(125,	48,	'Komol Nagar Upazila',	'কমল নগর'),
(126,	49,	'Noakhali Sadar Upazila',	'নোয়াখালী সদর'),
(127,	49,	'Begumganj Upazila',	'বেগমগঞ্জ'),
(128,	49,	'Chatkhil Upazila',	'চাটখিল'),
(129,	49,	'Companyganj Upazila',	'কোম্পানীগঞ্জ'),
(130,	49,	'Shenbag Upazila',	'শেনবাগ'),
(131,	49,	'Hatia Upazila',	'হাতিয়া'),
(132,	49,	'Kobirhat Upazila',	'কবিরহাট '),
(133,	49,	'Sonaimuri Upazila',	'সোনাইমুরি'),
(134,	49,	'Suborno Char Upazila',	'সুবর্ণ চর '),
(135,	50,	'Rangamati Sadar Upazila',	'রাঙ্গামাটি সদর'),
(136,	50,	'Belaichhari Upazila',	'বেলাইছড়ি'),
(137,	50,	'Bagaichhari Upazila',	'বাঘাইছড়ি'),
(138,	50,	'Barkal Upazila',	'বরকল'),
(139,	50,	'Juraichhari Upazila',	'জুরাইছড়ি'),
(140,	50,	'Rajasthali Upazila',	'রাজাস্থলি'),
(141,	50,	'Kaptai Upazila',	'কাপ্তাই'),
(142,	50,	'Langadu Upazila',	'লাঙ্গাডু'),
(143,	50,	'Nannerchar Upazila',	'নান্নেরচর '),
(144,	50,	'Kaukhali Upazila',	'কাউখালি'),
(145,	1,	'Dhamrai Upazila',	'ধামরাই'),
(146,	1,	'Dohar Upazila',	'দোহার'),
(147,	1,	'Keraniganj Upazila',	'কেরানীগঞ্জ'),
(148,	1,	'Nawabganj Upazila',	'নবাবগঞ্জ'),
(149,	1,	'Savar Upazila',	'সাভার'),
(150,	2,	'Faridpur Sadar Upazila',	'ফরিদপুর সদর'),
(151,	2,	'Boalmari Upazila',	'বোয়ালমারী'),
(152,	2,	'Alfadanga Upazila',	'আলফাডাঙ্গা'),
(153,	2,	'Madhukhali Upazila',	'মধুখালি'),
(154,	2,	'Bhanga Upazila',	'ভাঙ্গা'),
(155,	2,	'Nagarkanda Upazila',	'নগরকান্ড'),
(156,	2,	'Charbhadrasan Upazila',	'চরভদ্রাসন '),
(157,	2,	'Sadarpur Upazila',	'সদরপুর'),
(158,	2,	'Shaltha Upazila',	'শালথা'),
(159,	3,	'Gazipur Sadar-Joydebpur',	'গাজীপুর সদর'),
(160,	3,	'Kaliakior',	'কালিয়াকৈর'),
(161,	3,	'Kapasia',	'কাপাসিয়া'),
(162,	3,	'Sripur',	'শ্রীপুর'),
(163,	3,	'Kaliganj',	'কালীগঞ্জ'),
(164,	3,	'Tongi',	'টঙ্গি'),
(165,	4,	'Gopalganj Sadar Upazila',	'গোপালগঞ্জ সদর'),
(166,	4,	'Kashiani Upazila',	'কাশিয়ানি'),
(167,	4,	'Kotalipara Upazila',	'কোটালিপাড়া'),
(168,	4,	'Muksudpur Upazila',	'মুকসুদপুর'),
(169,	4,	'Tungipara Upazila',	'টুঙ্গিপাড়া'),
(170,	5,	'Dewanganj Upazila',	'দেওয়ানগঞ্জ'),
(171,	5,	'Baksiganj Upazila',	'বকসিগঞ্জ'),
(172,	5,	'Islampur Upazila',	'ইসলামপুর'),
(173,	5,	'Jamalpur Sadar Upazila',	'জামালপুর সদর'),
(174,	5,	'Madarganj Upazila',	'মাদারগঞ্জ'),
(175,	5,	'Melandaha Upazila',	'মেলানদাহা'),
(176,	5,	'Sarishabari Upazila',	'সরিষাবাড়ি '),
(177,	5,	'Narundi Police I.C',	'নারুন্দি'),
(178,	6,	'Astagram Upazila',	'অষ্টগ্রাম'),
(179,	6,	'Bajitpur Upazila',	'বাজিতপুর'),
(180,	6,	'Bhairab Upazila',	'ভৈরব'),
(181,	6,	'Hossainpur Upazila',	'হোসেনপুর '),
(182,	6,	'Itna Upazila',	'ইটনা'),
(183,	6,	'Karimganj Upazila',	'করিমগঞ্জ'),
(184,	6,	'Katiadi Upazila',	'কতিয়াদি'),
(185,	6,	'Kishoreganj Sadar Upazila',	'কিশোরগঞ্জ সদর'),
(186,	6,	'Kuliarchar Upazila',	'কুলিয়ারচর'),
(187,	6,	'Mithamain Upazila',	'মিঠামাইন'),
(188,	6,	'Nikli Upazila',	'নিকলি'),
(189,	6,	'Pakundia Upazila',	'পাকুন্ডা'),
(190,	6,	'Tarail Upazila',	'তাড়াইল'),
(191,	7,	'Madaripur Sadar',	'মাদারীপুর সদর'),
(192,	7,	'Kalkini',	'কালকিনি'),
(193,	7,	'Rajoir',	'রাজইর'),
(194,	7,	'Shibchar',	'শিবচর'),
(195,	8,	'Manikganj Sadar Upazila',	'মানিকগঞ্জ সদর'),
(196,	8,	'Singair Upazila',	'সিঙ্গাইর'),
(197,	8,	'Shibalaya Upazila',	'শিবালয়'),
(198,	8,	'Saturia Upazila',	'সাঠুরিয়া'),
(199,	8,	'Harirampur Upazila',	'হরিরামপুর'),
(200,	8,	'Ghior Upazila',	'ঘিওর'),
(201,	8,	'Daulatpur Upazila',	'দৌলতপুর'),
(202,	9,	'Lohajang Upazila',	'লোহাজং'),
(203,	9,	'Sreenagar Upazila',	'শ্রীনগর'),
(204,	9,	'Munshiganj Sadar Upazila',	'মুন্সিগঞ্জ সদর'),
(205,	9,	'Sirajdikhan Upazila',	'সিরাজদিখান'),
(206,	9,	'Tongibari Upazila',	'টঙ্গিবাড়ি'),
(207,	9,	'Gazaria Upazila',	'গজারিয়া'),
(208,	10,	'Bhaluka',	'ভালুকা'),
(209,	10,	'Trishal',	'ত্রিশাল'),
(210,	10,	'Haluaghat',	'হালুয়াঘাট'),
(211,	10,	'Muktagachha',	'মুক্তাগাছা'),
(212,	10,	'Dhobaura',	'ধবারুয়া'),
(213,	10,	'Fulbaria',	'ফুলবাড়িয়া'),
(214,	10,	'Gaffargaon',	'গফরগাঁও'),
(215,	10,	'Gauripur',	'গৌরিপুর'),
(216,	10,	'Ishwarganj',	'ঈশ্বরগঞ্জ'),
(217,	10,	'Mymensingh Sadar',	'ময়মনসিং সদর'),
(218,	10,	'Nandail',	'নন্দাইল'),
(219,	10,	'Phulpur',	'ফুলপুর'),
(220,	11,	'Araihazar Upazila',	'আড়াইহাজার'),
(221,	11,	'Sonargaon Upazila',	'সোনারগাঁও'),
(222,	11,	'Bandar',	'বান্দার'),
(223,	11,	'Naryanganj Sadar Upazila',	'নারায়ানগঞ্জ সদর'),
(224,	11,	'Rupganj Upazila',	'রূপগঞ্জ'),
(225,	11,	'Siddirgonj Upazila',	'সিদ্ধিরগঞ্জ'),
(226,	12,	'Belabo Upazila',	'বেলাবো'),
(227,	12,	'Monohardi Upazila',	'মনোহরদি'),
(228,	12,	'Narsingdi Sadar Upazila',	'নরসিংদী সদর'),
(229,	12,	'Palash Upazila',	'পলাশ'),
(230,	12,	'Raipura Upazila, Narsingdi',	'রায়পুর'),
(231,	12,	'Shibpur Upazila',	'শিবপুর'),
(232,	13,	'Kendua Upazilla',	'কেন্দুয়া'),
(233,	13,	'Atpara Upazilla',	'আটপাড়া'),
(234,	13,	'Barhatta Upazilla',	'বরহাট্টা'),
(235,	13,	'Durgapur Upazilla',	'দুর্গাপুর'),
(236,	13,	'Kalmakanda Upazilla',	'কলমাকান্দা'),
(237,	13,	'Madan Upazilla',	'মদন'),
(238,	13,	'Mohanganj Upazilla',	'মোহনগঞ্জ'),
(239,	13,	'Netrakona-S Upazilla',	'নেত্রকোনা সদর'),
(240,	13,	'Purbadhala Upazilla',	'পূর্বধলা'),
(241,	13,	'Khaliajuri Upazilla',	'খালিয়াজুরি'),
(242,	14,	'Baliakandi Upazila',	'বালিয়াকান্দি'),
(243,	14,	'Goalandaghat Upazila',	'গোয়ালন্দ ঘাট'),
(244,	14,	'Pangsha Upazila',	'পাংশা'),
(245,	14,	'Kalukhali Upazila',	'কালুখালি'),
(246,	14,	'Rajbari Sadar Upazila',	'রাজবাড়ি সদর'),
(247,	15,	'Shariatpur Sadar -Palong',	'শরীয়তপুর সদর '),
(248,	15,	'Damudya Upazila',	'দামুদিয়া'),
(249,	15,	'Naria Upazila',	'নড়িয়া'),
(250,	15,	'Jajira Upazila',	'জাজিরা'),
(251,	15,	'Bhedarganj Upazila',	'ভেদারগঞ্জ'),
(252,	15,	'Gosairhat Upazila',	'গোসাইর হাট '),
(253,	16,	'Jhenaigati Upazila',	'ঝিনাইগাতি'),
(254,	16,	'Nakla Upazila',	'নাকলা'),
(255,	16,	'Nalitabari Upazila',	'নালিতাবাড়ি'),
(256,	16,	'Sherpur Sadar Upazila',	'শেরপুর সদর'),
(257,	16,	'Sreebardi Upazila',	'শ্রীবরদি'),
(258,	17,	'Tangail Sadar Upazila',	'টাঙ্গাইল সদর'),
(259,	17,	'Sakhipur Upazila',	'সখিপুর'),
(260,	17,	'Basail Upazila',	'বসাইল'),
(261,	17,	'Madhupur Upazila',	'মধুপুর'),
(262,	17,	'Ghatail Upazila',	'ঘাটাইল'),
(263,	17,	'Kalihati Upazila',	'কালিহাতি'),
(264,	17,	'Nagarpur Upazila',	'নগরপুর'),
(265,	17,	'Mirzapur Upazila',	'মির্জাপুর'),
(266,	17,	'Gopalpur Upazila',	'গোপালপুর'),
(267,	17,	'Delduar Upazila',	'দেলদুয়ার'),
(268,	17,	'Bhuapur Upazila',	'ভুয়াপুর'),
(269,	17,	'Dhanbari Upazila',	'ধানবাড়ি'),
(270,	55,	'Bagerhat Sadar Upazila',	'বাগেরহাট সদর'),
(271,	55,	'Chitalmari Upazila',	'চিতলমাড়ি'),
(272,	55,	'Fakirhat Upazila',	'ফকিরহাট'),
(273,	55,	'Kachua Upazila',	'কচুয়া'),
(274,	55,	'Mollahat Upazila',	'মোল্লাহাট '),
(275,	55,	'Mongla Upazila',	'মংলা'),
(276,	55,	'Morrelganj Upazila',	'মরেলগঞ্জ'),
(277,	55,	'Rampal Upazila',	'রামপাল'),
(278,	55,	'Sarankhola Upazila',	'স্মরণখোলা'),
(279,	56,	'Damurhuda Upazila',	'দামুরহুদা'),
(280,	56,	'Chuadanga-S Upazila',	'চুয়াডাঙ্গা সদর'),
(281,	56,	'Jibannagar Upazila',	'জীবন নগর '),
(282,	56,	'Alamdanga Upazila',	'আলমডাঙ্গা'),
(283,	57,	'Abhaynagar Upazila',	'অভয়নগর'),
(284,	57,	'Keshabpur Upazila',	'কেশবপুর'),
(285,	57,	'Bagherpara Upazila',	'বাঘের পাড়া '),
(286,	57,	'Jessore Sadar Upazila',	'যশোর সদর'),
(287,	57,	'Chaugachha Upazila',	'চৌগাছা'),
(288,	57,	'Manirampur Upazila',	'মনিরামপুর '),
(289,	57,	'Jhikargachha Upazila',	'ঝিকরগাছা'),
(290,	57,	'Sharsha Upazila',	'সারশা'),
(291,	58,	'Jhenaidah Sadar Upazila',	'ঝিনাইদহ সদর'),
(292,	58,	'Maheshpur Upazila',	'মহেশপুর'),
(293,	58,	'Kaliganj Upazila',	'কালীগঞ্জ'),
(294,	58,	'Kotchandpur Upazila',	'কোট চাঁদপুর '),
(295,	58,	'Shailkupa Upazila',	'শৈলকুপা'),
(296,	58,	'Harinakunda Upazila',	'হাড়িনাকুন্দা'),
(297,	59,	'Terokhada Upazila',	'তেরোখাদা'),
(298,	59,	'Batiaghata Upazila',	'বাটিয়াঘাটা '),
(299,	59,	'Dacope Upazila',	'ডাকপে'),
(300,	59,	'Dumuria Upazila',	'ডুমুরিয়া'),
(301,	59,	'Dighalia Upazila',	'দিঘলিয়া'),
(302,	59,	'Koyra Upazila',	'কয়ড়া'),
(303,	59,	'Paikgachha Upazila',	'পাইকগাছা'),
(304,	59,	'Phultala Upazila',	'ফুলতলা'),
(305,	59,	'Rupsa Upazila',	'রূপসা'),
(306,	60,	'Kushtia Sadar',	'কুষ্টিয়া সদর'),
(307,	60,	'Kumarkhali',	'কুমারখালি'),
(308,	60,	'Daulatpur',	'দৌলতপুর'),
(309,	60,	'Mirpur',	'মিরপুর'),
(310,	60,	'Bheramara',	'ভেরামারা'),
(311,	60,	'Khoksa',	'খোকসা'),
(312,	61,	'Magura Sadar Upazila',	'মাগুরা সদর'),
(313,	61,	'Mohammadpur Upazila',	'মোহাম্মাদপুর'),
(314,	61,	'Shalikha Upazila',	'শালিখা'),
(315,	61,	'Sreepur Upazila',	'শ্রীপুর'),
(316,	62,	'angni Upazila',	'আংনি'),
(317,	62,	'Mujib Nagar Upazila',	'মুজিব নগর'),
(318,	62,	'Meherpur-S Upazila',	'মেহেরপুর সদর'),
(319,	63,	'Narail-S Upazilla',	'নড়াইল সদর'),
(320,	63,	'Lohagara Upazilla',	'লোহাগাড়া'),
(321,	63,	'Kalia Upazilla',	'কালিয়া'),
(322,	64,	'Satkhira Sadar Upazila',	'সাতক্ষীরা সদর'),
(323,	64,	'Assasuni Upazila',	'আসসাশুনি '),
(324,	64,	'Debhata Upazila',	'দেভাটা'),
(325,	64,	'Tala Upazila',	'তালা'),
(326,	64,	'Kalaroa Upazila',	'কলরোয়া'),
(327,	64,	'Kaliganj Upazila',	'কালীগঞ্জ'),
(328,	64,	'Shyamnagar Upazila',	'শ্যামনগর'),
(329,	18,	'Adamdighi',	'আদমদিঘী'),
(330,	18,	'Bogra Sadar',	'বগুড়া সদর'),
(331,	18,	'Sherpur',	'শেরপুর'),
(332,	18,	'Dhunat',	'ধুনট'),
(333,	18,	'Dhupchanchia',	'দুপচাচিয়া'),
(334,	18,	'Gabtali',	'গাবতলি'),
(335,	18,	'Kahaloo',	'কাহালু'),
(336,	18,	'Nandigram',	'নন্দিগ্রাম'),
(337,	18,	'Sahajanpur',	'শাহজাহানপুর'),
(338,	18,	'Sariakandi',	'সারিয়াকান্দি'),
(339,	18,	'Shibganj',	'শিবগঞ্জ'),
(340,	18,	'Sonatala',	'সোনাতলা'),
(341,	19,	'Joypurhat S',	'জয়পুরহাট সদর'),
(342,	19,	'Akkelpur',	'আক্কেলপুর'),
(343,	19,	'Kalai',	'কালাই'),
(344,	19,	'Khetlal',	'খেতলাল'),
(345,	19,	'Panchbibi',	'পাঁচবিবি'),
(346,	20,	'Naogaon Sadar Upazila',	'নওগাঁ সদর'),
(347,	20,	'Mohadevpur Upazila',	'মহাদেবপুর'),
(348,	20,	'Manda Upazila',	'মান্দা'),
(349,	20,	'Niamatpur Upazila',	'নিয়ামতপুর'),
(350,	20,	'Atrai Upazila',	'আত্রাই'),
(351,	20,	'Raninagar Upazila',	'রাণীনগর'),
(352,	20,	'Patnitala Upazila',	'পত্নীতলা'),
(353,	20,	'Dhamoirhat Upazila',	'ধামইরহাট '),
(354,	20,	'Sapahar Upazila',	'সাপাহার'),
(355,	20,	'Porsha Upazila',	'পোরশা'),
(356,	20,	'Badalgachhi Upazila',	'বদলগাছি'),
(357,	21,	'Natore Sadar Upazila',	'নাটোর সদর'),
(358,	21,	'Baraigram Upazila',	'বড়াইগ্রাম'),
(359,	21,	'Bagatipara Upazila',	'বাগাতিপাড়া'),
(360,	21,	'Lalpur Upazila',	'লালপুর'),
(361,	21,	'Natore Sadar Upazila',	'নাটোর সদর'),
(362,	21,	'Baraigram Upazila',	'বড়াই গ্রাম'),
(363,	22,	'Bholahat Upazila',	'ভোলাহাট'),
(364,	22,	'Gomastapur Upazila',	'গোমস্তাপুর'),
(365,	22,	'Nachole Upazila',	'নাচোল'),
(366,	22,	'Nawabganj Sadar Upazila',	'নবাবগঞ্জ সদর'),
(367,	22,	'Shibganj Upazila',	'শিবগঞ্জ'),
(368,	23,	'Atgharia Upazila',	'আটঘরিয়া'),
(369,	23,	'Bera Upazila',	'বেড়া'),
(370,	23,	'Bhangura Upazila',	'ভাঙ্গুরা'),
(371,	23,	'Chatmohar Upazila',	'চাটমোহর'),
(372,	23,	'Faridpur Upazila',	'ফরিদপুর'),
(373,	23,	'Ishwardi Upazila',	'ঈশ্বরদী'),
(374,	23,	'Pabna Sadar Upazila',	'পাবনা সদর'),
(375,	23,	'Santhia Upazila',	'সাথিয়া'),
(376,	23,	'Sujanagar Upazila',	'সুজানগর'),
(377,	24,	'Bagha',	'বাঘা'),
(378,	24,	'Bagmara',	'বাগমারা'),
(379,	24,	'Charghat',	'চারঘাট'),
(380,	24,	'Durgapur',	'দুর্গাপুর'),
(381,	24,	'Godagari',	'গোদাগারি'),
(382,	24,	'Mohanpur',	'মোহনপুর'),
(383,	24,	'Paba',	'পবা'),
(384,	24,	'Puthia',	'পুঠিয়া'),
(385,	24,	'Tanore',	'তানোর'),
(386,	25,	'Sirajganj Sadar Upazila',	'সিরাজগঞ্জ সদর'),
(387,	25,	'Belkuchi Upazila',	'বেলকুচি'),
(388,	25,	'Chauhali Upazila',	'চৌহালি'),
(389,	25,	'Kamarkhanda Upazila',	'কামারখান্দা'),
(390,	25,	'Kazipur Upazila',	'কাজীপুর'),
(391,	25,	'Raiganj Upazila',	'রায়গঞ্জ'),
(392,	25,	'Shahjadpur Upazila',	'শাহজাদপুর'),
(393,	25,	'Tarash Upazila',	'তারাশ'),
(394,	25,	'Ullahpara Upazila',	'উল্লাপাড়া'),
(395,	26,	'Birampur Upazila',	'বিরামপুর'),
(396,	26,	'Birganj',	'বীরগঞ্জ'),
(397,	26,	'Biral Upazila',	'বিড়াল'),
(398,	26,	'Bochaganj Upazila',	'বোচাগঞ্জ'),
(399,	26,	'Chirirbandar Upazila',	'চিরিরবন্দর'),
(400,	26,	'Phulbari Upazila',	'ফুলবাড়ি'),
(401,	26,	'Ghoraghat Upazila',	'ঘোড়াঘাট'),
(402,	26,	'Hakimpur Upazila',	'হাকিমপুর'),
(403,	26,	'Kaharole Upazila',	'কাহারোল'),
(404,	26,	'Khansama Upazila',	'খানসামা'),
(405,	26,	'Dinajpur Sadar Upazila',	'দিনাজপুর সদর'),
(406,	26,	'Nawabganj',	'নবাবগঞ্জ'),
(407,	26,	'Parbatipur Upazila',	'পার্বতীপুর'),
(408,	27,	'Fulchhari',	'ফুলছড়ি'),
(409,	27,	'Gaibandha sadar',	'গাইবান্ধা সদর'),
(410,	27,	'Gobindaganj',	'গোবিন্দগঞ্জ'),
(411,	27,	'Palashbari',	'পলাশবাড়ী'),
(412,	27,	'Sadullapur',	'সাদুল্যাপুর'),
(413,	27,	'Saghata',	'সাঘাটা'),
(414,	27,	'Sundarganj',	'সুন্দরগঞ্জ'),
(415,	28,	'Kurigram Sadar',	'কুড়িগ্রাম সদর'),
(416,	28,	'Nageshwari',	'নাগেশ্বরী'),
(417,	28,	'Bhurungamari',	'ভুরুঙ্গামারি'),
(418,	28,	'Phulbari',	'ফুলবাড়ি'),
(419,	28,	'Rajarhat',	'রাজারহাট'),
(420,	28,	'Ulipur',	'উলিপুর'),
(421,	28,	'Chilmari',	'চিলমারি'),
(422,	28,	'Rowmari',	'রউমারি'),
(423,	28,	'Char Rajibpur',	'চর রাজিবপুর'),
(424,	29,	'Lalmanirhat Sadar',	'লালমনিরহাট সদর'),
(425,	29,	'Aditmari',	'আদিতমারি'),
(426,	29,	'Kaliganj',	'কালীগঞ্জ'),
(427,	29,	'Hatibandha',	'হাতিবান্ধা'),
(428,	29,	'Patgram',	'পাটগ্রাম'),
(429,	30,	'Nilphamari Sadar',	'নীলফামারী সদর'),
(430,	30,	'Saidpur',	'সৈয়দপুর'),
(431,	30,	'Jaldhaka',	'জলঢাকা'),
(432,	30,	'Kishoreganj',	'কিশোরগঞ্জ'),
(433,	30,	'Domar',	'ডোমার'),
(434,	30,	'Dimla',	'ডিমলা'),
(435,	31,	'Panchagarh Sadar',	'পঞ্চগড় সদর'),
(436,	31,	'Debiganj',	'দেবীগঞ্জ'),
(437,	31,	'Boda',	'বোদা'),
(438,	31,	'Atwari',	'আটোয়ারি'),
(439,	31,	'Tetulia',	'তেতুলিয়া'),
(440,	32,	'Badarganj',	'বদরগঞ্জ'),
(441,	32,	'Mithapukur',	'মিঠাপুকুর'),
(442,	32,	'Gangachara',	'গঙ্গাচরা'),
(443,	32,	'Kaunia',	'কাউনিয়া'),
(444,	32,	'Rangpur Sadar',	'রংপুর সদর'),
(445,	32,	'Pirgachha',	'পীরগাছা'),
(446,	32,	'Pirganj',	'পীরগঞ্জ'),
(447,	32,	'Taraganj',	'তারাগঞ্জ'),
(448,	33,	'Thakurgaon Sadar Upazila',	'ঠাকুরগাঁও সদর'),
(449,	33,	'Pirganj Upazila',	'পীরগঞ্জ'),
(450,	33,	'Baliadangi Upazila',	'বালিয়াডাঙ্গি'),
(451,	33,	'Haripur Upazila',	'হরিপুর'),
(452,	33,	'Ranisankail Upazila',	'রাণীসংকইল'),
(453,	51,	'Ajmiriganj',	'আজমিরিগঞ্জ'),
(454,	51,	'Baniachang',	'বানিয়াচং'),
(455,	51,	'Bahubal',	'বাহুবল'),
(456,	51,	'Chunarughat',	'চুনারুঘাট'),
(457,	51,	'Habiganj Sadar',	'হবিগঞ্জ সদর'),
(458,	51,	'Lakhai',	'লাক্ষাই'),
(459,	51,	'Madhabpur',	'মাধবপুর'),
(460,	51,	'Nabiganj',	'নবীগঞ্জ'),
(461,	51,	'Shaistagonj Upazila',	'শায়েস্তাগঞ্জ'),
(462,	52,	'Moulvibazar Sadar',	'মৌলভীবাজার'),
(463,	52,	'Barlekha',	'বড়লেখা'),
(464,	52,	'Juri',	'জুড়ি'),
(465,	52,	'Kamalganj',	'কামালগঞ্জ'),
(466,	52,	'Kulaura',	'কুলাউরা'),
(467,	52,	'Rajnagar',	'রাজনগর'),
(468,	52,	'Sreemangal',	'শ্রীমঙ্গল'),
(469,	53,	'Bishwamvarpur',	'বিসশম্ভারপুর'),
(470,	53,	'Chhatak',	'ছাতক'),
(471,	53,	'Derai',	'দেড়াই'),
(472,	53,	'Dharampasha',	'ধরমপাশা'),
(473,	53,	'Dowarabazar',	'দোয়ারাবাজার'),
(474,	53,	'Jagannathpur',	'জগন্নাথপুর'),
(475,	53,	'Jamalganj',	'জামালগঞ্জ'),
(476,	53,	'Sulla',	'সুল্লা'),
(477,	53,	'Sunamganj Sadar',	'সুনামগঞ্জ সদর'),
(478,	53,	'Shanthiganj',	'শান্তিগঞ্জ'),
(479,	53,	'Tahirpur',	'তাহিরপুর'),
(480,	54,	'Sylhet Sadar',	'সিলেট সদর'),
(481,	54,	'Beanibazar',	'বেয়ানিবাজার'),
(482,	54,	'Bishwanath',	'বিশ্বনাথ'),
(483,	54,	'Dakshin Surma Upazila',	'দক্ষিণ সুরমা'),
(484,	54,	'Balaganj',	'বালাগঞ্জ'),
(485,	54,	'Companiganj',	'কোম্পানিগঞ্জ'),
(486,	54,	'Fenchuganj',	'ফেঞ্চুগঞ্জ'),
(487,	54,	'Golapganj',	'গোলাপগঞ্জ'),
(488,	54,	'Gowainghat',	'গোয়াইনঘাট'),
(489,	54,	'Jaintiapur',	'জয়ন্তপুর'),
(490,	54,	'Kanaighat',	'কানাইঘাট'),
(491,	54,	'Zakiganj',	'জাকিগঞ্জ'),
(492,	54,	'Nobigonj',	'নবীগঞ্জ');

DROP TABLE IF EXISTS `users`;
CREATE TABLE `users` (
  `id` int(10) unsigned NOT NULL AUTO_INCREMENT,
  `login` varchar(191) COLLATE utf8mb4_unicode_ci NOT NULL,
  `name` varchar(191) COLLATE utf8mb4_unicode_ci NOT NULL,
  `email` varchar(191) COLLATE utf8mb4_unicode_ci NOT NULL,
  `password` varchar(191) COLLATE utf8mb4_unicode_ci NOT NULL,
  `userType` varchar(191) COLLATE utf8mb4_unicode_ci DEFAULT NULL,
  `roleType` varchar(191) COLLATE utf8mb4_unicode_ci DEFAULT NULL,
  `remember_token` varchar(100) COLLATE utf8mb4_unicode_ci DEFAULT NULL,
  `created_at` timestamp NULL DEFAULT NULL,
  `updated_at` timestamp NULL DEFAULT NULL,
  PRIMARY KEY (`id`),
  UNIQUE KEY `users_email_unique` (`email`)
) ENGINE=InnoDB AUTO_INCREMENT=31 DEFAULT CHARSET=utf8mb4 COLLATE=utf8mb4_unicode_ci;

INSERT INTO `users` (`id`, `login`, `name`, `email`, `password`, `userType`, `roleType`, `remember_token`, `created_at`, `updated_at`) VALUES
(1,	'A1001',	'Asad',	'asadece2k10@gmail.com',	'$2y$10$LHT0aY3nz9MBAJYV4lBWr.1hr3qbaM/2cB.j5/NoGN.Du/HzfS1Oi',	NULL,	NULL,	'EdPlhRXmIetPeS6ugwqpEEteu9fePgi5SsQ35BHE',	'2018-01-07 02:16:44',	'2018-01-07 02:16:44'),
(2,	'A1002',	'Murad',	'murad@chl-bd.com',	'$2y$10$Mu/sc1km7n1u8/vW8/6OMeRH1PfUqNI.ij/3acpgclVIpA8dmiQq2',	NULL,	NULL,	'VjghuuXxb9yZDxgpVzbSijHueXPZA0R3PymPdeYP',	'2018-01-07 03:24:37',	'2018-01-07 03:24:37'),
(4,	'A1003',	'Babul Farazy',	'finance@chl-bd.com',	'$2y$10$0vtUgQ0t.Ilt/ULMc6xkmOg.bq1h5pvdo0RnTEadBmhK24lt.X/Cq',	NULL,	NULL,	'pixBJYQKzSJ1KxMP50pY0aeZveecZa1XfjHgFG6c',	'2018-01-07 03:33:39',	'2018-01-07 03:33:39'),
(6,	'A1004',	'Mynul Islam',	'mynul@chl-bd.com',	'$2y$10$oAB5vFFwQF4fu/X/L.F2ROSymmLWwmEFne5NRcLTayPDwmc4NCcrC',	NULL,	NULL,	'pixBJYQKzSJ1KxMP50pY0aeZveecZa1XfjHgFG6c',	'2018-01-07 03:40:03',	'2018-01-07 03:40:03'),
(7,	'A1005',	'Jahangir Alam',	'Ceo@chl-bd.com',	'$2y$10$ycrQD2HS/K1s5quJA4yBO.CQ7i0czB1bCnjvkz/2yvo8QEXL/APg.',	NULL,	NULL,	'pixBJYQKzSJ1KxMP50pY0aeZveecZa1XfjHgFG6c',	'2018-01-07 04:23:33',	'2018-01-07 04:23:33'),
(8,	'A1006',	'Kawshar Ahmed',	'customercare@chl-bd.com',	'$2y$10$B.hme/tXTVi.trHVPAMmb.s3veAOIi0PQpfUrVmy3rua4Z.ZR9m3m',	NULL,	NULL,	'pixBJYQKzSJ1KxMP50pY0aeZveecZa1XfjHgFG6c',	'2018-01-07 04:24:34',	'2018-01-07 04:24:34'),
(9,	'A1007',	'Manik Bepary',	'manik@chl-bd.com',	'$2y$10$cD2BLhgnxLIxINDUED7bjOUfOOHmGxwWUkSYZOhmxzJKzHhU/sjQu',	NULL,	NULL,	'pixBJYQKzSJ1KxMP50pY0aeZveecZa1XfjHgFG6c',	'2018-01-07 04:25:15',	'2018-01-07 04:25:15'),
(10,	'A1008',	'Al-amin',	'alamin@chl-bd.com',	'$2y$10$T24QhANZ2SqiMv9TucNMwuPRtTNbWiDec503KS67vuvwJuu5mEVBq',	NULL,	NULL,	'pixBJYQKzSJ1KxMP50pY0aeZveecZa1XfjHgFG6c',	'2018-01-07 04:26:18',	'2018-01-07 04:26:18'),
(28,	'muradcse1177',	'Syed Muradul Islam',	'muradcse1177@gmail.com',	'81dc9bdb52d04dc20036dbd8313ed055',	'Hr',	NULL,	'q5ui8NPTrh4FyJp0cj2DyactE1duvI1fZaZVVdsl',	NULL,	NULL),
(29,	'hostel',	'hostel',	'hostel@hostel.com',	'81dc9bdb52d04dc20036dbd8313ed055',	'Hostel Super',	NULL,	'mMNBHRROu7kMjxaEIs5Qy53TaM3S5lsUBLE9Gfcg',	NULL,	NULL),
(30,	'librarian',	'murad1177',	'admin@admin.com',	'81dc9bdb52d04dc20036dbd8313ed055',	'Librarian',	NULL,	'n36tUg5bpLOd6q7Jpq0dQVSqWuI2Ug0dPVfcw3LZ',	NULL,	NULL);

DROP TABLE IF EXISTS `web_calender`;
CREATE TABLE `web_calender` (
  `id` int(11) NOT NULL AUTO_INCREMENT,
  `eventType` varchar(20) NOT NULL,
  `title` varchar(500) NOT NULL,
  `startdate` date NOT NULL,
  `enddate` date NOT NULL,
  PRIMARY KEY (`id`)
) ENGINE=InnoDB AUTO_INCREMENT=8 DEFAULT CHARSET=latin1;

INSERT INTO `web_calender` (`id`, `eventType`, `title`, `startdate`, `enddate`) VALUES
(6,	'holyday',	'26 March',	'2018-03-26',	'2018-03-26'),
(7,	'holyday',	'21 February',	'2018-02-21',	'2018-02-21');

DROP TABLE IF EXISTS `web_contact_us`;
CREATE TABLE `web_contact_us` (
  `id` int(11) NOT NULL AUTO_INCREMENT,
  `name` varchar(100) NOT NULL,
  `email` varchar(50) NOT NULL,
  `phone` varchar(15) NOT NULL,
  `comment` varchar(2000) NOT NULL,
  PRIMARY KEY (`id`)
) ENGINE=InnoDB AUTO_INCREMENT=4 DEFAULT CHARSET=latin1;

INSERT INTO `web_contact_us` (`id`, `name`, `email`, `phone`, `comment`) VALUES
(1,	'Syed Muradul Islam',	'muradcse1177@gmail.com',	'01929877307',	'Contrary to popular belief, Lorem Ipsum is not simply random text. It has roots in a piece of classical Latin literature from 45 BC, making it over 2000 years old. Richard McClintock, a Latin professor at Hampden-Sydney College in Virginia, looked up one of the more obscure Latin words, consectetur, from a Lorem Ipsum passage, and going through the cites of the word in classical literature, discovered the undoubtable source. Lorem Ipsum'),
(2,	'Babul Farazy',	'muradcse1177@gmail.com',	'01929877307',	'Contrary to popular belief, Lorem Ipsum is not simply random text. It has roots in a piece of classical Latin literature from 45 BC, making it over 2000 years old. Richard McClintock, a Latin professor at Hampden-Sydney College in Virginia, looked up one of the more obscure Latin words, consectetur, from a Lorem Ipsum passage, and going through the cites of the word in classical literature, discovered the undoubtable source. Lorem Ipsum'),
(3,	'Asad Nur',	'muradcse1177@gmail.com',	'01929877307',	'Contrary to popular belief, Lorem Ipsum is not simply random text. It has roots in a piece of classical Latin literature from 45 BC, making it over 2000 years old. Richard McClintock, a Latin professor at Hampden-Sydney College in Virginia, looked up one of the more obscure Latin words, consectetur, from a Lorem Ipsum passage, and going through the cites of the word in classical literature, discovered the undoubtable source. Lorem Ipsum');

DROP TABLE IF EXISTS `web_gallery`;
CREATE TABLE `web_gallery` (
  `id` int(11) NOT NULL AUTO_INCREMENT,
  `title` varchar(200) NOT NULL,
  `type` varchar(20) NOT NULL,
  `image` varchar(200) NOT NULL,
  `file` varchar(200) NOT NULL,
  `status` varchar(20) NOT NULL,
  PRIMARY KEY (`id`)
) ENGINE=InnoDB AUTO_INCREMENT=17 DEFAULT CHARSET=latin1;

INSERT INTO `web_gallery` (`id`, `title`, `type`, `image`, `file`, `status`) VALUES
(4,	'Image',	'image',	'/files/uploads/images/profile/1519647136.gallery1.jpg',	'/files/uploads/images/profile/1519647136.gallery1.jpg',	'Active'),
(5,	'Image',	'video',	'/files/uploads/images/profile/1519647168.gallery2.jpg',	'/files/uploads/images/profile/1519647168.gallery2.jpg',	'Active'),
(6,	'Image',	'image',	'/files/uploads/images/profile/1519647190.gallery3.jpg',	'/files/uploads/images/profile/1519647190.gallery3.jpg',	'Active'),
(7,	'Image',	'video',	'/files/uploads/images/profile/1519647262.gallery4.jpg',	'/files/uploads/images/profile/1519647262.gallery4.jpg',	'Active'),
(8,	'Image',	'video',	'/files/uploads/images/profile/1519647277.gallery5.jpg',	'/files/uploads/images/profile/1519647277.gallery5.jpg',	'Active'),
(9,	'Image',	'video',	'/files/uploads/images/profile/1519647288.gallery6.jpg',	'/files/uploads/images/profile/1519647288.gallery6.jpg',	'Active'),
(10,	'Image',	'image',	'/files/uploads/images/profile/1519647332.gallery7.jpg',	'/files/uploads/images/profile/1519647332.gallery7.jpg',	'Active'),
(11,	'Image',	'image',	'/files/uploads/images/profile/1519647350.gallery8.jpg',	'/files/uploads/images/profile/1519647350.gallery8.jpg',	'Active'),
(12,	'Image',	'image',	'/files/uploads/images/profile/1519647361.gallery9.jpg',	'/files/uploads/images/profile/1519647361.gallery9.jpg',	'Active'),
(13,	'Image',	'image',	'/files/uploads/images/profile/1519647380.gallery10.jpg',	'/files/uploads/images/profile/1519647380.gallery10.jpg',	'Active'),
(14,	'Image',	'image',	'/files/uploads/images/profile/1519647391.gallery11.jpg',	'/files/uploads/images/profile/1519647391.gallery11.jpg',	'Active'),
(15,	'Image',	'video',	'/files/uploads/images/profile/1519647403.gallery12.jpg',	'/files/uploads/images/profile/1519647403.gallery12.jpg',	'Active'),
(16,	'Image',	'image',	'/files/uploads/images/profile/1527758988.31138088_576652442710197_6438092814914945024_n.jpg',	'/files/uploads/images/profile/1527758988.31138088_576652442710197_6438092814914945024_n.jpg',	'Inactive');

DROP TABLE IF EXISTS `web_newsletter`;
CREATE TABLE `web_newsletter` (
  `id` int(11) NOT NULL AUTO_INCREMENT,
  `email` varchar(100) NOT NULL,
  PRIMARY KEY (`id`)
) ENGINE=InnoDB AUTO_INCREMENT=9 DEFAULT CHARSET=latin1;

INSERT INTO `web_newsletter` (`id`, `email`) VALUES
(3,	'muradcse1177@gmail.com'),
(4,	'muradcse1177@gmail.com'),
(5,	'muradcse1177@gmail.com'),
(6,	'admin@admin.com'),
(7,	'cuecommbd@gmail.com'),
(8,	'cuecommbd@gmail.com');

DROP TABLE IF EXISTS `web_noticeboard`;
CREATE TABLE `web_noticeboard` (
  `id` int(11) NOT NULL AUTO_INCREMENT,
  `type` varchar(20) NOT NULL,
  `title` varchar(200) NOT NULL,
  `photo` varchar(100) NOT NULL,
  `file` varchar(100) DEFAULT NULL,
  `date` date NOT NULL,
  `notice` varchar(5000) NOT NULL,
  `status` varchar(10) NOT NULL,
  PRIMARY KEY (`id`)
) ENGINE=InnoDB AUTO_INCREMENT=15 DEFAULT CHARSET=latin1;

INSERT INTO `web_noticeboard` (`id`, `type`, `title`, `photo`, `file`, `date`, `notice`, `status`) VALUES
(8,	'noticeboard',	'Result of Class six',	'/files/uploads/images/profile/1519654295.compass-vector-illustration-file-eps-format-32191715.jpg',	'/files/uploads/images/profile/1519654295.compass-vector-illustration-file-eps-format-32191715.jpg',	'2018-02-09',	'On Thursday, 15th February 2018, there will be no classes for students of Grades 5 to 12 as the DPS Model United Nations Conference (DPSMUN II) will be held in the Senior School Campus. Only the students who are the members of the Organising Committee and those who are participating as Delegates in the Conference will report at School at 8.00 am on the 15th.    There will be no transportation service available on Thursday, 15th February 2018.',	'Active'),
(10,	'noticeboard',	'Parent Notice',	'/files/uploads/images/profile/1519655001.compass-vector-illustration-file-eps-format-32191715.jpg',	'/files/uploads/images/profile/1519655001.compass-vector-illustration-file-eps-format-32191715.jpg',	'2018-02-09',	'On Thursday, 15th February 2018, there will be no classes for students of Grades 5 to 12 as the DPS Model United Nations Conference (DPSMUN II) will be held in the Senior School Campus. Only the students who are the members of the Organising Committee and those who are participating as Delegates in the Conference will report at School at 8.00 am on the 15th.    There will be no transportation service available on Thursday, 15th February 2018.',	'Active'),
(11,	'noticeboard',	'Eid-E-Miladunnabi',	'/files/uploads/images/profile/1519655494.compass-vector-illustration-file-eps-format-32191715.jpg',	'/files/uploads/images/profile/1519655494.compass-vector-illustration-file-eps-format-32191715.jpg',	'2018-02-09',	'On Thursday, 15th February 2018, there will be no classes for students of Grades 5 to 12 as the DPS Model United Nations Conference (DPSMUN II) will be held in the Senior School Campus. Only the students who are the members of the Organising Committee and those who are participating as Delegates in the Conference will report at School at 8.00 am on the 15th.    There will be no transportation service available on Thursday, 15th February 2018.',	'Active'),
(12,	'upcoming',	'Eid-E-Miladunnabi',	'/files/uploads/images/profile/1519655841.compass-vector-illustration-file-eps-format-32191715.jpg',	'/files/uploads/images/profile/1519655841.compass-vector-illustration-file-eps-format-32191715.jpg',	'2018-02-09',	'On Thursday, 15th February 2018, there will be no classes for students of Grades 5 to 12 as the DPS Model United Nations Conference (DPSMUN II) will be held in the Senior School Campus. Only the students who are the members of the Organising Committee and those who are participating as Delegates in the Conference will report at School at 8.00 am on the 15th.    There will be no transportation service available on Thursday, 15th February 2018.',	'Active'),
(13,	'upcoming',	'26-March',	'/files/uploads/images/profile/1519656640.compass-vector-illustration-file-eps-format-32191715.jpg',	'/files/uploads/images/profile/1519656640.compass-vector-illustration-file-eps-format-32191715.jpg',	'2018-02-09',	'On Thursday, 15th February 2018, there will be no classes for students of Grades 5 to 12 as the DPS Model United Nations Conference (DPSMUN II) will be held in the Senior School Campus. Only the students who are the members of the Organising Committee and those who are participating as Delegates in the Conference will report at School at 8.00 am on the 15th.    There will be no transportation service available on Thursday, 15th February 2018.',	'Active'),
(14,	'upcoming',	'16-December',	'/files/uploads/images/profile/1519656659.compass-vector-illustration-file-eps-format-32191715.jpg',	'/files/uploads/images/profile/1519656659.compass-vector-illustration-file-eps-format-32191715.jpg',	'2018-02-09',	'On Thursday, 15th February 2018, there will be no classes for students of Grades 5 to 12 as the DPS Model United Nations Conference (DPSMUN II) will be held in the Senior School Campus. Only the students who are the members of the Organising Committee and those who are participating as Delegates in the Conference will report at School at 8.00 am on the 15th.    There will be no transportation service available on Thursday, 15th February 2018.',	'Active');

DROP TABLE IF EXISTS `web_principal_message`;
CREATE TABLE `web_principal_message` (
  `id` int(11) NOT NULL AUTO_INCREMENT,
  `principalName` varchar(100) NOT NULL,
  `photo` varchar(200) NOT NULL,
  `message` varchar(5000) NOT NULL,
  `status` varchar(50) NOT NULL,
  PRIMARY KEY (`id`)
) ENGINE=InnoDB AUTO_INCREMENT=4 DEFAULT CHARSET=latin1;

INSERT INTO `web_principal_message` (`id`, `principalName`, `photo`, `message`, `status`) VALUES
(3,	'Md. Asaduzzaman Nur',	'/files/uploads/images/profile/1519640408.-66422_70495.jpg',	'Education at Parker Elementary School is designed to meet the needs of each individual student. Our school’s mission as written in our School Improvement Plan and states:  It is our mission to develop a positive brain compatible environment. We will work together as a team with the family, school, and community to encourage and motivate all students to reach their fullest potential. It is our goal to use various teaching and learning strategies such as: Life Skills, Lifelong Guidelines, Multiple Intelligences, Bloom\'s Taxonomy, and Cooperative Learning. We will accept the challenge to meet the needs of our school community socially, emotionally, academically, and physically. We will work to protect the self-esteem of each individual and to make every member of the \"Parker Family\" feel special. Our staff and students will become lifelong learners and responsible citizens striving to reach new heights in order to make the world a better place to live.',	'Active');

DROP TABLE IF EXISTS `web_school_info`;
CREATE TABLE `web_school_info` (
  `id` int(11) NOT NULL AUTO_INCREMENT,
  `schoolName` varchar(200) NOT NULL,
  `logo` varchar(200) NOT NULL,
  `aboutSchool` varchar(5000) NOT NULL,
  `totalteacher` int(11) NOT NULL,
  `totalstudent` int(11) NOT NULL,
  `successrate` double NOT NULL,
  `parsat` double NOT NULL,
  `contactNumber1` varchar(15) NOT NULL,
  `contactNumber2` varchar(15) DEFAULT NULL,
  `email` varchar(50) NOT NULL,
  `faxNumber` varchar(50) DEFAULT NULL,
  `address` varchar(500) NOT NULL,
  `establishYear` year(4) NOT NULL,
  `eiinNumber` int(11) NOT NULL,
  `openingDayFrom` varchar(20) DEFAULT NULL,
  `closingDayTo` varchar(20) DEFAULT NULL,
  `facebookLink` varchar(500) DEFAULT NULL,
  `twitterLink` varchar(500) DEFAULT NULL,
  `youtubeLink` varchar(500) DEFAULT NULL,
  `googlPlusLink` varchar(500) DEFAULT NULL,
  `intragramLink` varchar(500) DEFAULT NULL,
  PRIMARY KEY (`id`)
) ENGINE=InnoDB AUTO_INCREMENT=5 DEFAULT CHARSET=latin1;

INSERT INTO `web_school_info` (`id`, `schoolName`, `logo`, `aboutSchool`, `totalteacher`, `totalstudent`, `successrate`, `parsat`, `contactNumber1`, `contactNumber2`, `email`, `faxNumber`, `address`, `establishYear`, `eiinNumber`, `openingDayFrom`, `closingDayTo`, `facebookLink`, `twitterLink`, `youtubeLink`, `googlPlusLink`, `intragramLink`) VALUES
(4,	'Science Technology School & College',	'/files/uploads/images/profile/1519621427.download.jpg',	'Tumwater High School is a comprehensive high school that has an excellent tradition of programs to meet the diverse needs of students and the community. Our programs provide a wide-range of offerings from basic skills classes to accelerated college prep and Advanced Placement (AP) courses. Students can find challenging curriculum at all levels of achievement.   Every student at THS participates in the Senior Culminating Project - 2 Ps as an additional step towards graduation.  The 2 P’s include a senior Presentation and a 13th year Plan. Throughout their four years at THS, students will be exposed to a variety of tools to assist them in taking their next steps in life, whether it is continued education or as a contributing member of the workforce.    Our school also offers a wide range of cocurricular programs. Research indicates that students who become involved in co-curricular activities are more likely to succeed in their academic coursework. Approximately 75% of our students are involved in activities that include athletics, clubs, music, drama, leadership, and community service organizations. Our students earn top recognition and awards for their achievements in co-curricular activities.   The school facility is located at 700 Israel Road and was constructed in 1961. Additions were completed in 1976, 1977, and 1978. A major modernization project was completed in August of 2000. The current facility is 155,890 square feet, and is situated on a 30 acre campus.',	54,	3527,	97.65,	100,	'8801929877307',	'01755680873',	'info@school.com',	'Prim Arcade, Flat-7A, Road-2,House-2, Block-J, Bar',	'Cha, 48/8 Badda, Dhaka-1212',	'1998',	48521,	'Saturday',	'Thusday',	'https://www.facebook.com/',	'https://www.facebook.com/',	'https://www.youtube.com/',	'https://plus.google.com/people',	'https://www.instagram.com/');

DROP TABLE IF EXISTS `web_slide_img`;
CREATE TABLE `web_slide_img` (
  `id` int(11) NOT NULL AUTO_INCREMENT,
  `sliderName` varchar(50) NOT NULL,
  `image` varchar(200) NOT NULL,
  `imageText` varchar(500) NOT NULL,
  `status` varchar(20) NOT NULL,
  PRIMARY KEY (`id`)
) ENGINE=InnoDB AUTO_INCREMENT=22 DEFAULT CHARSET=latin1;

INSERT INTO `web_slide_img` (`id`, `sliderName`, `image`, `imageText`, `status`) VALUES
(17,	'School Ground',	'/files/uploads/images/profile/1519638732.slide2.jpg',	'Kids School Ground',	'Active'),
(18,	'School Ground',	'/files/uploads/images/profile/1519638744.slide1.jpg',	'Kids School Ground',	'Active'),
(19,	'School Ground',	'/files/uploads/images/profile/1519638753.slide3.jpg',	'Kids School Ground',	'Active'),
(20,	'School Ground',	'/files/uploads/images/profile/1519638761.slide4.jpg',	'Kids School Ground',	'Active'),
(21,	'Syed Muradul Islam',	'/files/uploads/images/profile/1527757873.1519713855.final my pic.jpg',	'Murad Pic',	'Inactive');

DROP TABLE IF EXISTS `web_teacher_info`;
CREATE TABLE `web_teacher_info` (
  `id` int(11) NOT NULL AUTO_INCREMENT,
  `name` varchar(100) NOT NULL,
  `designation` varchar(100) NOT NULL,
  `image` varchar(200) NOT NULL,
  `status` varchar(20) NOT NULL,
  PRIMARY KEY (`id`)
) ENGINE=InnoDB AUTO_INCREMENT=12 DEFAULT CHARSET=latin1;

INSERT INTO `web_teacher_info` (`id`, `name`, `designation`, `image`, `status`) VALUES
(3,	'Farzana Easmin',	'Founder',	'/files/uploads/images/profile/1519714787.team1.jpg',	'Active'),
(4,	'Babul Farazy',	'Physician',	'/files/uploads/images/profile/1519714859.team2.jpg',	'Active'),
(6,	'Reshma Islam',	'Teacher',	'/files/uploads/images/profile/1519714943.team3.jpg',	'Active'),
(7,	'Mansura',	'Teacher',	'/files/uploads/images/profile/1519714962.team6.jpg',	'Active'),
(8,	'Toma Das',	'Assistant',	'/files/uploads/images/profile/1519714991.team4.jpg',	'Active'),
(9,	'Tim Cook',	'Sport Teacher',	'/files/uploads/images/profile/1519715033.team5.jpg',	'Active'),
(10,	'Muradul Islam',	'Teacher',	'/files/uploads/images/profile/1527760184.1519713855.final my pic.jpg',	'Active');

DROP TABLE IF EXISTS `web_testimonial`;
CREATE TABLE `web_testimonial` (
  `id` int(11) NOT NULL AUTO_INCREMENT,
  `name` varchar(50) NOT NULL,
  `designation` varchar(100) NOT NULL,
  `image` varchar(200) NOT NULL,
  `description` varchar(5000) NOT NULL,
  `status` varchar(10) NOT NULL,
  PRIMARY KEY (`id`)
) ENGINE=InnoDB AUTO_INCREMENT=8 DEFAULT CHARSET=latin1;

INSERT INTO `web_testimonial` (`id`, `name`, `designation`, `image`, `description`, `status`) VALUES
(5,	'Babul Farazy',	'Accountant',	'/files/uploads/images/profile/1519645207.testimonial3.jpg',	'Laboriosam quas, quos eaque lorem ispuet odio aut eius animi Suspendisse a elementum ante. Nunc aliquet tincidunt quam, non egestas arcu imperdiet et maecenas eu eros non nibh aliquet iaculis..',	'Active'),
(6,	'Jahangir Alam',	'CEO',	'/files/uploads/images/profile/1519645249.testimonial1.jpg',	'Suspendis Lotam tempore optio lorem ispuet doloremque laboriosam quas, quos eaque molestias odio aut eius animi Suspendisse a elementum anteu imperdiet et maecenas eu eros non nibh aliquet iaculis..',	'Active'),
(7,	'Kawser Ahmed',	'Assistant Teacher',	'/files/uploads/images/profile/1519645346.testimonial2.jpg',	'Laudantium totam tempore optio lorem ispuet doloremque aut eius animi Suspendisse a elementum ante. Nunc aliquet tincidunt quam, non egestas arcu imperdiet et maecenas eu eros non nibh aliquet iaculis..',	'Active');

-- 2018-06-04 04:50:44
